company_id,company_name,scenario_id,plan_id,facility_id,facility_name,region,transition_year,baseline_technology_id,baseline_technology_name,technology_id,technology_name,aligned_capex_bn_krw,incremental_capex_bn_krw,capacity_mtpa,output_mt,baseline_emissions_mtco2,emissions_2030_mtco2,emissions_2040_mtco2,residual_emissions_mtco2,annual_avoided_emissions_mtco2,cumulative_avoided_emissions_mtco2,base_case_gross_cost_bn_krw,base_case_policy_support_bn_krw,base_case_net_cost_bn_krw,base_case_capex_cost_bn_krw,base_case_fixed_opex_cost_bn_krw,base_case_electricity_cost_bn_krw,base_case_hydrogen_cost_bn_krw,base_case_contract_premium_bn_krw,base_case_carbon_value_bn_krw,data_status,source_note
POSCO_KR,POSCO,ACCELERATED_15C,P1,POS-POH-N,포항제철소 BF 블록 A,포항,2029,BF_BOF,기준 BF-BOF 복합 블록,SCRAP_EAF,스크랩 기반 대형 EAF,4592.0,2952.0,8.2,7.599998,15.775574,3.419999,3.419999,3.419999,12.355575,148.266898,-603.64,476.581,-1080.221,2382.904,446.25,4329.731,0.0,0.0,-7762.525,model_estimate,POSCO 공식 국내 생산·배출 총량에 맞춘 설비 블록 배분; 개별 생산량·재투자연도는 추정
POSCO_KR,POSCO,ACCELERATED_15C,P1,POS-POH-S,포항제철소 BF 블록 B,포항,2032,BF_BOF,기준 BF-BOF 복합 블록,SCRAP_EAF,스크랩 기반 대형 EAF,4144.0,2664.0,7.4,6.800001,14.114992,14.114992,3.06,3.06,11.054992,99.49493,-438.821,366.266,-805.087,1831.332,274.288,2755.556,0.0,0.0,-5299.996,model_estimate,POSCO 공식 국내 생산·배출 총량에 맞춘 설비 블록 배분; 개별 생산량·재투자연도는 추정
POSCO_KR,POSCO,ACCELERATED_15C,P1,POS-GWY-W,광양제철소 BF 블록 A,광양,2035,BF_BOF,기준 BF-BOF 복합 블록,SCRAP_EAF,스크랩 기반 대형 EAF,5768.0,3708.0,10.3,9.499999,19.719471,19.719471,4.275,4.275,15.444471,92.666828,-39.988,434.155,-474.143,2170.777,263.8,2474.272,0.0,0.0,-4948.836,model_estimate,POSCO 공식 국내 생산·배출 총량에 맞춘 설비 블록 배분; 개별 생산량·재투자연도는 추정
POSCO_KR,POSCO,ACCELERATED_15C,P1,POS-GWY-E,광양제철소 BF 블록 B,광양,2037,BF_BOF,기준 BF-BOF 복합 블록,SCRAP_EAF,스크랩 기반 대형 EAF,5768.0,3708.0,10.3,9.502996,19.725693,19.725693,4.276348,4.276348,15.449344,61.797377,424.066,390.068,33.999,1950.339,166.354,1590.118,0.0,0.0,-3282.745,model_estimate,POSCO 공식 국내 생산·배출 총량에 맞춘 설비 블록 배분; 개별 생산량·재투자연도는 추정
POSCO_KR,POSCO,ACCELERATED_15C,P1,POS-GWY-EAF,광양 기존 EAF 블록,광양,2033,EAF_BASELINE,기존 전기로 기준 블록,EAF_RENEWABLE,기존 EAF 재생전력 업그레이드,312.0,96.0,1.2,1.134,0.5103,0.5103,0.1134,0.1134,0.3969,3.1752,-49.178,9.383,-58.561,62.553,14.814,42.986,0.0,0.0,-169.532,model_estimate,2025 공식 EAF 생산 1.135Mt에 맞춘 모델 블록; 집약도·재투자연도 추정
POSCO_KR,POSCO,ACCELERATED_15C,P2,POS-POH-N,포항제철소 BF 블록 A,포항,2029,BF_BOF,기준 BF-BOF 복합 블록,SCRAP_EAF,스크랩 기반 대형 EAF,4592.0,2952.0,8.2,7.599998,15.775574,3.419999,3.419999,3.419999,12.355575,148.266898,-592.38,477.534,-1069.914,2382.904,446.25,4329.731,0.0,11.26,-7762.525,model_estimate,POSCO 공식 국내 생산·배출 총량에 맞춘 설비 블록 배분; 개별 생산량·재투자연도는 추정
POSCO_KR,POSCO,ACCELERATED_15C,P2,POS-POH-S,포항제철소 BF 블록 B,포항,2032,BF_BOF,기준 BF-BOF 복합 블록,SCRAP_EAF,스크랩 기반 대형 EAF,4144.0,2664.0,7.4,6.800001,14.114992,14.114992,3.06,3.06,11.054992,99.49493,-431.025,366.999,-798.024,1831.332,274.288,2755.556,0.0,7.796,-5299.996,model_estimate,POSCO 공식 국내 생산·배출 총량에 맞춘 설비 블록 배분; 개별 생산량·재투자연도는 추정
POSCO_KR,POSCO,ACCELERATED_15C,P2,POS-GWY-W,광양제철소 BF 블록 A,광양,2035,BF_BOF,기준 BF-BOF 복합 블록,SCRAP_EAF,스크랩 기반 대형 EAF,5768.0,3708.0,10.3,9.499999,19.719471,19.719471,4.275,4.275,15.444471,92.666828,-31.935,435.024,-466.958,2170.777,263.8,2474.272,0.0,8.053,-4948.836,model_estimate,POSCO 공식 국내 생산·배출 총량에 맞춘 설비 블록 배분; 개별 생산량·재투자연도는 추정
POSCO_KR,POSCO,ACCELERATED_15C,P2,POS-GWY-E,광양제철소 BF 블록 B,광양,2037,BF_BOF,기준 BF-BOF 복합 블록,H2_DRI_EAF,수소 DRI + EAF,9270.0,7210.0,10.3,9.502996,19.725693,19.725693,1.900599,1.900599,17.825093,71.300373,11248.125,1452.798,9795.327,3792.327,295.74,1311.15,9617.294,19.169,-3787.555,model_estimate,POSCO 공식 국내 생산·배출 총량에 맞춘 설비 블록 배분; 개별 생산량·재투자연도는 추정
POSCO_KR,POSCO,ACCELERATED_15C,P2,POS-GWY-EAF,광양 기존 EAF 블록,광양,2033,EAF_BASELINE,기존 전기로 기준 블록,EAF_RENEWABLE,기존 EAF 재생전력 업그레이드,312.0,96.0,1.2,1.134,0.5103,0.5103,0.1134,0.1134,0.3969,3.1752,-48.989,9.402,-58.39,62.553,14.814,42.986,0.0,0.19,-169.532,model_estimate,2025 공식 EAF 생산 1.135Mt에 맞춘 모델 블록; 집약도·재투자연도 추정
POSCO_KR,POSCO,ACCELERATED_15C,P3,POS-POH-N,포항제철소 BF 블록 A,포항,2029,BF_BOF,기준 BF-BOF 복합 블록,SCRAP_EAF,스크랩 기반 대형 EAF,4592.0,2952.0,8.2,7.599998,15.775574,3.419999,3.419999,3.419999,12.355575,148.266898,-571.646,479.083,-1050.729,2382.904,446.25,4329.731,0.0,31.994,-7762.525,model_estimate,POSCO 공식 국내 생산·배출 총량에 맞춘 설비 블록 배분; 개별 생산량·재투자연도는 추정
POSCO_KR,POSCO,ACCELERATED_15C,P3,POS-POH-S,포항제철소 BF 블록 B,포항,2032,BF_BOF,기준 BF-BOF 복합 블록,SCRAP_EAF,스크랩 기반 대형 EAF,4144.0,2664.0,7.4,6.800001,14.114992,14.114992,3.06,3.06,11.054992,99.49493,-416.806,368.189,-784.996,1831.332,274.288,2755.556,0.0,22.014,-5299.996,model_estimate,POSCO 공식 국내 생산·배출 총량에 맞춘 설비 블록 배분; 개별 생산량·재투자연도는 추정
POSCO_KR,POSCO,ACCELERATED_15C,P3,POS-GWY-W,광양제철소 BF 블록 A,광양,2035,BF_BOF,기준 BF-BOF 복합 블록,H2_DRI_EAF,수소 DRI + EAF,9270.0,7210.0,10.3,9.499999,19.719471,19.719471,1.9,1.9,17.819471,106.916827,16173.801,2525.656,13648.145,4220.954,468.979,2040.189,15065.694,87.837,-5709.852,model_estimate,POSCO 공식 국내 생산·배출 총량에 맞춘 설비 블록 배분; 개별 생산량·재투자연도는 추정
POSCO_KR,POSCO,ACCELERATED_15C,P3,POS-GWY-E,광양제철소 BF 블록 B,광양,2037,BF_BOF,기준 BF-BOF 복합 블록,H2_DRI_EAF,수소 DRI + EAF,9270.0,7210.0,10.3,9.502996,19.725693,19.725693,1.900599,1.900599,17.825093,71.300373,11290.831,1928.923,9361.908,3792.327,295.74,1311.15,9617.294,61.875,-3787.555,model_estimate,POSCO 공식 국내 생산·배출 총량에 맞춘 설비 블록 배분; 개별 생산량·재투자연도는 추정
POSCO_KR,POSCO,ACCELERATED_15C,P3,POS-GWY-EAF,광양 기존 EAF 블록,광양,2033,EAF_BASELINE,기존 전기로 기준 블록,EAF_RENEWABLE,기존 EAF 재생전력 업그레이드,312.0,96.0,1.2,1.134,0.5103,0.5103,0.1134,0.1134,0.3969,3.1752,-48.656,9.432,-58.089,62.553,14.814,42.986,0.0,0.522,-169.532,model_estimate,2025 공식 EAF 생산 1.135Mt에 맞춘 모델 블록; 집약도·재투자연도 추정
POSCO_KR,POSCO,ACCELERATED_15C,P4,POS-POH-N,포항제철소 BF 블록 A,포항,2028,BF_BOF,기준 BF-BOF 복합 블록,SCRAP_EAF,스크랩 기반 대형 EAF,4592.0,2952.0,8.2,7.599998,15.775574,3.419999,3.419999,3.419999,12.355575,160.622473,-462.119,507.821,-969.939,2513.964,498.029,4771.916,0.0,72.859,-8318.885,model_estimate,POSCO 공식 국내 생산·배출 총량에 맞춘 설비 블록 배분; 개별 생산량·재투자연도는 추정
POSCO_KR,POSCO,ACCELERATED_15C,P4,POS-POH-S,포항제철소 BF 블록 B,포항,2031,BF_BOF,기준 BF-BOF 복합 블록,SCRAP_EAF,스크랩 기반 대형 EAF,4144.0,2664.0,7.4,6.800001,14.114992,14.114992,3.06,3.06,11.054992,110.549922,-453.363,390.275,-843.638,1932.055,313.741,3116.791,0.0,50.488,-5866.439,model_estimate,POSCO 공식 국내 생산·배출 총량에 맞춘 설비 블록 배분; 개별 생산량·재투자연도는 추정
POSCO_KR,POSCO,ACCELERATED_15C,P4,POS-GWY-W,광양제철소 BF 블록 A,광양,2034,BF_BOF,기준 BF-BOF 복합 블록,H2_DRI_EAF,수소 DRI + EAF,9270.0,7210.0,10.3,9.499999,19.719471,19.719471,1.9,1.9,17.819471,124.736298,18973.485,3781.234,15192.251,4453.107,562.858,2424.063,17968.676,230.49,-6665.708,model_estimate,POSCO 공식 국내 생산·배출 총량에 맞춘 설비 블록 배분; 개별 생산량·재투자연도는 추정
POSCO_KR,POSCO,ACCELERATED_15C,P4,POS-GWY-E,광양제철소 BF 블록 B,광양,2036,BF_BOF,기준 BF-BOF 복합 블록,H2_DRI_EAF,수소 DRI + EAF,9270.0,7210.0,10.3,9.502996,19.725693,19.725693,1.900599,1.900599,17.825093,89.125466,13755.45,2844.316,10911.134,4000.905,380.113,1669.535,12286.606,167.284,-4748.992,model_estimate,POSCO 공식 국내 생산·배출 총량에 맞춘 설비 블록 배분; 개별 생산량·재투자연도는 추정
POSCO_KR,POSCO,ACCELERATED_15C,P4,POS-GWY-EAF,광양 기존 EAF 블록,광양,2032,EAF_BASELINE,기존 전기로 기준 블록,EAF_RENEWABLE,기존 EAF 재생전력 업그레이드,312.0,96.0,1.2,1.134,0.5103,0.5103,0.1134,0.1134,0.3969,3.5721,-56.748,9.998,-66.746,65.994,17.153,49.235,0.0,1.152,-190.282,model_estimate,2025 공식 EAF 생산 1.135Mt에 맞춘 모델 블록; 집약도·재투자연도 추정
POSCO_KR,POSCO,ACCELERATED_15C,P5,POS-POH-N,포항제철소 BF 블록 A,포항,2028,BF_BOF,기준 BF-BOF 복합 블록,SCRAP_EAF,스크랩 기반 대형 EAF,4592.0,2952.0,8.2,7.599998,15.775574,3.419999,3.419999,3.419999,12.355575,160.622473,-410.617,510.963,-921.58,2513.964,498.029,4771.916,0.0,124.36,-8318.885,model_estimate,POSCO 공식 국내 생산·배출 총량에 맞춘 설비 블록 배분; 개별 생산량·재투자연도는 추정
POSCO_KR,POSCO,ACCELERATED_15C,P5,POS-POH-S,포항제철소 BF 블록 B,포항,2031,BF_BOF,기준 BF-BOF 복합 블록,H2_DRI_EAF,수소 DRI + EAF,6660.0,5180.0,7.4,6.800001,14.114992,14.114992,1.36,1.36,12.754992,127.549923,20207.627,5275.577,14932.049,3756.773,588.264,2560.221,19645.832,425.096,-6768.561,model_estimate,POSCO 공식 국내 생산·배출 총량에 맞춘 설비 블록 배분; 개별 생산량·재투자연도는 추정
POSCO_KR,POSCO,ACCELERATED_15C,P5,POS-GWY-W,광양제철소 BF 블록 A,광양,2034,BF_BOF,기준 BF-BOF 복합 블록,H2_DRI_EAF,수소 DRI + EAF,9270.0,7210.0,10.3,9.499999,19.719471,19.719471,1.9,1.9,17.819471,124.736298,19149.771,5042.965,14106.806,4453.107,562.858,2424.063,17968.676,406.775,-6665.708,model_estimate,POSCO 공식 국내 생산·배출 총량에 맞춘 설비 블록 배분; 개별 생산량·재투자연도는 추정
POSCO_KR,POSCO,ACCELERATED_15C,P5,POS-GWY-E,광양제철소 BF 블록 B,광양,2036,BF_BOF,기준 BF-BOF 복합 블록,H2_DRI_EAF,수소 DRI + EAF,9270.0,7210.0,10.3,9.502996,19.725693,19.725693,1.900599,1.900599,17.825093,89.125466,13882.055,3693.442,10188.613,4000.905,380.113,1669.535,12286.606,293.889,-4748.992,model_estimate,POSCO 공식 국내 생산·배출 총량에 맞춘 설비 블록 배분; 개별 생산량·재투자연도는 추정
POSCO_KR,POSCO,ACCELERATED_15C,P5,POS-GWY-EAF,광양 기존 EAF 블록,광양,2032,EAF_BASELINE,기존 전기로 기준 블록,EAF_RENEWABLE,기존 EAF 재생전력 업그레이드,312.0,96.0,1.2,1.134,0.5103,0.5103,0.1134,0.1134,0.3969,3.5721,-55.966,10.06,-66.026,65.994,17.153,49.235,0.0,1.934,-190.282,model_estimate,2025 공식 EAF 생산 1.135Mt에 맞춘 모델 블록; 집약도·재투자연도 추정
POSCO_KR,POSCO,ACCELERATED_15C,P6,POS-POH-N,포항제철소 BF 블록 A,포항,2028,BF_BOF,기준 BF-BOF 복합 블록,H2_DRI_EAF,수소 DRI + EAF,7380.0,5740.0,8.2,7.599998,15.775574,1.52,1.52,1.52,14.255574,185.322466,31885.598,10532.348,21353.25,4888.262,933.804,3919.788,30563.71,1178.17,-9598.136,model_estimate,POSCO 공식 국내 생산·배출 총량에 맞춘 설비 블록 배분; 개별 생산량·재투자연도는 추정
POSCO_KR,POSCO,ACCELERATED_15C,P6,POS-POH-S,포항제철소 BF 블록 B,포항,2030,BF_BOF,기준 BF-BOF 복합 블록,H2_DRI_EAF,수소 DRI + EAF,6660.0,5180.0,7.4,6.800001,14.114992,1.36,1.36,1.36,12.754992,140.304916,23059.49,7601.061,15458.428,3963.396,666.308,2866.569,22102.804,865.766,-7405.354,model_estimate,POSCO 공식 국내 생산·배출 총량에 맞춘 설비 블록 배분; 개별 생산량·재투자연도는 추정
POSCO_KR,POSCO,ACCELERATED_15C,P6,POS-GWY-W,광양제철소 BF 블록 A,광양,2033,BF_BOF,기준 BF-BOF 복합 블록,H2_DRI_EAF,수소 DRI + EAF,9270.0,7210.0,10.3,9.499999,19.719471,19.719471,1.9,1.9,17.819471,142.555769,22419.124,7358.665,15060.459,4698.028,661.901,2820.903,20996.458,853.269,-7611.436,model_estimate,POSCO 공식 국내 생산·배출 총량에 맞춘 설비 블록 배분; 개별 생산량·재투자연도는 추정
POSCO_KR,POSCO,ACCELERATED_15C,P6,POS-GWY-E,광양제철소 BF 블록 B,광양,2035,BF_BOF,기준 BF-BOF 복합 블록,H2_DRI_EAF,수소 DRI + EAF,9270.0,7210.0,10.3,9.502996,19.725693,19.725693,1.900599,1.900599,17.825093,106.95056,16727.913,5464.104,11263.809,4220.954,469.127,2040.833,15070.448,638.205,-5711.654,model_estimate,POSCO 공식 국내 생산·배출 총량에 맞춘 설비 블록 배분; 개별 생산량·재투자연도는 추정
POSCO_KR,POSCO,ACCELERATED_15C,P6,POS-GWY-EAF,광양 기존 EAF 블록,광양,2031,EAF_BASELINE,기존 전기로 기준 블록,EAF_RENEWABLE,기존 EAF 재생전력 업그레이드,312.0,96.0,1.2,1.134,0.5103,0.5103,0.1134,0.1134,0.3969,3.969,-61.86,10.754,-72.614,69.624,19.62,55.69,0.0,3.826,-210.619,model_estimate,2025 공식 EAF 생산 1.135Mt에 맞춘 모델 블록; 집약도·재투자연도 추정
POSCO_KR,POSCO,ACCELERATED_15C,P7,POS-POH-N,포항제철소 BF 블록 A,포항,2028,BF_BOF,기준 BF-BOF 복합 블록,H2_DRI_EAF,수소 DRI + EAF,7380.0,5740.0,8.2,7.599998,15.775574,1.52,1.52,1.52,14.255574,185.322466,32399.39,11849.385,20550.005,4888.262,933.804,3919.788,30563.71,1691.962,-9598.136,model_estimate,POSCO 공식 국내 생산·배출 총량에 맞춘 설비 블록 배분; 개별 생산량·재투자연도는 추정
POSCO_KR,POSCO,ACCELERATED_15C,P7,POS-POH-S,포항제철소 BF 블록 B,포항,2029,BF_BOF,기준 BF-BOF 복합 블록,H2_DRI_EAF,수소 DRI + EAF,6660.0,5180.0,7.4,6.800001,14.114992,1.36,1.36,1.36,12.754992,153.059908,26143.463,9542.138,16601.325,4181.383,748.644,3182.191,24668.192,1376.518,-8013.464,model_estimate,POSCO 공식 국내 생산·배출 총량에 맞춘 설비 블록 배분; 개별 생산량·재투자연도는 추정
POSCO_KR,POSCO,ACCELERATED_15C,P7,POS-GWY-W,광양제철소 BF 블록 A,광양,2032,BF_BOF,기준 BF-BOF 복합 블록,H2_DRI_EAF,수소 DRI + EAF,9270.0,7210.0,10.3,9.499999,19.719471,19.719471,1.9,1.9,17.819471,160.37524,25954.608,9407.714,16546.894,4956.419,766.392,3230.976,24153.987,1389.864,-8543.03,model_estimate,POSCO 공식 국내 생산·배출 총량에 맞춘 설비 블록 배분; 개별 생산량·재투자연도는 추정
POSCO_KR,POSCO,ACCELERATED_15C,P7,POS-GWY-E,광양제철소 BF 블록 B,광양,2034,BF_BOF,기준 BF-BOF 복합 블록,H2_DRI_EAF,수소 DRI + EAF,9270.0,7210.0,10.3,9.502996,19.725693,19.725693,1.900599,1.900599,17.825093,124.775653,19815.395,7128.028,12687.367,4453.107,563.036,2424.828,17974.345,1067.891,-6667.811,model_estimate,POSCO 공식 국내 생산·배출 총량에 맞춘 설비 블록 배분; 개별 생산량·재투자연도는 추정
POSCO_KR,POSCO,ACCELERATED_15C,P7,POS-GWY-EAF,광양 기존 EAF 블록,광양,2030,EAF_BASELINE,기존 전기로 기준 블록,EAF_RENEWABLE,기존 EAF 재생전력 업그레이드,312.0,96.0,1.2,1.134,0.5103,0.1134,0.1134,0.1134,0.3969,4.3659,-66.458,11.489,-77.947,73.453,22.223,62.353,0.0,5.946,-230.434,model_estimate,2025 공식 EAF 생산 1.135Mt에 맞춘 모델 블록; 집약도·재투자연도 추정
POSCO_KR,POSCO,ACCELERATED_15C,CURRENT,POS-POH-N,포항제철소 BF 블록 A,포항,2027,BF_BOF,기준 BF-BOF 복합 블록,SCRAP_EAF,스크랩 기반 대형 EAF,4592.0,2952.0,8.2,7.599998,15.775574,3.419999,3.419999,3.419999,12.355575,172.978048,-373.806,532.568,-906.374,2652.232,552.654,5226.95,0.0,31.517,-8837.159,model_estimate,POSCO 공식 국내 생산·배출 총량에 맞춘 설비 블록 배분; 개별 생산량·재투자연도는 추정
POSCO_KR,POSCO,ACCELERATED_15C,CURRENT,POS-POH-S,포항제철소 BF 블록 B,포항,2030,BF_BOF,기준 BF-BOF 복합 블록,SCRAP_EAF,스크랩 기반 대형 EAF,4144.0,2664.0,7.4,6.800001,14.114992,3.06,3.06,3.06,11.054992,121.604914,-512.829,409.294,-922.123,2038.318,355.364,3489.736,0.0,22.112,-6418.36,model_estimate,POSCO 공식 국내 생산·배출 총량에 맞춘 설비 블록 배분; 개별 생산량·재투자연도는 추정
POSCO_KR,POSCO,ACCELERATED_15C,CURRENT,POS-GWY-W,광양제철소 BF 블록 A,광양,2033,BF_BOF,기준 BF-BOF 복합 블록,H2_DRI_EAF,수소 DRI + EAF,9270.0,7210.0,10.3,9.499999,19.719471,19.719471,1.9,1.9,17.819471,142.555769,21637.923,2481.075,19156.847,4698.028,661.901,2820.903,20996.458,72.069,-7611.436,model_estimate,POSCO 공식 국내 생산·배출 총량에 맞춘 설비 블록 배분; 개별 생산량·재투자연도는 추정
POSCO_KR,POSCO,ACCELERATED_15C,CURRENT,POS-GWY-E,광양제철소 BF 블록 B,광양,2035,BF_BOF,기준 BF-BOF 복합 블록,H2_DRI_EAF,수소 DRI + EAF,9270.0,7210.0,10.3,9.502996,19.725693,19.725693,1.900599,1.900599,17.825093,106.95056,16144.896,2021.496,14123.4,4220.954,469.127,2040.833,15070.448,55.188,-5711.654,model_estimate,POSCO 공식 국내 생산·배출 총량에 맞춘 설비 블록 배분; 개별 생산량·재투자연도는 추정
POSCO_KR,POSCO,ACCELERATED_15C,CURRENT,POS-GWY-EAF,광양 기존 EAF 블록,광양,2031,EAF_BASELINE,기존 전기로 기준 블록,EAF_RENEWABLE,기존 EAF 재생전력 업그레이드,312.0,96.0,1.2,1.134,0.5103,0.5103,0.1134,0.1134,0.3969,3.969,-65.184,10.485,-75.669,69.624,19.62,55.69,0.0,0.501,-210.619,model_estimate,2025 공식 EAF 생산 1.135Mt에 맞춘 모델 블록; 집약도·재투자연도 추정
POSCO_KR,POSCO,DISCLOSED_PATH,P1,POS-POH-N,포항제철소 BF 블록 A,포항,2029,BF_BOF,기준 BF-BOF 복합 블록,BF_RELINE,BF 개수·효율 패키지,2050.0,410.0,8.2,7.599998,15.775574,14.439996,14.439996,14.439996,1.335578,16.026936,-13.764,0.0,-13.764,330.959,167.344,70.254,0.0,0.0,-582.32,model_estimate,POSCO 공식 국내 생산·배출 총량에 맞춘 설비 블록 배분; 개별 생산량·재투자연도는 추정
POSCO_KR,POSCO,DISCLOSED_PATH,P1,POS-POH-S,포항제철소 BF 블록 B,포항,2032,BF_BOF,기준 BF-BOF 복합 블록,BF_RELINE,BF 개수·효율 패키지,1850.0,370.0,7.4,6.800001,14.114992,14.114992,12.920001,12.920001,1.194991,10.754922,9.531,0.0,9.531,254.352,102.858,44.141,0.0,0.0,-391.819,model_estimate,POSCO 공식 국내 생산·배출 총량에 맞춘 설비 블록 배분; 개별 생산량·재투자연도는 추정
POSCO_KR,POSCO,DISCLOSED_PATH,P1,POS-GWY-W,광양제철소 BF 블록 A,광양,2035,BF_BOF,기준 BF-BOF 복합 블록,SCRAP_EAF,스크랩 기반 대형 EAF,5768.0,3708.0,10.3,9.499999,19.719471,19.719471,4.275,4.275,15.444471,92.666828,1274.002,325.616,948.385,2170.777,263.8,2193.372,0.0,0.0,-3353.947,model_estimate,POSCO 공식 국내 생산·배출 총량에 맞춘 설비 블록 배분; 개별 생산량·재투자연도는 추정
POSCO_KR,POSCO,DISCLOSED_PATH,P1,POS-GWY-E,광양제철소 BF 블록 B,광양,2037,BF_BOF,기준 BF-BOF 복합 블록,SCRAP_EAF,스크랩 기반 대형 EAF,5768.0,3708.0,10.3,9.502996,19.725693,19.725693,4.276348,4.276348,15.449344,61.797377,1297.81,292.551,1005.259,1950.339,166.354,1399.213,0.0,0.0,-2218.097,model_estimate,POSCO 공식 국내 생산·배출 총량에 맞춘 설비 블록 배분; 개별 생산량·재투자연도는 추정
POSCO_KR,POSCO,DISCLOSED_PATH,P1,POS-GWY-EAF,광양 기존 EAF 블록,광양,2033,EAF_BASELINE,기존 전기로 기준 블록,EAF_RENEWABLE,기존 EAF 재생전력 업그레이드,312.0,96.0,1.2,1.134,0.5103,0.5103,0.1134,0.1134,0.3969,3.1752,0.246,6.255,-6.009,62.553,14.814,38.405,0.0,0.0,-115.527,model_estimate,2025 공식 EAF 생산 1.135Mt에 맞춘 모델 블록; 집약도·재투자연도 추정
POSCO_KR,POSCO,DISCLOSED_PATH,P2,POS-POH-N,포항제철소 BF 블록 A,포항,2029,BF_BOF,기준 BF-BOF 복합 블록,BF_RELINE,BF 개수·효율 패키지,2050.0,410.0,8.2,7.599998,15.775574,14.439996,14.439996,14.439996,1.335578,16.026936,-12.997,0.0,-12.997,330.959,167.344,70.254,0.0,0.767,-582.32,model_estimate,POSCO 공식 국내 생산·배출 총량에 맞춘 설비 블록 배분; 개별 생산량·재투자연도는 추정
POSCO_KR,POSCO,DISCLOSED_PATH,P2,POS-POH-S,포항제철소 BF 블록 B,포항,2032,BF_BOF,기준 BF-BOF 복합 블록,BF_RELINE,BF 개수·효율 패키지,1850.0,370.0,7.4,6.800001,14.114992,14.114992,12.920001,12.920001,1.194991,10.754922,10.106,0.0,10.106,254.352,102.858,44.141,0.0,0.575,-391.819,model_estimate,POSCO 공식 국내 생산·배출 총량에 맞춘 설비 블록 배분; 개별 생산량·재투자연도는 추정
POSCO_KR,POSCO,DISCLOSED_PATH,P2,POS-GWY-W,광양제철소 BF 블록 A,광양,2035,BF_BOF,기준 BF-BOF 복합 블록,SCRAP_EAF,스크랩 기반 대형 EAF,5768.0,3708.0,10.3,9.499999,19.719471,19.719471,4.275,4.275,15.444471,92.666828,1281.633,326.268,955.366,2170.777,263.8,2193.372,0.0,7.632,-3353.947,model_estimate,POSCO 공식 국내 생산·배출 총량에 맞춘 설비 블록 배분; 개별 생산량·재투자연도는 추정
POSCO_KR,POSCO,DISCLOSED_PATH,P2,POS-GWY-E,광양제철소 BF 블록 B,광양,2037,BF_BOF,기준 BF-BOF 복합 블록,H2_DRI_EAF,수소 DRI + EAF,9270.0,7210.0,10.3,9.502996,19.725693,19.725693,1.900599,1.900599,17.825093,71.300373,11451.871,1050.235,10401.636,3792.327,295.74,1153.737,8751.189,18.066,-2559.188,model_estimate,POSCO 공식 국내 생산·배출 총량에 맞춘 설비 블록 배분; 개별 생산량·재투자연도는 추정
POSCO_KR,POSCO,DISCLOSED_PATH,P2,POS-GWY-EAF,광양 기존 EAF 블록,광양,2033,EAF_BASELINE,기존 전기로 기준 블록,EAF_RENEWABLE,기존 EAF 재생전력 업그레이드,312.0,96.0,1.2,1.134,0.5103,0.5103,0.1134,0.1134,0.3969,3.1752,0.429,6.268,-5.839,62.553,14.814,38.405,0.0,0.183,-115.527,model_estimate,2025 공식 EAF 생산 1.135Mt에 맞춘 모델 블록; 집약도·재투자연도 추정
POSCO_KR,POSCO,DISCLOSED_PATH,P3,POS-POH-N,포항제철소 BF 블록 A,포항,2029,BF_BOF,기준 BF-BOF 복합 블록,BF_RELINE,BF 개수·효율 패키지,2050.0,410.0,8.2,7.599998,15.775574,14.439996,14.439996,14.439996,1.335578,16.026936,-11.71,0.0,-11.71,330.959,167.344,70.254,0.0,2.054,-582.32,model_estimate,POSCO 공식 국내 생산·배출 총량에 맞춘 설비 블록 배분; 개별 생산량·재투자연도는 추정
POSCO_KR,POSCO,DISCLOSED_PATH,P3,POS-POH-S,포항제철소 BF 블록 B,포항,2032,BF_BOF,기준 BF-BOF 복합 블록,BF_RELINE,BF 개수·효율 패키지,1850.0,370.0,7.4,6.800001,14.114992,14.114992,12.920001,12.920001,1.194991,10.754922,11.065,0.0,11.065,254.352,102.858,44.141,0.0,1.534,-391.819,model_estimate,POSCO 공식 국내 생산·배출 총량에 맞춘 설비 블록 배분; 개별 생산량·재투자연도는 추정
POSCO_KR,POSCO,DISCLOSED_PATH,P3,POS-GWY-W,광양제철소 BF 블록 A,광양,2035,BF_BOF,기준 BF-BOF 복합 블록,H2_DRI_EAF,수소 DRI + EAF,9270.0,7210.0,10.3,9.499999,19.719471,19.719471,1.9,1.9,17.819471,106.916827,16507.886,1792.019,14715.867,4220.954,468.979,1808.57,13797.051,82.038,-3869.706,model_estimate,POSCO 공식 국내 생산·배출 총량에 맞춘 설비 블록 배분; 개별 생산량·재투자연도는 추정
POSCO_KR,POSCO,DISCLOSED_PATH,P3,POS-GWY-E,광양제철소 BF 블록 B,광양,2037,BF_BOF,기준 BF-BOF 복합 블록,H2_DRI_EAF,수소 DRI + EAF,9270.0,7210.0,10.3,9.502996,19.725693,19.725693,1.900599,1.900599,17.825093,71.300373,11491.723,1376.256,10115.467,3792.327,295.74,1153.737,8751.189,57.918,-2559.188,model_estimate,POSCO 공식 국내 생산·배출 총량에 맞춘 설비 블록 배분; 개별 생산량·재투자연도는 추정
POSCO_KR,POSCO,DISCLOSED_PATH,P3,POS-GWY-EAF,광양 기존 EAF 블록,광양,2033,EAF_BASELINE,기존 전기로 기준 블록,EAF_RENEWABLE,기존 EAF 재생전력 업그레이드,312.0,96.0,1.2,1.134,0.5103,0.5103,0.1134,0.1134,0.3969,3.1752,0.747,6.288,-5.541,62.553,14.814,38.405,0.0,0.501,-115.527,model_estimate,2025 공식 EAF 생산 1.135Mt에 맞춘 모델 블록; 집약도·재투자연도 추정
POSCO_KR,POSCO,DISCLOSED_PATH,P4,POS-POH-N,포항제철소 BF 블록 A,포항,2028,BF_BOF,기준 BF-BOF 복합 블록,BF_RELINE,BF 개수·효율 패키지,2050.0,410.0,8.2,7.599998,15.775574,14.439996,14.439996,14.439996,1.335578,17.362514,-10.432,0.0,-10.432,349.162,186.761,77.762,0.0,4.269,-628.385,model_estimate,POSCO 공식 국내 생산·배출 총량에 맞춘 설비 블록 배분; 개별 생산량·재투자연도는 추정
POSCO_KR,POSCO,DISCLOSED_PATH,P4,POS-POH-S,포항제철소 BF 블록 B,포항,2031,BF_BOF,기준 BF-BOF 복합 블록,BF_RELINE,BF 개수·효율 패키지,1850.0,370.0,7.4,6.800001,14.114992,14.114992,12.920001,12.920001,1.194991,11.949913,3.818,0.0,3.818,268.341,117.653,50.138,0.0,3.185,-435.499,model_estimate,POSCO 공식 국내 생산·배출 총량에 맞춘 설비 블록 배분; 개별 생산량·재투자연도는 추정
POSCO_KR,POSCO,DISCLOSED_PATH,P4,POS-GWY-W,광양제철소 BF 블록 A,광양,2034,BF_BOF,기준 BF-BOF 복합 블록,H2_DRI_EAF,수소 DRI + EAF,9270.0,7210.0,10.3,9.499999,19.719471,19.719471,1.9,1.9,17.819471,124.736298,19369.028,2655.076,16713.952,4453.107,562.858,2157.145,16509.633,214.689,-4528.405,model_estimate,POSCO 공식 국내 생산·배출 총량에 맞춘 설비 블록 배분; 개별 생산량·재투자연도는 추정
POSCO_KR,POSCO,DISCLOSED_PATH,P4,POS-GWY-E,광양제철소 BF 블록 B,광양,2036,BF_BOF,기준 BF-BOF 복합 블록,H2_DRI_EAF,수소 DRI + EAF,9270.0,7210.0,10.3,9.502996,19.725693,19.725693,1.900599,1.900599,17.825093,89.125466,14013.195,2005.897,12007.299,4000.905,380.113,1474.45,11215.534,155.693,-3213.5,model_estimate,POSCO 공식 국내 생산·배출 총량에 맞춘 설비 블록 배분; 개별 생산량·재투자연도는 추정
POSCO_KR,POSCO,DISCLOSED_PATH,P4,POS-GWY-EAF,광양 기존 EAF 블록,광양,2032,EAF_BASELINE,기존 전기로 기준 블록,EAF_RENEWABLE,기존 EAF 재생전력 업그레이드,312.0,96.0,1.2,1.134,0.5103,0.5103,0.1134,0.1134,0.3969,3.5721,-1.722,6.665,-8.387,65.994,17.153,44.167,0.0,1.102,-130.137,model_estimate,2025 공식 EAF 생산 1.135Mt에 맞춘 모델 블록; 집약도·재투자연도 추정
POSCO_KR,POSCO,DISCLOSED_PATH,P5,POS-POH-N,포항제철소 BF 블록 A,포항,2028,BF_BOF,기준 BF-BOF 복합 블록,BF_RELINE,BF 개수·효율 패키지,2050.0,410.0,8.2,7.599998,15.775574,14.439996,14.439996,14.439996,1.335578,17.362514,-7.666,0.0,-7.666,349.162,186.761,77.762,0.0,7.035,-628.385,model_estimate,POSCO 공식 국내 생산·배출 총량에 맞춘 설비 블록 배분; 개별 생산량·재투자연도는 추정
POSCO_KR,POSCO,DISCLOSED_PATH,P5,POS-POH-S,포항제철소 BF 블록 B,포항,2031,BF_BOF,기준 BF-BOF 복합 블록,H2_DRI_EAF,수소 DRI + EAF,6660.0,5180.0,7.4,6.800001,14.114992,14.114992,1.36,1.36,12.754992,127.549923,20636.277,3665.421,16970.856,3756.773,588.264,2306.352,18235.543,397.736,-4648.392,model_estimate,POSCO 공식 국내 생산·배출 총량에 맞춘 설비 블록 배분; 개별 생산량·재투자연도는 추정
POSCO_KR,POSCO,DISCLOSED_PATH,P5,POS-GWY-W,광양제철소 BF 블록 A,광양,2034,BF_BOF,기준 BF-BOF 복합 블록,H2_DRI_EAF,수소 DRI + EAF,9270.0,7210.0,10.3,9.499999,19.719471,19.719471,1.9,1.9,17.819471,124.736298,19532.733,3516.824,16015.909,4453.107,562.858,2157.145,16509.633,378.395,-4528.405,model_estimate,POSCO 공식 국내 생산·배출 총량에 맞춘 설비 블록 배분; 개별 생산량·재투자연도는 추정
POSCO_KR,POSCO,DISCLOSED_PATH,P5,POS-GWY-E,광양제철소 BF 블록 B,광양,2036,BF_BOF,기준 BF-BOF 복합 블록,H2_DRI_EAF,수소 DRI + EAF,9270.0,7210.0,10.3,9.502996,19.725693,19.725693,1.900599,1.900599,17.825093,89.125466,14130.572,2585.364,11545.208,4000.905,380.113,1474.45,11215.534,273.07,-3213.5,model_estimate,POSCO 공식 국내 생산·배출 총량에 맞춘 설비 블록 배분; 개별 생산량·재투자연도는 추정
POSCO_KR,POSCO,DISCLOSED_PATH,P5,POS-GWY-EAF,광양 기존 EAF 블록,광양,2032,EAF_BASELINE,기존 전기로 기준 블록,EAF_RENEWABLE,기존 EAF 재생전력 업그레이드,312.0,96.0,1.2,1.134,0.5103,0.5103,0.1134,0.1134,0.3969,3.5721,-0.978,6.707,-7.685,65.994,17.153,44.167,0.0,1.845,-130.137,model_estimate,2025 공식 EAF 생산 1.135Mt에 맞춘 모델 블록; 집약도·재투자연도 추정
POSCO_KR,POSCO,DISCLOSED_PATH,P6,POS-POH-N,포항제철소 BF 블록 A,포항,2028,BF_BOF,기준 BF-BOF 복합 블록,H2_DRI_EAF,수소 DRI + EAF,7380.0,5740.0,8.2,7.599998,15.775574,1.52,1.52,1.52,14.255574,185.322466,32463.793,7251.755,25212.038,4888.262,933.804,3577.035,28661.121,1110.771,-6707.2,model_estimate,POSCO 공식 국내 생산·배출 총량에 맞춘 설비 블록 배분; 개별 생산량·재투자연도는 추정
POSCO_KR,POSCO,DISCLOSED_PATH,P6,POS-POH-S,포항제철소 BF 블록 B,포항,2030,BF_BOF,기준 BF-BOF 복합 블록,H2_DRI_EAF,수소 DRI + EAF,6660.0,5180.0,7.4,6.800001,14.114992,1.36,1.36,1.36,12.754992,140.304916,23514.793,5250.988,18263.804,3963.396,666.308,2593.553,20588.925,812.128,-5109.518,model_estimate,POSCO 공식 국내 생산·배출 총량에 맞춘 설비 블록 배분; 개별 생산량·재투자연도는 추정
POSCO_KR,POSCO,DISCLOSED_PATH,P6,POS-GWY-W,광양제철소 BF 블록 A,광양,2033,BF_BOF,기준 BF-BOF 복합 블록,H2_DRI_EAF,수소 DRI + EAF,9270.0,7210.0,10.3,9.499999,19.719471,19.719471,1.9,1.9,17.819471,142.555769,22844.352,5097.784,17746.568,4698.028,661.901,2520.237,19355.95,794.993,-5186.757,model_estimate,POSCO 공식 국내 생산·배출 총량에 맞춘 설비 블록 배분; 개별 생산량·재투자연도는 추정
POSCO_KR,POSCO,DISCLOSED_PATH,P6,POS-GWY-E,광양제철소 BF 블록 B,광양,2035,BF_BOF,기준 BF-BOF 복합 블록,H2_DRI_EAF,수소 DRI + EAF,9270.0,7210.0,10.3,9.502996,19.725693,19.725693,1.900599,1.900599,17.825093,106.95056,17022.852,3795.733,13227.119,4220.954,469.127,1809.14,13801.405,593.153,-3870.927,model_estimate,POSCO 공식 국내 생산·배출 총량에 맞춘 설비 블록 배분; 개별 생산량·재투자연도는 추정
POSCO_KR,POSCO,DISCLOSED_PATH,P6,POS-GWY-EAF,광양 기존 EAF 블록,광양,2031,EAF_BASELINE,기존 전기로 기준 블록,EAF_RENEWABLE,기존 EAF 재생전력 업그레이드,312.0,96.0,1.2,1.134,0.5103,0.5103,0.1134,0.1134,0.3969,3.969,-1.582,7.169,-8.751,69.624,19.62,50.168,0.0,3.652,-144.645,model_estimate,2025 공식 EAF 생산 1.135Mt에 맞춘 모델 블록; 집약도·재투자연도 추정
POSCO_KR,POSCO,DISCLOSED_PATH,P7,POS-POH-N,포항제철소 BF 블록 A,포항,2028,BF_BOF,기준 BF-BOF 복합 블록,H2_DRI_EAF,수소 DRI + EAF,7380.0,5740.0,8.2,7.599998,15.775574,1.52,1.52,1.52,14.255574,185.322466,32948.225,8139.841,24808.384,4888.262,933.804,3577.035,28661.121,1595.203,-6707.2,model_estimate,POSCO 공식 국내 생산·배출 총량에 맞춘 설비 블록 배분; 개별 생산량·재투자연도는 추정
POSCO_KR,POSCO,DISCLOSED_PATH,P7,POS-POH-S,포항제철소 BF 블록 B,포항,2029,BF_BOF,기준 BF-BOF 복합 블록,H2_DRI_EAF,수소 DRI + EAF,6660.0,5180.0,7.4,6.800001,14.114992,1.36,1.36,1.36,12.754992,153.059908,26611.461,6566.564,20044.898,4181.383,748.644,2891.5,23056.648,1294.543,-5561.257,model_estimate,POSCO 공식 국내 생산·배출 총량에 맞춘 설비 블록 배분; 개별 생산량·재투자연도는 추정
POSCO_KR,POSCO,DISCLOSED_PATH,P7,POS-GWY-W,광양제철소 BF 블록 A,광양,2032,BF_BOF,기준 BF-BOF 복합 블록,H2_DRI_EAF,수소 DRI + EAF,9270.0,7210.0,10.3,9.499999,19.719471,19.719471,1.9,1.9,17.819471,160.37524,26418.431,6492.059,19926.372,4956.419,766.392,2898.387,22342.507,1297.457,-5842.732,model_estimate,POSCO 공식 국내 생산·배출 총량에 맞춘 설비 블록 배분; 개별 생산량·재투자연도는 추정
POSCO_KR,POSCO,DISCLOSED_PATH,P7,POS-GWY-E,광양제철소 BF 블록 B,광양,2034,BF_BOF,기준 BF-BOF 복합 블록,H2_DRI_EAF,수소 DRI + EAF,9270.0,7210.0,10.3,9.502996,19.725693,19.725693,1.900599,1.900599,17.825093,124.775653,20152.459,4929.828,15222.63,4453.107,563.036,2157.825,16514.842,993.482,-4529.834,model_estimate,POSCO 공식 국내 생산·배출 총량에 맞춘 설비 블록 배분; 개별 생산량·재투자연도는 추정
POSCO_KR,POSCO,DISCLOSED_PATH,P7,POS-GWY-EAF,광양 기존 EAF 블록,광양,2030,EAF_BASELINE,기존 전기로 기준 블록,EAF_RENEWABLE,기존 EAF 재생전력 업그레이드,312.0,96.0,1.2,1.134,0.5103,0.1134,0.1134,0.1134,0.3969,4.3659,-1.224,7.659,-8.884,73.453,22.223,56.415,0.0,5.679,-158.994,model_estimate,2025 공식 EAF 생산 1.135Mt에 맞춘 모델 블록; 집약도·재투자연도 추정
POSCO_KR,POSCO,DISCLOSED_PATH,CURRENT,POS-POH-N,포항제철소 BF 블록 A,포항,2027,BF_BOF,기준 BF-BOF 복합 블록,BF_RELINE,BF 개수·효율 패키지,2050.0,410.0,8.2,7.599998,15.775574,14.439996,14.439996,14.439996,1.335578,18.698092,-9.961,0.0,-9.961,368.365,207.245,85.546,0.0,1.816,-672.933,model_estimate,POSCO 공식 국내 생산·배출 총량에 맞춘 설비 블록 배분; 개별 생산량·재투자연도는 추정
POSCO_KR,POSCO,DISCLOSED_PATH,CURRENT,POS-POH-S,포항제철소 BF 블록 B,포항,2030,BF_BOF,기준 BF-BOF 복합 블록,BF_RELINE,BF 개수·효율 패키지,1850.0,370.0,7.4,6.800001,14.114992,12.920001,12.920001,12.920001,1.194991,13.144904,-4.6,0.0,-4.6,283.1,133.262,56.382,0.0,1.358,-478.701,model_estimate,POSCO 공식 국내 생산·배출 총량에 맞춘 설비 블록 배분; 개별 생산량·재투자연도는 추정
POSCO_KR,POSCO,DISCLOSED_PATH,CURRENT,POS-GWY-W,광양제철소 BF 블록 A,광양,2033,BF_BOF,기준 BF-BOF 복합 블록,H2_DRI_EAF,수소 DRI + EAF,9270.0,7210.0,10.3,9.499999,19.719471,19.719471,1.9,1.9,17.819471,142.555769,22116.944,1768.506,20348.438,4698.028,661.901,2520.237,19355.95,67.585,-5186.757,model_estimate,POSCO 공식 국내 생산·배출 총량에 맞춘 설비 블록 배분; 개별 생산량·재투자연도는 추정
POSCO_KR,POSCO,DISCLOSED_PATH,CURRENT,POS-GWY-E,광양제철소 BF 블록 B,광양,2035,BF_BOF,기준 BF-BOF 복합 블록,H2_DRI_EAF,수소 DRI + EAF,9270.0,7210.0,10.3,9.502996,19.725693,19.725693,1.900599,1.900599,17.825093,106.95056,16481.422,1446.555,15034.867,4220.954,469.127,1809.14,13801.405,51.723,-3870.927,model_estimate,POSCO 공식 국내 생산·배출 총량에 맞춘 설비 블록 배분; 개별 생산량·재투자연도는 추정
POSCO_KR,POSCO,DISCLOSED_PATH,CURRENT,POS-GWY-EAF,광양 기존 EAF 블록,광양,2031,EAF_BASELINE,기존 전기로 기준 블록,EAF_RENEWABLE,기존 EAF 재생전력 업그레이드,312.0,96.0,1.2,1.134,0.5103,0.5103,0.1134,0.1134,0.3969,3.969,-4.754,6.99,-11.745,69.624,19.62,50.168,0.0,0.479,-144.645,model_estimate,2025 공식 EAF 생산 1.135Mt에 맞춘 모델 블록; 집약도·재투자연도 추정
NIPPON_STEEL_JP,Nippon Steel,ACCELERATED_15C,P1,NS-EAST,East Nippon Works 블록,동일본,2034,BF_BOF,기준 BF-BOF 복합 블록,SCRAP_EAF,스크랩 기반 대형 EAF,4989.6,3207.6,8.1,7.200001,15.239652,15.239652,3.24,3.24,11.999651,83.997558,1117.098,594.332,522.765,1981.108,159.97,3364.736,0.0,0.0,-4388.717,model_estimate,Nippon Steel 공식 생산·배출·용량 총량에 맞춘 지역 블록 배분
NIPPON_STEEL_JP,Nippon Steel,ACCELERATED_15C,P1,NS-NAGOYA,Nagoya Works 블록,나고야,2032,BF_BOF,기준 BF-BOF 복합 블록,SCRAP_EAF,스크랩 기반 대형 EAF,4312.0,2772.0,7.0,6.199998,13.123027,13.123027,2.789999,2.789999,10.333028,92.997254,1141.656,571.672,569.983,1905.575,187.564,3885.164,0.0,0.0,-4836.648,model_estimate,Nippon Steel 공식 생산·배출·용량 총량에 맞춘 지역 블록 배분
NIPPON_STEEL_JP,Nippon Steel,ACCELERATED_15C,P1,NS-KANSAI,Kansai Works 블록,간사이,2036,BF_BOF,기준 BF-BOF 복합 블록,SCRAP_EAF,스크랩 기반 대형 EAF,3880.8,2494.8,6.3,5.600001,11.853062,11.853062,2.52,2.52,9.333062,46.66531,827.169,415.317,411.852,1384.391,83.999,1792.813,0.0,0.0,-2434.033,model_estimate,Nippon Steel 공식 생산·배출·용량 총량에 맞춘 지역 블록 배분
NIPPON_STEEL_JP,Nippon Steel,ACCELERATED_15C,P1,NS-KYUSHU,Kyushu Works Yawata 블록,규슈,2029,BF_BOF,기준 BF-BOF 복합 블록,SCRAP_EAF,스크랩 기반 대형 EAF,6160.0,3960.0,10.0,9.0,19.049562,4.05,4.05,4.05,14.999562,179.994744,2492.385,958.973,1533.412,3196.578,462.398,8009.343,0.0,0.0,-9175.933,model_estimate,Yawata BF→EAF 공시 방향을 반영해 조기 재투자 창을 설정; 블록 생산량 추정
NIPPON_STEEL_JP,Nippon Steel,ACCELERATED_15C,P1,NS-SETOUCHI,Setouchi Works Hirohata 블록,세토우치,2038,BF_BOF,기준 BF-BOF 복합 블록,SCRAP_EAF,스크랩 기반 대형 EAF,4620.0,2970.0,7.5,6.3,13.334693,13.334693,2.835,2.835,10.499693,31.49908,1061.969,444.218,617.751,1480.725,53.641,1160.962,0.0,0.0,-1633.359,model_estimate,Hirohata EAF 투자 방향을 반영한 복합 블록; 생산량·재투자연도 추정
NIPPON_STEEL_JP,Nippon Steel,ACCELERATED_15C,P2,NS-EAST,East Nippon Works 블록,동일본,2034,BF_BOF,기준 BF-BOF 복합 블록,SCRAP_EAF,스크랩 기반 대형 EAF,4989.6,3207.6,8.1,7.200001,15.239652,15.239652,3.24,3.24,11.999651,83.997558,1126.107,595.521,530.586,1981.108,159.97,3364.736,0.0,9.009,-4388.717,model_estimate,Nippon Steel 공식 생산·배출·용량 총량에 맞춘 지역 블록 배분
NIPPON_STEEL_JP,Nippon Steel,ACCELERATED_15C,P2,NS-NAGOYA,Nagoya Works 블록,나고야,2032,BF_BOF,기준 BF-BOF 복합 블록,SCRAP_EAF,스크랩 기반 대형 EAF,4312.0,2772.0,7.0,6.199998,13.123027,13.123027,2.789999,2.789999,10.333028,92.997254,1151.294,572.959,578.336,1905.575,187.564,3885.164,0.0,9.639,-4836.648,model_estimate,Nippon Steel 공식 생산·배출·용량 총량에 맞춘 지역 블록 배분
NIPPON_STEEL_JP,Nippon Steel,ACCELERATED_15C,P2,NS-KANSAI,Kansai Works 블록,간사이,2036,BF_BOF,기준 BF-BOF 복합 블록,H2_DRI_EAF,수소 DRI + EAF,6237.0,4851.0,6.3,5.600001,11.853062,11.853062,1.12,1.12,10.733062,53.665311,11975.136,1361.544,10613.592,2691.871,181.997,1472.667,10409.747,18.002,-2799.149,model_estimate,Nippon Steel 공식 생산·배출·용량 총량에 맞춘 지역 블록 배분
NIPPON_STEEL_JP,Nippon Steel,ACCELERATED_15C,P2,NS-KYUSHU,Kyushu Works Yawata 블록,규슈,2029,BF_BOF,기준 BF-BOF 복합 블록,SCRAP_EAF,스크랩 기반 대형 EAF,6160.0,3960.0,10.0,9.0,19.049562,4.05,4.05,4.05,14.999562,179.994744,2510.792,970.326,1540.466,3196.578,462.398,8009.343,0.0,18.407,-9175.933,model_estimate,Yawata BF→EAF 공시 방향을 반영해 조기 재투자 창을 설정; 블록 생산량 추정
NIPPON_STEEL_JP,Nippon Steel,ACCELERATED_15C,P2,NS-SETOUCHI,Setouchi Works Hirohata 블록,세토우치,2038,BF_BOF,기준 BF-BOF 복합 블록,H2_DRI_EAF,수소 DRI + EAF,7425.0,5775.0,7.5,6.3,13.334693,13.334693,1.26,1.26,12.074693,36.22408,8798.676,1275.849,7522.827,2879.188,116.221,953.647,6714.086,13.903,-1878.37,model_estimate,Hirohata EAF 투자 방향을 반영한 복합 블록; 생산량·재투자연도 추정
NIPPON_STEEL_JP,Nippon Steel,ACCELERATED_15C,P3,NS-EAST,East Nippon Works 블록,동일본,2034,BF_BOF,기준 BF-BOF 복합 블록,SCRAP_EAF,스크랩 기반 대형 EAF,4989.6,3207.6,8.1,7.200001,15.239652,15.239652,3.24,3.24,11.999651,83.997558,1142.64,597.453,545.187,1981.108,159.97,3364.736,0.0,25.542,-4388.717,model_estimate,Nippon Steel 공식 생산·배출·용량 총량에 맞춘 지역 블록 배분
NIPPON_STEEL_JP,Nippon Steel,ACCELERATED_15C,P3,NS-NAGOYA,Nagoya Works 블록,나고야,2032,BF_BOF,기준 BF-BOF 복합 블록,SCRAP_EAF,스크랩 기반 대형 EAF,4312.0,2772.0,7.0,6.199998,13.123027,13.123027,2.789999,2.789999,10.333028,92.997254,1169.143,575.125,594.018,1905.575,187.564,3885.164,0.0,27.488,-4836.648,model_estimate,Nippon Steel 공식 생산·배출·용량 총량에 맞춘 지역 블록 배분
NIPPON_STEEL_JP,Nippon Steel,ACCELERATED_15C,P3,NS-KANSAI,Kansai Works 블록,간사이,2036,BF_BOF,기준 BF-BOF 복합 블록,H2_DRI_EAF,수소 DRI + EAF,6237.0,4851.0,6.3,5.600001,11.853062,11.853062,1.12,1.12,10.733062,53.665311,12016.929,1994.58,10022.349,2691.871,181.997,1472.667,10409.747,59.796,-2799.149,model_estimate,Nippon Steel 공식 생산·배출·용량 총량에 맞춘 지역 블록 배분
NIPPON_STEEL_JP,Nippon Steel,ACCELERATED_15C,P3,NS-KYUSHU,Kyushu Works Yawata 블록,규슈,2029,BF_BOF,기준 BF-BOF 복합 블록,SCRAP_EAF,스크랩 기반 대형 EAF,6160.0,3960.0,10.0,9.0,19.049562,4.05,4.05,4.05,14.999562,179.994744,2545.209,988.176,1557.033,3196.578,462.398,8009.343,0.0,52.824,-9175.933,model_estimate,Yawata BF→EAF 공시 방향을 반영해 조기 재투자 창을 설정; 블록 생산량 추정
NIPPON_STEEL_JP,Nippon Steel,ACCELERATED_15C,P3,NS-SETOUCHI,Setouchi Works Hirohata 블록,세토우치,2038,BF_BOF,기준 BF-BOF 복합 블록,H2_DRI_EAF,수소 DRI + EAF,7425.0,5775.0,7.5,6.3,13.334693,13.334693,1.26,1.26,12.074693,36.22408,8829.358,1680.7,7148.658,2879.188,116.221,953.647,6714.086,44.585,-1878.37,model_estimate,Hirohata EAF 투자 방향을 반영한 복합 블록; 생산량·재투자연도 추정
NIPPON_STEEL_JP,Nippon Steel,ACCELERATED_15C,P4,NS-EAST,East Nippon Works 블록,동일본,2033,BF_BOF,기준 BF-BOF 복합 블록,H2_DRI_EAF,수소 DRI + EAF,8019.0,6237.0,8.1,7.200001,15.239652,15.239652,1.44,1.44,13.799651,110.397211,25176.717,5229.602,19947.115,4064.022,407.592,3225.723,22959.048,279.529,-5759.197,model_estimate,Nippon Steel 공식 생산·배출·용량 총량에 맞춘 지역 블록 배분
NIPPON_STEEL_JP,Nippon Steel,ACCELERATED_15C,P4,NS-NAGOYA,Nagoya Works 블록,나고야,2031,BF_BOF,기준 BF-BOF 복합 블록,SCRAP_EAF,스크랩 기반 대형 EAF,4312.0,2772.0,7.0,6.199998,13.123027,13.123027,2.789999,2.789999,10.333028,103.330283,1348.801,614.483,734.317,2010.381,214.543,4408.919,0.0,64.193,-5349.236,model_estimate,Nippon Steel 공식 생산·배출·용량 총량에 맞춘 지역 블록 배분
NIPPON_STEEL_JP,Nippon Steel,ACCELERATED_15C,P4,NS-KANSAI,Kansai Works 블록,간사이,2035,BF_BOF,기준 BF-BOF 복합 블록,H2_DRI_EAF,수소 DRI + EAF,6237.0,4851.0,6.3,5.600001,11.853062,11.853062,1.12,1.12,10.733062,64.398373,14447.379,3088.143,11359.236,2839.924,224.616,1804.443,12781.579,161.478,-3364.66,model_estimate,Nippon Steel 공식 생산·배출·용량 총량에 맞춘 지역 블록 배분
NIPPON_STEEL_JP,Nippon Steel,ACCELERATED_15C,P4,NS-KYUSHU,Kyushu Works Yawata 블록,규슈,2028,BF_BOF,기준 BF-BOF 복합 블록,SCRAP_EAF,스크랩 기반 대형 EAF,6160.0,3960.0,10.0,9.0,19.049562,4.05,4.05,4.05,14.999562,194.994306,3045.164,1088.523,1956.641,3372.39,516.049,8857.039,0.0,122.294,-9822.609,model_estimate,Yawata BF→EAF 공시 방향을 반영해 조기 재투자 창을 설정; 블록 생산량 추정
NIPPON_STEEL_JP,Nippon Steel,ACCELERATED_15C,P4,NS-SETOUCHI,Setouchi Works Hirohata 블록,세토우치,2037,BF_BOF,기준 BF-BOF 복합 블록,H2_DRI_EAF,수소 DRI + EAF,7425.0,5775.0,7.5,6.3,13.334693,13.334693,1.26,1.26,12.074693,48.298774,11265.387,2549.316,8716.071,3037.543,159.299,1298.138,9157.474,125.774,-2512.841,model_estimate,Hirohata EAF 투자 방향을 반영한 복합 블록; 생산량·재투자연도 추정
NIPPON_STEEL_JP,Nippon Steel,ACCELERATED_15C,P5,NS-EAST,East Nippon Works 블록,동일본,2033,BF_BOF,기준 BF-BOF 복합 블록,H2_DRI_EAF,수소 DRI + EAF,8019.0,6237.0,8.1,7.200001,15.239652,15.239652,1.44,1.44,13.799651,110.397211,25392.763,7186.451,18206.312,4064.022,407.592,3225.723,22959.048,495.575,-5759.197,model_estimate,Nippon Steel 공식 생산·배출·용량 총량에 맞춘 지역 블록 배분
NIPPON_STEEL_JP,Nippon Steel,ACCELERATED_15C,P5,NS-NAGOYA,Nagoya Works 블록,나고야,2031,BF_BOF,기준 BF-BOF 복합 블록,H2_DRI_EAF,수소 DRI + EAF,6930.0,5390.0,7.0,6.199998,13.123027,13.123027,1.24,1.24,11.883028,118.830278,28307.897,7960.94,20346.957,3909.075,464.844,3621.612,25915.976,548.035,-6151.645,model_estimate,Nippon Steel 공식 생산·배출·용량 총량에 맞춘 지역 블록 배분
NIPPON_STEEL_JP,Nippon Steel,ACCELERATED_15C,P5,NS-KANSAI,Kansai Works 블록,간사이,2035,BF_BOF,기준 BF-BOF 복합 블록,H2_DRI_EAF,수소 DRI + EAF,6237.0,4851.0,6.3,5.600001,11.853062,11.853062,1.12,1.12,10.733062,64.398373,14571.329,4165.145,10406.184,2839.924,224.616,1804.443,12781.579,285.427,-3364.66,model_estimate,Nippon Steel 공식 생산·배출·용량 총량에 맞춘 지역 블록 배분
NIPPON_STEEL_JP,Nippon Steel,ACCELERATED_15C,P5,NS-KYUSHU,Kyushu Works Yawata 블록,규슈,2028,BF_BOF,기준 BF-BOF 복합 블록,SCRAP_EAF,스크랩 기반 대형 EAF,6160.0,3960.0,10.0,9.0,19.049562,4.05,4.05,4.05,14.999562,194.994306,3132.669,1132.632,2000.037,3372.39,516.049,8857.039,0.0,209.8,-9822.609,model_estimate,Yawata BF→EAF 공시 방향을 반영해 조기 재투자 창을 설정; 블록 생산량 추정
NIPPON_STEEL_JP,Nippon Steel,ACCELERATED_15C,P5,NS-SETOUCHI,Setouchi Works Hirohata 블록,세토우치,2037,BF_BOF,기준 BF-BOF 복합 블록,H2_DRI_EAF,수소 DRI + EAF,7425.0,5775.0,7.5,6.3,13.334693,13.334693,1.26,1.26,12.074693,48.298774,11360.499,3314.287,8046.212,3037.543,159.299,1298.138,9157.474,220.886,-2512.841,model_estimate,Hirohata EAF 투자 방향을 반영한 복합 블록; 생산량·재투자연도 추정
NIPPON_STEEL_JP,Nippon Steel,ACCELERATED_15C,P6,NS-EAST,East Nippon Works 블록,동일본,2032,BF_BOF,기준 BF-BOF 복합 블록,H2_DRI_EAF,수소 DRI + EAF,8019.0,6237.0,8.1,7.200001,15.239652,15.239652,1.44,1.44,13.799651,124.196862,29485.206,10570.523,18914.683,4287.543,471.936,3706.126,26447.774,1031.119,-6459.292,model_estimate,Nippon Steel 공식 생산·배출·용량 총량에 맞춘 지역 블록 배분
NIPPON_STEEL_JP,Nippon Steel,ACCELERATED_15C,P6,NS-NAGOYA,Nagoya Works 블록,나고야,2030,BF_BOF,기준 BF-BOF 복합 블록,BF_RELINE,BF 개수·효율 패키지,1925.0,385.0,7.0,6.199998,13.123027,11.779996,11.779996,11.779996,1.343031,14.773343,-324.92,0.0,-324.92,294.577,40.501,88.456,0.0,11.55,-760.004,model_estimate,Nippon Steel 공식 생산·배출·용량 총량에 맞춘 지역 블록 배분
NIPPON_STEEL_JP,Nippon Steel,ACCELERATED_15C,P6,NS-KANSAI,Kansai Works 블록,간사이,2034,BF_BOF,기준 BF-BOF 복합 블록,H2_DRI_EAF,수소 DRI + EAF,6237.0,4851.0,6.3,5.600001,11.853062,11.853062,1.12,1.12,10.733062,75.131435,17363.224,6219.908,11143.316,2996.12,269.58,2149.693,15262.404,610.906,-3925.478,model_estimate,Nippon Steel 공식 생산·배출·용량 총량에 맞춘 지역 블록 배분
NIPPON_STEEL_JP,Nippon Steel,ACCELERATED_15C,P6,NS-KYUSHU,Kyushu Works Yawata 블록,규슈,2028,BF_BOF,기준 BF-BOF 복합 블록,H2_DRI_EAF,수소 DRI + EAF,9900.0,7700.0,10.0,9.0,19.049562,1.8,1.8,1.8,17.249562,224.244306,58124.863,20857.426,37267.438,6557.425,1032.099,7275.425,52567.806,1988.152,-11296.043,model_estimate,Yawata BF→EAF 공시 방향을 반영해 조기 재투자 창을 설정; 블록 생산량 추정
NIPPON_STEEL_JP,Nippon Steel,ACCELERATED_15C,P6,NS-SETOUCHI,Setouchi Works Hirohata 블록,세토우치,2036,BF_BOF,기준 BF-BOF 복합 블록,H2_DRI_EAF,수소 DRI + EAF,7425.0,5775.0,7.5,6.3,13.334693,13.334693,1.26,1.26,12.074693,60.373467,14123.953,5051.624,9072.329,3204.608,204.746,1656.751,11710.963,495.926,-3149.042,model_estimate,Hirohata EAF 투자 방향을 반영한 복합 블록; 생산량·재투자연도 추정
NIPPON_STEEL_JP,Nippon Steel,ACCELERATED_15C,P7,NS-EAST,East Nippon Works 블록,동일본,2031,BF_BOF,기준 BF-BOF 복합 블록,H2_DRI_EAF,수소 DRI + EAF,8019.0,6237.0,8.1,7.200001,15.239652,15.239652,1.44,1.44,13.799651,137.996513,33890.294,13466.149,20424.145,4523.358,539.819,4205.745,30095.985,1669.235,-7143.849,model_estimate,Nippon Steel 공식 생산·배출·용량 총량에 맞춘 지역 블록 배분
NIPPON_STEEL_JP,Nippon Steel,ACCELERATED_15C,P7,NS-NAGOYA,Nagoya Works 블록,나고야,2029,BF_BOF,기준 BF-BOF 복합 블록,H2_DRI_EAF,수소 DRI + EAF,6930.0,5390.0,7.0,6.199998,13.123027,1.24,1.24,1.24,11.883028,142.596333,36621.559,14582.202,22039.357,4350.898,591.575,4532.269,32631.28,1784.94,-7269.404,model_estimate,Nippon Steel 공식 생산·배출·용량 총량에 맞춘 지역 블록 배분
NIPPON_STEEL_JP,Nippon Steel,ACCELERATED_15C,P7,NS-KANSAI,Kansai Works 블록,간사이,2033,BF_BOF,기준 BF-BOF 복합 블록,H2_DRI_EAF,수소 DRI + EAF,6237.0,4851.0,6.3,5.600001,11.853062,11.853062,1.12,1.12,10.733062,85.864497,20375.897,8070.956,12304.94,3160.906,317.016,2508.896,17857.037,1011.417,-4479.375,model_estimate,Nippon Steel 공식 생산·배출·용량 총량에 맞춘 지역 블록 배분
NIPPON_STEEL_JP,Nippon Steel,ACCELERATED_15C,P7,NS-KYUSHU,Kyushu Works Yawata 블록,규슈,2028,BF_BOF,기준 BF-BOF 복합 블록,H2_DRI_EAF,수소 DRI + EAF,9900.0,7700.0,10.0,9.0,19.049562,1.8,1.8,1.8,17.249562,224.244306,58991.71,23515.566,35476.144,6557.425,1032.099,7275.425,52567.806,2854.998,-11296.043,model_estimate,Yawata BF→EAF 공시 방향을 반영해 조기 재투자 창을 설정; 블록 생산량 추정
NIPPON_STEEL_JP,Nippon Steel,ACCELERATED_15C,P7,NS-SETOUCHI,Setouchi Works Hirohata 블록,세토우치,2035,BF_BOF,기준 BF-BOF 복합 블록,H2_DRI_EAF,수소 DRI + EAF,7425.0,5775.0,7.5,6.3,13.334693,13.334693,1.26,1.26,12.074693,72.44816,17108.181,6734.916,10373.264,3380.862,252.693,2029.998,14379.275,850.596,-3785.242,model_estimate,Hirohata EAF 투자 방향을 반영한 복합 블록; 생산량·재투자연도 추정
NIPPON_STEEL_JP,Nippon Steel,ACCELERATED_15C,CURRENT,NS-EAST,East Nippon Works 블록,동일본,2033,BF_BOF,기준 BF-BOF 복합 블록,SCRAP_EAF,스크랩 기반 대형 EAF,4989.6,3207.6,8.1,7.200001,15.239652,15.239652,3.24,3.24,11.999651,95.997209,1249.826,632.507,617.319,2090.069,188.119,3926.967,0.0,52.649,-5007.978,model_estimate,Nippon Steel 공식 생산·배출·용량 총량에 맞춘 지역 블록 배분
NIPPON_STEEL_JP,Nippon Steel,ACCELERATED_15C,CURRENT,NS-NAGOYA,Nagoya Works 블록,나고야,2031,BF_BOF,기준 BF-BOF 복합 블록,SCRAP_EAF,스크랩 기반 대형 EAF,4312.0,2772.0,7.0,6.199998,13.123027,13.123027,2.789999,2.789999,10.333028,103.330283,1340.777,611.648,729.129,2010.381,214.543,4408.919,0.0,56.169,-5349.236,model_estimate,Nippon Steel 공식 생산·배출·용량 총량에 맞춘 지역 블록 배분
NIPPON_STEEL_JP,Nippon Steel,ACCELERATED_15C,CURRENT,NS-KANSAI,Kansai Works 블록,간사이,2035,BF_BOF,기준 BF-BOF 복합 블록,H2_DRI_EAF,수소 DRI + EAF,6237.0,4851.0,6.3,5.600001,11.853062,11.853062,1.12,1.12,10.733062,64.398373,14374.471,2297.512,12076.959,2839.924,224.616,1804.443,12781.579,88.569,-3364.66,model_estimate,Nippon Steel 공식 생산·배출·용량 총량에 맞춘 지역 블록 배분
NIPPON_STEEL_JP,Nippon Steel,ACCELERATED_15C,CURRENT,NS-KYUSHU,Kyushu Works Yawata 블록,규슈,2028,BF_BOF,기준 BF-BOF 복합 블록,SCRAP_EAF,스크랩 기반 대형 EAF,6160.0,3960.0,10.0,9.0,19.049562,4.05,4.05,4.05,14.999562,194.994306,3029.877,1061.941,1967.936,3372.39,516.049,8857.039,0.0,107.008,-9822.609,model_estimate,Yawata BF→EAF 공시 방향을 반영해 조기 재투자 창을 설정; 블록 생산량 추정
NIPPON_STEEL_JP,Nippon Steel,ACCELERATED_15C,CURRENT,NS-SETOUCHI,Setouchi Works Hirohata 블록,세토우치,2037,BF_BOF,기준 BF-BOF 복합 블록,H2_DRI_EAF,수소 DRI + EAF,7425.0,5775.0,7.5,6.3,13.334693,13.334693,1.26,1.26,12.074693,48.298774,11211.89,1989.067,9222.824,3037.543,159.299,1298.138,9157.474,72.278,-2512.841,model_estimate,Hirohata EAF 투자 방향을 반영한 복합 블록; 생산량·재투자연도 추정
NIPPON_STEEL_JP,Nippon Steel,DISCLOSED_PATH,P1,NS-EAST,East Nippon Works 블록,동일본,2034,BF_BOF,기준 BF-BOF 복합 블록,SCRAP_EAF,스크랩 기반 대형 EAF,4989.6,3207.6,8.1,7.200001,15.239652,15.239652,3.24,3.24,11.999651,83.997558,2215.075,495.277,1719.798,1981.108,159.97,3023.451,0.0,0.0,-2949.454,model_estimate,Nippon Steel 공식 생산·배출·용량 총량에 맞춘 지역 블록 배분
NIPPON_STEEL_JP,Nippon Steel,DISCLOSED_PATH,P1,NS-NAGOYA,Nagoya Works 블록,나고야,2032,BF_BOF,기준 BF-BOF 복합 블록,BF_RELINE,BF 개수·효율 패키지,1925.0,385.0,7.0,6.199998,13.123027,13.123027,11.779996,11.779996,1.343031,12.087281,-66.396,0.0,-66.396,264.663,31.261,62.803,0.0,0.0,-425.123,model_estimate,Nippon Steel 공식 생산·배출·용량 총량에 맞춘 지역 블록 배분
NIPPON_STEEL_JP,Nippon Steel,DISCLOSED_PATH,P1,NS-KANSAI,Kansai Works 블록,간사이,2036,BF_BOF,기준 BF-BOF 복합 블록,BF_RELINE,BF 개수·효율 패키지,1732.5,346.5,6.3,5.600001,11.853062,11.853062,10.640001,10.640001,1.213061,6.065305,22.976,0.0,22.976,192.276,14.0,28.567,0.0,0.0,-211.867,model_estimate,Nippon Steel 공식 생산·배출·용량 총량에 맞춘 지역 블록 배분
NIPPON_STEEL_JP,Nippon Steel,DISCLOSED_PATH,P1,NS-KYUSHU,Kyushu Works Yawata 블록,규슈,2029,BF_BOF,기준 BF-BOF 복합 블록,SCRAP_EAF,스크랩 기반 대형 EAF,6160.0,3960.0,10.0,9.0,19.049562,4.05,4.05,4.05,14.999562,179.994744,4703.992,799.145,3904.847,3196.578,462.398,7337.214,0.0,0.0,-6292.198,model_estimate,Yawata BF→EAF 공시 방향을 반영해 조기 재투자 창을 설정; 블록 생산량 추정
NIPPON_STEEL_JP,Nippon Steel,DISCLOSED_PATH,P1,NS-SETOUCHI,Setouchi Works Hirohata 블록,세토우치,2038,BF_BOF,기준 BF-BOF 복합 블록,SCRAP_EAF,스크랩 기반 대형 EAF,4620.0,2970.0,7.5,6.3,13.334693,13.334693,2.835,2.835,10.499693,31.49908,1472.222,370.181,1102.041,1480.725,53.641,1029.077,0.0,0.0,-1091.221,model_estimate,Hirohata EAF 투자 방향을 반영한 복합 블록; 생산량·재투자연도 추정
NIPPON_STEEL_JP,Nippon Steel,DISCLOSED_PATH,P2,NS-EAST,East Nippon Works 블록,동일본,2034,BF_BOF,기준 BF-BOF 복합 블록,SCRAP_EAF,스크랩 기반 대형 EAF,4989.6,3207.6,8.1,7.200001,15.239652,15.239652,3.24,3.24,11.999651,83.997558,2223.572,500.932,1722.641,1981.108,159.97,3023.451,0.0,8.497,-2949.454,model_estimate,Nippon Steel 공식 생산·배출·용량 총량에 맞춘 지역 블록 배분
NIPPON_STEEL_JP,Nippon Steel,DISCLOSED_PATH,P2,NS-NAGOYA,Nagoya Works 블록,나고야,2032,BF_BOF,기준 BF-BOF 복합 블록,BF_RELINE,BF 개수·효율 패키지,1925.0,385.0,7.0,6.199998,13.123027,13.123027,11.779996,11.779996,1.343031,12.087281,-65.772,0.0,-65.772,264.663,31.261,62.803,0.0,0.624,-425.123,model_estimate,Nippon Steel 공식 생산·배출·용량 총량에 맞춘 지역 블록 배분
NIPPON_STEEL_JP,Nippon Steel,DISCLOSED_PATH,P2,NS-KANSAI,Kansai Works 블록,간사이,2036,BF_BOF,기준 BF-BOF 복합 블록,H2_DRI_EAF,수소 DRI + EAF,6237.0,4851.0,6.3,5.600001,11.853062,11.853062,1.12,1.12,10.733062,53.665311,11822.203,1028.98,10793.223,2691.871,181.997,1314.06,9492.007,16.847,-1874.579,model_estimate,Nippon Steel 공식 생산·배출·용량 총량에 맞춘 지역 블록 배분
NIPPON_STEEL_JP,Nippon Steel,DISCLOSED_PATH,P2,NS-KYUSHU,Kyushu Works Yawata 블록,규슈,2029,BF_BOF,기준 BF-BOF 복합 블록,SCRAP_EAF,스크랩 기반 대형 EAF,6160.0,3960.0,10.0,9.0,19.049562,4.05,4.05,4.05,14.999562,179.994744,4721.391,828.394,3892.997,3196.578,462.398,7337.214,0.0,17.399,-6292.198,model_estimate,Yawata BF→EAF 공시 방향을 반영해 조기 재투자 창을 설정; 블록 생산량 추정
NIPPON_STEEL_JP,Nippon Steel,DISCLOSED_PATH,P2,NS-SETOUCHI,Setouchi Works Hirohata 블록,세토우치,2038,BF_BOF,기준 BF-BOF 복합 블록,H2_DRI_EAF,수소 DRI + EAF,7425.0,5775.0,7.5,6.3,13.334693,13.334693,1.26,1.26,12.074693,36.22408,8684.55,981.773,7702.777,2879.188,116.221,845.313,6085.624,13.112,-1254.908,model_estimate,Hirohata EAF 투자 방향을 반영한 복합 블록; 생산량·재투자연도 추정
NIPPON_STEEL_JP,Nippon Steel,DISCLOSED_PATH,P3,NS-EAST,East Nippon Works 블록,동일본,2034,BF_BOF,기준 BF-BOF 복합 블록,SCRAP_EAF,스크랩 기반 대형 EAF,4989.6,3207.6,8.1,7.200001,15.239652,15.239652,3.24,3.24,11.999651,83.997558,2239.081,509.842,1729.239,1981.108,159.97,3023.451,0.0,24.006,-2949.454,model_estimate,Nippon Steel 공식 생산·배출·용량 총량에 맞춘 지역 블록 배분
NIPPON_STEEL_JP,Nippon Steel,DISCLOSED_PATH,P3,NS-NAGOYA,Nagoya Works 블록,나고야,2032,BF_BOF,기준 BF-BOF 복합 블록,BF_RELINE,BF 개수·효율 패키지,1925.0,385.0,7.0,6.199998,13.123027,13.123027,11.779996,11.779996,1.343031,12.087281,-64.724,0.0,-64.724,264.663,31.261,62.803,0.0,1.672,-425.123,model_estimate,Nippon Steel 공식 생산·배출·용량 총량에 맞춘 지역 블록 배분
NIPPON_STEEL_JP,Nippon Steel,DISCLOSED_PATH,P3,NS-KANSAI,Kansai Works 블록,간사이,2036,BF_BOF,기준 BF-BOF 복합 블록,H2_DRI_EAF,수소 DRI + EAF,6237.0,4851.0,6.3,5.600001,11.853062,11.853062,1.12,1.12,10.733062,53.665311,11860.997,1444.305,10416.691,2691.871,181.997,1314.06,9492.007,55.641,-1874.579,model_estimate,Nippon Steel 공식 생산·배출·용량 총량에 맞춘 지역 블록 배분
NIPPON_STEEL_JP,Nippon Steel,DISCLOSED_PATH,P3,NS-KYUSHU,Kyushu Works Yawata 블록,규슈,2029,BF_BOF,기준 BF-BOF 복합 블록,SCRAP_EAF,스크랩 기반 대형 EAF,6160.0,3960.0,10.0,9.0,19.049562,4.05,4.05,4.05,14.999562,179.994744,4753.792,873.395,3880.397,3196.578,462.398,7337.214,0.0,49.799,-6292.198,model_estimate,Yawata BF→EAF 공시 방향을 반영해 조기 재투자 창을 설정; 블록 생산량 추정
NIPPON_STEEL_JP,Nippon Steel,DISCLOSED_PATH,P3,NS-SETOUCHI,Setouchi Works Hirohata 블록,세토우치,2038,BF_BOF,기준 BF-BOF 복합 블록,H2_DRI_EAF,수소 DRI + EAF,7425.0,5775.0,7.5,6.3,13.334693,13.334693,1.26,1.26,12.074693,36.22408,8713.179,1246.821,7466.358,2879.188,116.221,845.313,6085.624,41.741,-1254.908,model_estimate,Hirohata EAF 투자 방향을 반영한 복합 블록; 생산량·재투자연도 추정
NIPPON_STEEL_JP,Nippon Steel,DISCLOSED_PATH,P4,NS-EAST,East Nippon Works 블록,동일본,2033,BF_BOF,기준 BF-BOF 복합 블록,H2_DRI_EAF,수소 DRI + EAF,8019.0,6237.0,8.1,7.200001,15.239652,15.239652,1.44,1.44,13.799651,110.397211,24893.129,3643.921,21249.207,4064.022,407.592,2909.126,21133.943,259.937,-3881.491,model_estimate,Nippon Steel 공식 생산·배출·용량 총량에 맞춘 지역 블록 배분
NIPPON_STEEL_JP,Nippon Steel,DISCLOSED_PATH,P4,NS-NAGOYA,Nagoya Works 블록,나고야,2031,BF_BOF,기준 BF-BOF 복합 블록,BF_RELINE,BF 개수·효율 패키지,1925.0,385.0,7.0,6.199998,13.123027,13.123027,11.779996,11.779996,1.343031,13.430312,-81.993,0.0,-81.993,279.22,35.757,71.545,0.0,3.508,-472.023,model_estimate,Nippon Steel 공식 생산·배출·용량 총량에 맞춘 지역 블록 배분
NIPPON_STEEL_JP,Nippon Steel,DISCLOSED_PATH,P4,NS-KANSAI,Kansai Works 블록,간사이,2035,BF_BOF,기준 BF-BOF 복합 블록,H2_DRI_EAF,수소 DRI + EAF,6237.0,4851.0,6.3,5.600001,11.853062,11.853062,1.12,1.12,10.733062,64.398373,14264.609,2170.685,12093.924,2839.924,224.616,1615.674,11690.92,149.774,-2256.299,model_estimate,Nippon Steel 공식 생산·배출·용량 총량에 맞춘 지역 블록 배분
NIPPON_STEEL_JP,Nippon Steel,DISCLOSED_PATH,P4,NS-KYUSHU,Kyushu Works Yawata 블록,규슈,2028,BF_BOF,기준 BF-BOF 복합 블록,SCRAP_EAF,스크랩 기반 대형 EAF,6160.0,3960.0,10.0,9.0,19.049562,4.05,4.05,4.05,14.999562,194.994306,5371.278,994.012,4377.266,3372.39,516.049,8148.427,0.0,115.208,-6780.797,model_estimate,Yawata BF→EAF 공시 방향을 반영해 조기 재투자 창을 설정; 블록 생산량 추정
NIPPON_STEEL_JP,Nippon Steel,DISCLOSED_PATH,P4,NS-SETOUCHI,Setouchi Works Hirohata 블록,세토우치,2037,BF_BOF,기준 BF-BOF 복합 블록,H2_DRI_EAF,수소 DRI + EAF,7425.0,5775.0,7.5,6.3,13.334693,13.334693,1.26,1.26,12.074693,48.298774,11112.268,1824.339,9287.929,3037.543,159.299,1154.44,8324.889,116.844,-1680.747,model_estimate,Hirohata EAF 투자 방향을 반영한 복합 블록; 생산량·재투자연도 추정
NIPPON_STEEL_JP,Nippon Steel,DISCLOSED_PATH,P5,NS-EAST,East Nippon Works 블록,동일본,2033,BF_BOF,기준 BF-BOF 복합 블록,H2_DRI_EAF,수소 DRI + EAF,8019.0,6237.0,8.1,7.200001,15.239652,15.239652,1.44,1.44,13.799651,110.397211,25093.568,4929.849,20163.72,4064.022,407.592,2909.126,21133.943,460.377,-3881.491,model_estimate,Nippon Steel 공식 생산·배출·용량 총량에 맞춘 지역 블록 배분
NIPPON_STEEL_JP,Nippon Steel,DISCLOSED_PATH,P5,NS-NAGOYA,Nagoya Works 블록,나고야,2031,BF_BOF,기준 BF-BOF 복합 블록,H2_DRI_EAF,수소 DRI + EAF,6930.0,5390.0,7.0,6.199998,13.123027,13.123027,1.24,1.24,11.883028,118.830278,28013.962,5439.773,22574.189,3909.075,464.844,3291.056,24014.06,511.344,-4176.417,model_estimate,Nippon Steel 공식 생산·배출·용량 총량에 맞춘 지역 블록 배분
NIPPON_STEEL_JP,Nippon Steel,DISCLOSED_PATH,P5,NS-KANSAI,Kansai Works 블록,간사이,2035,BF_BOF,기준 BF-BOF 복합 블록,H2_DRI_EAF,수소 DRI + EAF,6237.0,4851.0,6.3,5.600001,11.853062,11.853062,1.12,1.12,10.733062,64.398373,14379.235,2876.87,11502.365,2839.924,224.616,1615.674,11690.92,264.401,-2256.299,model_estimate,Nippon Steel 공식 생산·배출·용량 총량에 맞춘 지역 블록 배분
NIPPON_STEEL_JP,Nippon Steel,DISCLOSED_PATH,P5,NS-KYUSHU,Kyushu Works Yawata 블록,규슈,2028,BF_BOF,기준 BF-BOF 복합 블록,SCRAP_EAF,스크랩 기반 대형 EAF,6160.0,3960.0,10.0,9.0,19.049562,4.05,4.05,4.05,14.999562,194.994306,5453.468,1076.745,4376.723,3372.39,516.049,8148.427,0.0,197.399,-6780.797,model_estimate,Yawata BF→EAF 공시 방향을 반영해 조기 재투자 창을 설정; 블록 생산량 추정
NIPPON_STEEL_JP,Nippon Steel,DISCLOSED_PATH,P5,NS-SETOUCHI,Setouchi Works Hirohata 블록,세토우치,2037,BF_BOF,기준 BF-BOF 복합 블록,H2_DRI_EAF,수소 DRI + EAF,7425.0,5775.0,7.5,6.3,13.334693,13.334693,1.26,1.26,12.074693,48.298774,11200.266,2324.738,8875.528,3037.543,159.299,1154.44,8324.889,204.842,-1680.747,model_estimate,Hirohata EAF 투자 방향을 반영한 복합 블록; 생산량·재투자연도 추정
NIPPON_STEEL_JP,Nippon Steel,DISCLOSED_PATH,P6,NS-EAST,East Nippon Works 블록,동일본,2032,BF_BOF,기준 BF-BOF 복합 블록,H2_DRI_EAF,수소 DRI + EAF,8019.0,6237.0,8.1,7.200001,15.239652,15.239652,1.44,1.44,13.799651,124.196862,29131.284,7168.112,21963.172,4287.543,471.936,3354.921,24425.143,959.882,-4368.142,model_estimate,Nippon Steel 공식 생산·배출·용량 총량에 맞춘 지역 블록 배분
NIPPON_STEEL_JP,Nippon Steel,DISCLOSED_PATH,P6,NS-NAGOYA,Nagoya Works 블록,나고야,2030,BF_BOF,기준 BF-BOF 복합 블록,BF_RELINE,BF 개수·효율 패키지,1925.0,385.0,7.0,6.199998,13.123027,11.779996,11.779996,11.779996,1.343031,14.773343,-91.181,0.0,-91.181,294.577,40.501,80.7,0.0,11.306,-518.265,model_estimate,Nippon Steel 공식 생산·배출·용량 총량에 맞춘 지역 블록 배분
NIPPON_STEEL_JP,Nippon Steel,DISCLOSED_PATH,P6,NS-KANSAI,Kansai Works 블록,간사이,2034,BF_BOF,기준 BF-BOF 복합 블록,H2_DRI_EAF,수소 DRI + EAF,6237.0,4851.0,6.3,5.600001,11.853062,11.853062,1.12,1.12,10.733062,75.131435,17129.934,4234.594,12895.34,2996.12,269.58,1931.649,14004.115,566.604,-2638.133,model_estimate,Nippon Steel 공식 생산·배출·용량 총량에 맞춘 지역 블록 배분
NIPPON_STEEL_JP,Nippon Steel,DISCLOSED_PATH,P6,NS-KYUSHU,Kyushu Works Yawata 블록,규슈,2028,BF_BOF,기준 BF-BOF 복합 블록,H2_DRI_EAF,수소 DRI + EAF,9900.0,7700.0,10.0,9.0,19.049562,1.8,1.8,1.8,17.249562,224.244306,57574.472,14087.974,43486.499,6557.425,1032.099,6693.351,49219.344,1870.199,-7797.946,model_estimate,Yawata BF→EAF 공시 방향을 반영해 조기 재투자 창을 설정; 블록 생산량 추정
NIPPON_STEEL_JP,Nippon Steel,DISCLOSED_PATH,P6,NS-SETOUCHI,Setouchi Works Hirohata 블록,세토우치,2036,BF_BOF,기준 BF-BOF 복합 블록,H2_DRI_EAF,수소 DRI + EAF,7425.0,5775.0,7.5,6.3,13.334693,13.334693,1.26,1.26,12.074693,60.373467,13916.867,3472.046,10444.821,3204.608,204.746,1478.318,10678.507,459.59,-2108.901,model_estimate,Hirohata EAF 투자 방향을 반영한 복합 블록; 생산량·재투자연도 추정
NIPPON_STEEL_JP,Nippon Steel,DISCLOSED_PATH,P7,NS-EAST,East Nippon Works 블록,동일본,2031,BF_BOF,기준 BF-BOF 복합 블록,H2_DRI_EAF,수소 DRI + EAF,8019.0,6237.0,8.1,7.200001,15.239652,15.239652,1.44,1.44,13.799651,137.996513,33479.864,9086.73,24393.133,4523.358,539.819,3821.873,27887.307,1557.54,-4850.034,model_estimate,Nippon Steel 공식 생산·배출·용량 총량에 맞춘 지역 블록 배분
NIPPON_STEEL_JP,Nippon Steel,DISCLOSED_PATH,P7,NS-NAGOYA,Nagoya Works 블록,나고야,2029,BF_BOF,기준 BF-BOF 복합 블록,H2_DRI_EAF,수소 DRI + EAF,6930.0,5390.0,7.0,6.199998,13.123027,1.24,1.24,1.24,11.883028,142.596333,36229.011,9827.202,26401.809,4350.898,591.575,4151.93,30445.079,1674.365,-4984.836,model_estimate,Nippon Steel 공식 생산·배출·용량 총량에 맞춘 지역 블록 배분
NIPPON_STEEL_JP,Nippon Steel,DISCLOSED_PATH,P7,NS-KANSAI,Kansai Works 블록,간사이,2033,BF_BOF,기준 BF-BOF 복합 블록,H2_DRI_EAF,수소 DRI + EAF,6237.0,4851.0,6.3,5.600001,11.853062,11.853062,1.12,1.12,10.733062,85.864497,20098.801,5459.637,14639.164,3160.906,317.016,2262.653,16437.511,939.652,-3018.937,model_estimate,Nippon Steel 공식 생산·배출·용량 총량에 맞춘 지역 블록 배분
NIPPON_STEEL_JP,Nippon Steel,DISCLOSED_PATH,P7,NS-KYUSHU,Kyushu Works Yawata 블록,규슈,2028,BF_BOF,기준 BF-BOF 복합 블록,H2_DRI_EAF,수소 DRI + EAF,9900.0,7700.0,10.0,9.0,19.049562,1.8,1.8,1.8,17.249562,224.244306,58389.931,15833.659,42556.272,6557.425,1032.099,6693.351,49219.344,2685.658,-7797.946,model_estimate,Yawata BF→EAF 공시 방향을 반영해 조기 재투자 창을 설정; 블록 생산량 추정
NIPPON_STEEL_JP,Nippon Steel,DISCLOSED_PATH,P7,NS-SETOUCHI,Setouchi Works Hirohata 블록,세토우치,2035,BF_BOF,기준 BF-BOF 복합 블록,H2_DRI_EAF,수소 DRI + EAF,7425.0,5775.0,7.5,6.3,13.334693,13.334693,1.26,1.26,12.074693,72.44816,16853.72,4585.758,12267.962,3380.862,252.693,1817.633,13152.283,788.585,-2538.337,model_estimate,Hirohata EAF 투자 방향을 반영한 복합 블록; 생산량·재투자연도 추정
NIPPON_STEEL_JP,Nippon Steel,DISCLOSED_PATH,CURRENT,NS-EAST,East Nippon Works 블록,동일본,2033,BF_BOF,기준 BF-BOF 복합 블록,BF_RELINE,BF 개수·효율 패키지,2227.5,445.5,8.1,7.200001,15.239652,15.239652,13.680002,13.680002,1.55965,12.477198,-50.714,0.0,-50.714,290.287,31.353,63.242,0.0,3.093,-438.69,model_estimate,Nippon Steel 공식 생산·배출·용량 총량에 맞춘 지역 블록 배분
NIPPON_STEEL_JP,Nippon Steel,DISCLOSED_PATH,CURRENT,NS-NAGOYA,Nagoya Works 블록,나고야,2031,BF_BOF,기준 BF-BOF 복합 블록,BF_RELINE,BF 개수·효율 패키지,1925.0,385.0,7.0,6.199998,13.123027,13.123027,11.779996,11.779996,1.343031,13.430312,-82.432,0.0,-82.432,279.22,35.757,71.545,0.0,3.069,-472.023,model_estimate,Nippon Steel 공식 생산·배출·용량 총량에 맞춘 지역 블록 배분
NIPPON_STEEL_JP,Nippon Steel,DISCLOSED_PATH,CURRENT,NS-KANSAI,Kansai Works 블록,간사이,2035,BF_BOF,기준 BF-BOF 복합 블록,H2_DRI_EAF,수소 DRI + EAF,6237.0,4851.0,6.3,5.600001,11.853062,11.853062,1.12,1.12,10.733062,64.398373,14197.662,1652.103,12545.559,2839.924,224.616,1615.674,11690.92,82.827,-2256.299,model_estimate,Nippon Steel 공식 생산·배출·용량 총량에 맞춘 지역 블록 배분
NIPPON_STEEL_JP,Nippon Steel,DISCLOSED_PATH,CURRENT,NS-KYUSHU,Kyushu Works Yawata 블록,규슈,2028,BF_BOF,기준 BF-BOF 복합 블록,SCRAP_EAF,스크랩 기반 대형 EAF,6160.0,3960.0,10.0,9.0,19.049562,4.05,4.05,4.05,14.999562,194.994306,5356.877,939.095,4417.782,3372.39,516.049,8148.427,0.0,100.807,-6780.797,model_estimate,Yawata BF→EAF 공시 방향을 반영해 조기 재투자 창을 설정; 블록 생산량 추정
NIPPON_STEEL_JP,Nippon Steel,DISCLOSED_PATH,CURRENT,NS-SETOUCHI,Setouchi Works Hirohata 블록,세토우치,2037,BF_BOF,기준 BF-BOF 복합 블록,H2_DRI_EAF,수소 DRI + EAF,7425.0,5775.0,7.5,6.3,13.334693,13.334693,1.26,1.26,12.074693,48.298774,11063.322,1457.894,9605.428,3037.543,159.299,1154.44,8324.889,67.898,-1680.747,model_estimate,Hirohata EAF 투자 방향을 반영한 복합 블록; 생산량·재투자연도 추정
JFE_STEEL_JP,JFE Steel,ACCELERATED_15C,P1,JFE-KURA,West Japan Works Kurashiki,구라시키,2029,BF_BOF,기준 BF-BOF 복합 블록,SCRAP_EAF,스크랩 기반 대형 EAF,4558.4,2930.4,7.4,6.800001,14.384,3.06,3.06,3.06,11.324,135.888002,1789.009,709.64,1079.369,2365.468,299.458,6051.504,0.0,0.0,-6927.42,model_estimate,2028 혁신 EAF 공시를 반영한 조기 재투자 창; 생산량은 공식 총량에 맞춘 추정
JFE_STEEL_JP,JFE Steel,ACCELERATED_15C,P1,JFE-FUKU,West Japan Works Fukuyama,후쿠야마,2033,BF_BOF,기준 BF-BOF 복합 블록,SCRAP_EAF,스크랩 기반 대형 EAF,6036.8,3880.8,9.8,8.999997,19.037639,19.037639,4.049998,4.049998,14.98764,119.901123,1417.584,758.617,658.966,2528.725,235.149,4908.706,0.0,0.0,-6254.996,model_estimate,JFE 공식 생산·배출 총량에 맞춘 설비 블록 배분
JFE_STEEL_JP,JFE Steel,ACCELERATED_15C,P1,JFE-CHIBA,East Japan Works Chiba,치바,2036,BF_BOF,기준 BF-BOF 복합 블록,SCRAP_EAF,스크랩 기반 대형 EAF,3696.0,2376.0,6.0,5.449998,11.528348,11.528348,2.452499,2.452499,9.075849,45.379245,764.428,395.54,368.888,1318.467,68.124,1744.79,0.0,0.0,-2366.953,model_estimate,JFE 공식 생산·배출 총량에 맞춘 설비 블록 배분
JFE_STEEL_JP,JFE Steel,ACCELERATED_15C,P1,JFE-SENDAI,Sendai Works EAF,센다이,2033,EAF_BASELINE,기존 전기로 기준 블록,EAF_RENEWABLE,기존 EAF 재생전력 업그레이드,228.8,70.4,0.8,0.7,0.35,0.35,0.07,0.07,0.28,2.24,-54.3,9.175,-63.475,45.873,3.048,13.635,0.0,0.0,-116.856,model_estimate,공식 EAF 사업장 존재를 반영; 생산량·집약도·재투자연도 추정
JFE_STEEL_JP,JFE Steel,ACCELERATED_15C,P2,JFE-KURA,West Japan Works Kurashiki,구라시키,2029,BF_BOF,기준 BF-BOF 복합 블록,SCRAP_EAF,스크랩 기반 대형 EAF,4558.4,2930.4,7.4,6.800001,14.384,3.06,3.06,3.06,11.324,135.888002,1802.817,717.724,1085.093,2365.468,299.458,6051.504,0.0,13.808,-6927.42,model_estimate,2028 혁신 EAF 공시를 반영한 조기 재투자 창; 생산량은 공식 총량에 맞춘 추정
JFE_STEEL_JP,JFE Steel,ACCELERATED_15C,P2,JFE-FUKU,West Japan Works Fukuyama,후쿠야마,2033,BF_BOF,기준 BF-BOF 복합 블록,SCRAP_EAF,스크랩 기반 대형 EAF,6036.8,3880.8,9.8,8.999997,19.037639,19.037639,4.049998,4.049998,14.98764,119.901123,1430.004,760.135,669.87,2528.725,235.149,4908.706,0.0,12.421,-6254.996,model_estimate,JFE 공식 생산·배출 총량에 맞춘 설비 블록 배분
JFE_STEEL_JP,JFE Steel,ACCELERATED_15C,P2,JFE-CHIBA,East Japan Works Chiba,치바,2036,BF_BOF,기준 BF-BOF 복합 블록,H2_DRI_EAF,수소 DRI + EAF,5940.0,4620.0,6.0,5.449998,11.528348,11.528348,1.09,1.09,10.438348,52.191742,11586.433,1304.878,10281.555,2563.687,163.497,1433.22,10130.909,17.408,-2722.288,model_estimate,JFE 공식 생산·배출 총량에 맞춘 설비 블록 배분
JFE_STEEL_JP,JFE Steel,ACCELERATED_15C,P2,JFE-SENDAI,Sendai Works EAF,센다이,2033,EAF_BASELINE,기존 전기로 기준 블록,EAF_RENEWABLE,기존 EAF 재생전력 업그레이드,228.8,70.4,0.8,0.7,0.35,0.35,0.07,0.07,0.28,2.24,-54.188,9.193,-63.381,45.873,3.048,13.635,0.0,0.112,-116.856,model_estimate,공식 EAF 사업장 존재를 반영; 생산량·집약도·재투자연도 추정
JFE_STEEL_JP,JFE Steel,ACCELERATED_15C,P3,JFE-KURA,West Japan Works Kurashiki,구라시키,2029,BF_BOF,기준 BF-BOF 복합 블록,SCRAP_EAF,스크랩 기반 대형 EAF,4558.4,2930.4,7.4,6.800001,14.384,3.06,3.06,3.06,11.324,135.888002,1828.659,730.467,1098.193,2365.468,299.458,6051.504,0.0,39.65,-6927.42,model_estimate,2028 혁신 EAF 공시를 반영한 조기 재투자 창; 생산량은 공식 총량에 맞춘 추정
JFE_STEEL_JP,JFE Steel,ACCELERATED_15C,P3,JFE-FUKU,West Japan Works Fukuyama,후쿠야마,2033,BF_BOF,기준 BF-BOF 복합 블록,H2_DRI_EAF,수소 DRI + EAF,9702.0,7546.0,9.8,8.999997,19.037639,19.037639,1.799999,1.799999,17.237639,137.901116,31114.961,4674.343,26440.618,4916.965,509.49,4032.152,28698.795,151.579,-7194.019,model_estimate,JFE 공식 생산·배출 총량에 맞춘 설비 블록 배분
JFE_STEEL_JP,JFE Steel,ACCELERATED_15C,P3,JFE-CHIBA,East Japan Works Chiba,치바,2036,BF_BOF,기준 BF-BOF 복합 블록,SCRAP_EAF,스크랩 기반 대형 EAF,3696.0,2376.0,6.0,5.449998,11.528348,11.528348,2.452499,2.452499,9.075849,45.379245,779.202,397.617,381.585,1318.467,68.124,1744.79,0.0,14.774,-2366.953,model_estimate,JFE 공식 생산·배출 총량에 맞춘 설비 블록 배분
JFE_STEEL_JP,JFE Steel,ACCELERATED_15C,P3,JFE-SENDAI,Sendai Works EAF,센다이,2033,EAF_BASELINE,기존 전기로 기준 블록,EAF_RENEWABLE,기존 EAF 재생전력 업그레이드,228.8,70.4,0.8,0.7,0.35,0.35,0.07,0.07,0.28,2.24,-53.998,9.223,-63.221,45.873,3.048,13.635,0.0,0.302,-116.856,model_estimate,공식 EAF 사업장 존재를 반영; 생산량·집약도·재투자연도 추정
JFE_STEEL_JP,JFE Steel,ACCELERATED_15C,P4,JFE-KURA,West Japan Works Kurashiki,구라시키,2028,BF_BOF,기준 BF-BOF 복합 블록,SCRAP_EAF,스크랩 기반 대형 EAF,4558.4,2930.4,7.4,6.800001,14.384,3.06,3.06,3.06,11.324,147.212003,2198.002,804.149,1393.853,2495.569,334.203,6691.985,0.0,91.876,-7415.631,model_estimate,2028 혁신 EAF 공시를 반영한 조기 재투자 창; 생산량은 공식 총량에 맞춘 추정
JFE_STEEL_JP,JFE Steel,ACCELERATED_15C,P4,JFE-FUKU,West Japan Works Fukuyama,후쿠야마,2032,BF_BOF,기준 BF-BOF 복합 블록,H2_DRI_EAF,수소 DRI + EAF,9702.0,7546.0,9.8,8.999997,19.037639,19.037639,1.799999,1.799999,17.237639,155.138755,35796.878,7334.114,28462.764,5187.398,589.92,4632.655,33059.701,395.738,-8068.534,model_estimate,JFE 공식 생산·배출 총량에 맞춘 설비 블록 배분
JFE_STEEL_JP,JFE Steel,ACCELERATED_15C,P4,JFE-CHIBA,East Japan Works Chiba,치바,2035,BF_BOF,기준 BF-BOF 복합 블록,H2_DRI_EAF,수소 DRI + EAF,5940.0,4620.0,6.0,5.449998,11.528348,11.528348,1.09,1.09,10.438348,62.630091,13986.08,2981.89,11004.191,2704.689,201.784,1756.109,12439.209,156.561,-3272.272,model_estimate,JFE 공식 생산·배출 총량에 맞춘 설비 블록 배분
JFE_STEEL_JP,JFE Steel,ACCELERATED_15C,P4,JFE-SENDAI,Sendai Works EAF,센다이,2032,EAF_BASELINE,기존 전기로 기준 블록,EAF_RENEWABLE,기존 EAF 재생전력 업그레이드,228.8,70.4,0.8,0.7,0.35,0.35,0.07,0.07,0.28,2.52,-62.83,9.776,-72.606,48.396,3.529,15.666,0.0,0.641,-131.061,model_estimate,공식 EAF 사업장 존재를 반영; 생산량·집약도·재투자연도 추정
JFE_STEEL_JP,JFE Steel,ACCELERATED_15C,P5,JFE-KURA,West Japan Works Kurashiki,구라시키,2028,BF_BOF,기준 BF-BOF 복합 블록,SCRAP_EAF,스크랩 기반 대형 EAF,4558.4,2930.4,7.4,6.800001,14.384,3.06,3.06,3.06,11.324,147.212003,2263.789,836.18,1427.609,2495.569,334.203,6691.985,0.0,157.663,-7415.631,model_estimate,2028 혁신 EAF 공시를 반영한 조기 재투자 창; 생산량은 공식 총량에 맞춘 추정
JFE_STEEL_JP,JFE Steel,ACCELERATED_15C,P5,JFE-FUKU,West Japan Works Fukuyama,후쿠야마,2032,BF_BOF,기준 BF-BOF 복합 블록,H2_DRI_EAF,수소 DRI + EAF,9702.0,7546.0,9.8,8.999997,19.037639,19.037639,1.799999,1.799999,17.237639,155.138755,36103.727,10169.742,25933.986,5187.398,589.92,4632.655,33059.701,702.587,-8068.534,model_estimate,JFE 공식 생산·배출 총량에 맞춘 설비 블록 배분
JFE_STEEL_JP,JFE Steel,ACCELERATED_15C,P5,JFE-CHIBA,East Japan Works Chiba,치바,2035,BF_BOF,기준 BF-BOF 복합 블록,H2_DRI_EAF,수소 DRI + EAF,5940.0,4620.0,6.0,5.449998,11.528348,11.528348,1.09,1.09,10.438348,62.630091,14106.34,4028.603,10077.737,2704.689,201.784,1756.109,12439.209,276.82,-3272.272,model_estimate,JFE 공식 생산·배출 총량에 맞춘 설비 블록 배분
JFE_STEEL_JP,JFE Steel,ACCELERATED_15C,P5,JFE-SENDAI,Sendai Works EAF,센다이,2032,EAF_BASELINE,기존 전기로 기준 블록,EAF_RENEWABLE,기존 EAF 재생전력 업그레이드,228.8,70.4,0.8,0.7,0.35,0.35,0.07,0.07,0.28,2.52,-62.41,9.836,-72.246,48.396,3.529,15.666,0.0,1.061,-131.061,model_estimate,공식 EAF 사업장 존재를 반영; 생산량·집약도·재투자연도 추정
JFE_STEEL_JP,JFE Steel,ACCELERATED_15C,P6,JFE-KURA,West Japan Works Kurashiki,구라시키,2028,BF_BOF,기준 BF-BOF 복합 블록,H2_DRI_EAF,수소 DRI + EAF,7326.0,5698.0,7.4,6.800001,14.384,1.36,1.36,1.36,13.024,169.312005,43761.723,15704.252,28057.471,4852.495,724.108,5496.988,39717.901,1499.124,-8528.893,model_estimate,2028 혁신 EAF 공시를 반영한 조기 재투자 창; 생산량은 공식 총량에 맞춘 추정
JFE_STEEL_JP,JFE Steel,ACCELERATED_15C,P6,JFE-FUKU,West Japan Works Fukuyama,후쿠야마,2031,BF_BOF,기준 BF-BOF 복합 블록,H2_DRI_EAF,수소 DRI + EAF,9702.0,7546.0,9.8,8.999997,19.037639,19.037639,1.799999,1.799999,17.237639,172.376395,41548.59,14901.137,26647.453,5472.705,674.773,5257.178,37619.963,1447.608,-8923.638,model_estimate,JFE 공식 생산·배출 총량에 맞춘 설비 블록 배분
JFE_STEEL_JP,JFE Steel,ACCELERATED_15C,P6,JFE-CHIBA,East Japan Works Chiba,치바,2034,BF_BOF,기준 BF-BOF 복합 블록,H2_DRI_EAF,수소 DRI + EAF,5940.0,4620.0,6.0,5.449998,11.528348,11.528348,1.09,1.09,10.438348,73.068439,16816.313,6024.489,10791.823,2853.447,242.177,2092.111,14853.583,592.686,-3817.69,model_estimate,JFE 공식 생산·배출 총량에 맞춘 설비 블록 배분
JFE_STEEL_JP,JFE Steel,ACCELERATED_15C,P6,JFE-SENDAI,Sendai Works EAF,센다이,2031,EAF_BASELINE,기존 전기로 기준 블록,EAF_RENEWABLE,기존 EAF 재생전력 업그레이드,228.8,70.4,0.8,0.7,0.35,0.35,0.07,0.07,0.28,2.8,-70.0,10.515,-80.515,51.057,4.037,17.778,0.0,2.079,-144.951,model_estimate,공식 EAF 사업장 존재를 반영; 생산량·집약도·재투자연도 추정
JFE_STEEL_JP,JFE Steel,ACCELERATED_15C,P7,JFE-KURA,West Japan Works Kurashiki,구라시키,2028,BF_BOF,기준 BF-BOF 복합 블록,H2_DRI_EAF,수소 DRI + EAF,7326.0,5698.0,7.4,6.800001,14.384,1.36,1.36,1.36,13.024,169.312005,44415.348,17709.919,26705.428,4852.495,724.108,5496.988,39717.901,2152.749,-8528.893,model_estimate,2028 혁신 EAF 공시를 반영한 조기 재투자 창; 생산량은 공식 총량에 맞춘 추정
JFE_STEEL_JP,JFE Steel,ACCELERATED_15C,P7,JFE-FUKU,West Japan Works Fukuyama,후쿠야마,2030,BF_BOF,기준 BF-BOF 복합 블록,H2_DRI_EAF,수소 DRI + EAF,9702.0,7546.0,9.8,8.999997,19.037639,1.799999,1.799999,1.799999,17.237639,189.614034,47403.031,18867.099,28535.933,5773.704,764.294,5906.548,42388.316,2324.721,-9754.552,model_estimate,JFE 공식 생산·배출 총량에 맞춘 설비 블록 배분
JFE_STEEL_JP,JFE Steel,ACCELERATED_15C,P7,JFE-CHIBA,East Japan Works Chiba,치바,2033,BF_BOF,기준 BF-BOF 복합 블록,H2_DRI_EAF,수소 DRI + EAF,5940.0,4620.0,6.0,5.449998,11.528348,11.528348,1.09,1.09,10.438348,83.506788,19740.717,7822.341,11918.376,3010.387,284.792,2441.692,17378.715,981.51,-4356.378,model_estimate,JFE 공식 생산·배출 총량에 맞춘 설비 블록 배분
JFE_STEEL_JP,JFE Steel,ACCELERATED_15C,P7,JFE-SENDAI,Sendai Works EAF,센다이,2030,EAF_BASELINE,기존 전기로 기준 블록,EAF_RENEWABLE,기존 EAF 재생전력 업그레이드,228.8,70.4,0.8,0.7,0.35,0.07,0.07,0.07,0.28,3.08,-76.835,11.234,-88.068,53.865,4.573,19.974,0.0,3.202,-158.448,model_estimate,공식 EAF 사업장 존재를 반영; 생산량·집약도·재투자연도 추정
JFE_STEEL_JP,JFE Steel,ACCELERATED_15C,CURRENT,JFE-KURA,West Japan Works Kurashiki,구라시키,2027,BF_BOF,기준 BF-BOF 복합 블록,SCRAP_EAF,스크랩 기반 대형 EAF,4558.4,2930.4,7.4,6.800001,14.384,3.06,3.06,3.06,11.324,158.536003,2562.424,858.209,1704.215,2632.825,370.86,7354.864,0.0,71.617,-7867.742,model_estimate,2028 혁신 EAF 공시를 반영한 조기 재투자 창; 생산량은 공식 총량에 맞춘 추정
JFE_STEEL_JP,JFE Steel,ACCELERATED_15C,CURRENT,JFE-FUKU,West Japan Works Fukuyama,후쿠야마,2031,BF_BOF,기준 BF-BOF 복합 블록,SCRAP_EAF,스크랩 기반 대형 EAF,6036.8,3880.8,9.8,8.999997,19.037639,19.037639,4.049998,4.049998,14.98764,149.876403,1832.751,856.196,976.556,2814.534,311.434,6400.043,0.0,65.591,-7758.851,model_estimate,JFE 공식 생산·배출 총량에 맞춘 설비 블록 배분
JFE_STEEL_JP,JFE Steel,ACCELERATED_15C,CURRENT,JFE-CHIBA,East Japan Works Chiba,치바,2034,BF_BOF,기준 BF-BOF 복합 블록,H2_DRI_EAF,수소 DRI + EAF,5940.0,4620.0,6.0,5.449998,11.528348,11.528348,1.09,1.09,10.438348,73.068439,16312.853,3121.996,13190.857,2853.447,242.177,2092.111,14853.583,89.226,-3817.69,model_estimate,JFE 공식 생산·배출 총량에 맞춘 설비 블록 배분
JFE_STEEL_JP,JFE Steel,ACCELERATED_15C,CURRENT,JFE-SENDAI,Sendai Works EAF,센다이,2031,EAF_BASELINE,기존 전기로 기준 블록,EAF_RENEWABLE,기존 EAF 재생전력 업그레이드,228.8,70.4,0.8,0.7,0.35,0.35,0.07,0.07,0.28,2.8,-71.627,10.275,-81.902,51.057,4.037,17.778,0.0,0.452,-144.951,model_estimate,공식 EAF 사업장 존재를 반영; 생산량·집약도·재투자연도 추정
JFE_STEEL_JP,JFE Steel,DISCLOSED_PATH,P1,JFE-KURA,West Japan Works Kurashiki,구라시키,2029,BF_BOF,기준 BF-BOF 복합 블록,SCRAP_EAF,스크랩 기반 대형 EAF,4558.4,2930.4,7.4,6.800001,14.384,3.06,3.06,3.06,11.324,135.888002,3458.27,591.367,2866.903,2365.468,299.458,5543.673,0.0,0.0,-4750.329,model_estimate,2028 혁신 EAF 공시를 반영한 조기 재투자 창; 생산량은 공식 총량에 맞춘 추정
JFE_STEEL_JP,JFE Steel,DISCLOSED_PATH,P1,JFE-FUKU,West Japan Works Fukuyama,후쿠야마,2033,BF_BOF,기준 BF-BOF 복합 블록,SCRAP_EAF,스크랩 기반 대형 EAF,6036.8,3880.8,9.8,8.999997,19.037639,19.037639,4.049998,4.049998,14.98764,119.901123,2975.16,632.181,2342.979,2528.725,235.149,4426.928,0.0,0.0,-4215.642,model_estimate,JFE 공식 생산·배출 총량에 맞춘 설비 블록 배분
JFE_STEEL_JP,JFE Steel,DISCLOSED_PATH,P1,JFE-CHIBA,East Japan Works Chiba,치바,2036,BF_BOF,기준 BF-BOF 복합 블록,BF_RELINE,BF 개수·효율 패키지,1650.0,330.0,6.0,5.449998,11.528348,11.528348,10.354996,10.354996,1.173352,5.866759,5.99,0.0,5.99,183.12,0.0,27.801,0.0,0.0,-204.931,model_estimate,JFE 공식 생산·배출 총량에 맞춘 설비 블록 배분
JFE_STEEL_JP,JFE Steel,DISCLOSED_PATH,P1,JFE-SENDAI,Sendai Works EAF,센다이,2033,EAF_BASELINE,기존 전기로 기준 블록,EAF_RENEWABLE,기존 EAF 재생전력 업그레이드,228.8,70.4,0.8,0.7,0.35,0.35,0.07,0.07,0.28,2.24,-17.539,6.881,-24.42,45.873,3.048,12.297,0.0,0.0,-78.757,model_estimate,공식 EAF 사업장 존재를 반영; 생산량·집약도·재투자연도 추정
JFE_STEEL_JP,JFE Steel,DISCLOSED_PATH,P2,JFE-KURA,West Japan Works Kurashiki,구라시키,2029,BF_BOF,기준 BF-BOF 복합 블록,SCRAP_EAF,스크랩 기반 대형 EAF,4558.4,2930.4,7.4,6.800001,14.384,3.06,3.06,3.06,11.324,135.888002,3471.316,612.709,2858.607,2365.468,299.458,5543.673,0.0,13.046,-4750.329,model_estimate,2028 혁신 EAF 공시를 반영한 조기 재투자 창; 생산량은 공식 총량에 맞춘 추정
JFE_STEEL_JP,JFE Steel,DISCLOSED_PATH,P2,JFE-FUKU,West Japan Works Fukuyama,후쿠야마,2033,BF_BOF,기준 BF-BOF 복합 블록,SCRAP_EAF,스크랩 기반 대형 EAF,6036.8,3880.8,9.8,8.999997,19.037639,19.037639,4.049998,4.049998,14.98764,119.901123,2986.858,642.05,2344.808,2528.725,235.149,4426.928,0.0,11.698,-4215.642,model_estimate,JFE 공식 생산·배출 총량에 맞춘 설비 블록 배분
JFE_STEEL_JP,JFE Steel,DISCLOSED_PATH,P2,JFE-CHIBA,East Japan Works Chiba,치바,2036,BF_BOF,기준 BF-BOF 복합 블록,H2_DRI_EAF,수소 DRI + EAF,5940.0,4620.0,6.0,5.449998,11.528348,11.528348,1.09,1.09,10.438348,52.191742,11436.975,985.313,10451.662,2563.687,163.497,1278.862,9237.752,16.283,-1823.106,model_estimate,JFE 공식 생산·배출 총량에 맞춘 설비 블록 배분
JFE_STEEL_JP,JFE Steel,DISCLOSED_PATH,P2,JFE-SENDAI,Sendai Works EAF,센다이,2033,EAF_BASELINE,기존 전기로 기준 블록,EAF_RENEWABLE,기존 EAF 재생전력 업그레이드,228.8,70.4,0.8,0.7,0.35,0.35,0.07,0.07,0.28,2.24,-17.429,6.895,-24.324,45.873,3.048,12.297,0.0,0.11,-78.757,model_estimate,공식 EAF 사업장 존재를 반영; 생산량·집약도·재투자연도 추정
JFE_STEEL_JP,JFE Steel,DISCLOSED_PATH,P3,JFE-KURA,West Japan Works Kurashiki,구라시키,2029,BF_BOF,기준 BF-BOF 복합 블록,SCRAP_EAF,스크랩 기반 대형 EAF,4558.4,2930.4,7.4,6.800001,14.384,3.06,3.06,3.06,11.324,135.888002,3495.635,645.521,2850.114,2365.468,299.458,5543.673,0.0,37.365,-4750.329,model_estimate,2028 혁신 EAF 공시를 반영한 조기 재투자 창; 생산량은 공식 총량에 맞춘 추정
JFE_STEEL_JP,JFE Steel,DISCLOSED_PATH,P3,JFE-FUKU,West Japan Works Fukuyama,후쿠야마,2033,BF_BOF,기준 BF-BOF 복합 블록,H2_DRI_EAF,수소 DRI + EAF,9702.0,7546.0,9.8,8.999997,19.037639,19.037639,1.799999,1.799999,17.237639,137.901116,30773.009,3321.245,27451.763,4916.965,509.49,3636.405,26417.415,141.243,-4848.509,model_estimate,JFE 공식 생산·배출 총량에 맞춘 설비 블록 배분
JFE_STEEL_JP,JFE Steel,DISCLOSED_PATH,P3,JFE-CHIBA,East Japan Works Chiba,치바,2036,BF_BOF,기준 BF-BOF 복합 블록,BF_RELINE,BF 개수·효율 패키지,1650.0,330.0,6.0,5.449998,11.528348,11.528348,10.354996,10.354996,1.173352,5.866759,7.077,0.0,7.077,183.12,0.0,27.801,0.0,1.086,-204.931,model_estimate,JFE 공식 생산·배출 총량에 맞춘 설비 블록 배분
JFE_STEEL_JP,JFE Steel,DISCLOSED_PATH,P3,JFE-SENDAI,Sendai Works EAF,센다이,2033,EAF_BASELINE,기존 전기로 기준 블록,EAF_RENEWABLE,기존 EAF 재생전력 업그레이드,228.8,70.4,0.8,0.7,0.35,0.35,0.07,0.07,0.28,2.24,-17.243,6.917,-24.16,45.873,3.048,12.297,0.0,0.296,-78.757,model_estimate,공식 EAF 사업장 존재를 반영; 생산량·집약도·재투자연도 추정
JFE_STEEL_JP,JFE Steel,DISCLOSED_PATH,P4,JFE-KURA,West Japan Works Kurashiki,구라시키,2028,BF_BOF,기준 BF-BOF 복합 블록,SCRAP_EAF,스크랩 기반 대형 EAF,4558.4,2930.4,7.4,6.800001,14.384,3.06,3.06,3.06,11.324,147.212003,3953.684,734.265,3219.419,2495.569,334.203,6156.59,0.0,86.522,-5119.199,model_estimate,2028 혁신 EAF 공시를 반영한 조기 재투자 창; 생산량은 공식 총량에 맞춘 추정
JFE_STEEL_JP,JFE Steel,DISCLOSED_PATH,P4,JFE-FUKU,West Japan Works Fukuyama,후쿠야마,2032,BF_BOF,기준 BF-BOF 복합 블록,H2_DRI_EAF,수소 DRI + EAF,9702.0,7546.0,9.8,8.999997,19.037639,19.037639,1.799999,1.799999,17.237639,155.138755,35414.57,5088.032,30326.538,5187.398,589.92,4193.65,30531.413,368.593,-5456.403,model_estimate,JFE 공식 생산·배출 총량에 맞춘 설비 블록 배분
JFE_STEEL_JP,JFE Steel,DISCLOSED_PATH,P4,JFE-CHIBA,East Japan Works Chiba,치바,2035,BF_BOF,기준 BF-BOF 복합 블록,H2_DRI_EAF,수소 DRI + EAF,5940.0,4620.0,6.0,5.449998,11.528348,11.528348,1.09,1.09,10.438348,62.630091,13807.46,2093.973,11713.487,2704.689,201.784,1572.396,11377.765,145.171,-2194.345,model_estimate,JFE 공식 생산·배출 총량에 맞춘 설비 블록 배분
JFE_STEEL_JP,JFE Steel,DISCLOSED_PATH,P4,JFE-SENDAI,Sendai Works EAF,센다이,2032,EAF_BASELINE,기존 전기로 기준 블록,EAF_RENEWABLE,기존 EAF 재생전력 업그레이드,228.8,70.4,0.8,0.7,0.35,0.35,0.07,0.07,0.28,2.52,-21.899,7.332,-29.231,48.396,3.529,14.181,0.0,0.626,-88.631,model_estimate,공식 EAF 사업장 존재를 반영; 생산량·집약도·재투자연도 추정
JFE_STEEL_JP,JFE Steel,DISCLOSED_PATH,P5,JFE-KURA,West Japan Works Kurashiki,구라시키,2028,BF_BOF,기준 BF-BOF 복합 블록,SCRAP_EAF,스크랩 기반 대형 EAF,4558.4,2930.4,7.4,6.800001,14.384,3.06,3.06,3.06,11.324,147.212003,4015.456,794.932,3220.524,2495.569,334.203,6156.59,0.0,148.293,-5119.199,model_estimate,2028 혁신 EAF 공시를 반영한 조기 재투자 창; 생산량은 공식 총량에 맞춘 추정
JFE_STEEL_JP,JFE Steel,DISCLOSED_PATH,P5,JFE-FUKU,West Japan Works Fukuyama,후쿠야마,2032,BF_BOF,기준 BF-BOF 복합 블록,H2_DRI_EAF,수소 DRI + EAF,9702.0,7546.0,9.8,8.999997,19.037639,19.037639,1.799999,1.799999,17.237639,155.138755,35699.797,6953.133,28746.664,5187.398,589.92,4193.65,30531.413,653.82,-5456.403,model_estimate,JFE 공식 생산·배출 총량에 맞춘 설비 블록 배분
JFE_STEEL_JP,JFE Steel,DISCLOSED_PATH,P5,JFE-CHIBA,East Japan Works Chiba,치바,2035,BF_BOF,기준 BF-BOF 복합 블록,H2_DRI_EAF,수소 DRI + EAF,5940.0,4620.0,6.0,5.449998,11.528348,11.528348,1.09,1.09,10.438348,62.630091,13918.646,2780.22,11138.426,2704.689,201.784,1572.396,11377.765,256.357,-2194.345,model_estimate,JFE 공식 생산·배출 총량에 맞춘 설비 블록 배분
JFE_STEEL_JP,JFE Steel,DISCLOSED_PATH,P5,JFE-SENDAI,Sendai Works EAF,센다이,2032,EAF_BASELINE,기존 전기로 기준 블록,EAF_RENEWABLE,기존 EAF 재생전력 업그레이드,228.8,70.4,0.8,0.7,0.35,0.35,0.07,0.07,0.28,2.52,-21.49,7.377,-28.867,48.396,3.529,14.181,0.0,1.035,-88.631,model_estimate,공식 EAF 사업장 존재를 반영; 생산량·집약도·재투자연도 추정
JFE_STEEL_JP,JFE Steel,DISCLOSED_PATH,P6,JFE-KURA,West Japan Works Kurashiki,구라시키,2028,BF_BOF,기준 BF-BOF 복합 블록,H2_DRI_EAF,수소 DRI + EAF,7326.0,5698.0,7.4,6.800001,14.384,1.36,1.36,1.36,13.024,169.312005,43344.046,10602.445,32741.601,4852.495,724.108,5057.199,37187.952,1410.005,-5887.712,model_estimate,2028 혁신 EAF 공시를 반영한 조기 재투자 창; 생산량은 공식 총량에 맞춘 추정
JFE_STEEL_JP,JFE Steel,DISCLOSED_PATH,P6,JFE-FUKU,West Japan Works Fukuyama,후쿠야마,2031,BF_BOF,기준 BF-BOF 복합 블록,H2_DRI_EAF,수소 DRI + EAF,9702.0,7546.0,9.8,8.999997,19.037639,19.037639,1.799999,1.799999,17.237639,172.376395,41075.94,10083.646,30992.294,5472.705,674.773,4777.339,34859.117,1350.358,-6058.352,model_estimate,JFE 공식 생산·배출 총량에 맞춘 설비 블록 배분
JFE_STEEL_JP,JFE Steel,DISCLOSED_PATH,P6,JFE-CHIBA,East Japan Works Chiba,치바,2034,BF_BOF,기준 BF-BOF 복합 블록,H2_DRI_EAF,수소 DRI + EAF,5940.0,4620.0,6.0,5.449998,11.528348,11.528348,1.09,1.09,10.438348,73.068439,16588.406,4098.751,12489.655,2853.447,242.177,1879.908,13628.998,549.57,-2565.694,model_estimate,JFE 공식 생산·배출 총량에 맞춘 설비 블록 배분
JFE_STEEL_JP,JFE Steel,DISCLOSED_PATH,P6,JFE-SENDAI,Sendai Works EAF,센다이,2031,EAF_BASELINE,기존 전기로 기준 블록,EAF_RENEWABLE,기존 EAF 재생전력 업그레이드,228.8,70.4,0.8,0.7,0.35,0.35,0.07,0.07,0.28,2.8,-25.131,7.886,-33.018,51.057,4.037,16.155,0.0,2.028,-98.409,model_estimate,공식 EAF 사업장 존재를 반영; 생산량·집약도·재투자연도 추정
JFE_STEEL_JP,JFE Steel,DISCLOSED_PATH,P7,JFE-KURA,West Japan Works Kurashiki,구라시키,2028,BF_BOF,기준 BF-BOF 복합 블록,H2_DRI_EAF,수소 DRI + EAF,7326.0,5698.0,7.4,6.800001,14.384,1.36,1.36,1.36,13.024,169.312005,43958.844,11919.487,32039.357,4852.495,724.108,5057.199,37187.952,2024.803,-5887.712,model_estimate,2028 혁신 EAF 공시를 반영한 조기 재투자 창; 생산량은 공식 총량에 맞춘 추정
JFE_STEEL_JP,JFE Steel,DISCLOSED_PATH,P7,JFE-FUKU,West Japan Works Fukuyama,후쿠야마,2030,BF_BOF,기준 BF-BOF 복합 블록,H2_DRI_EAF,수소 DRI + EAF,9702.0,7546.0,9.8,8.999997,19.037639,1.799999,1.799999,1.799999,17.237639,189.614034,46860.583,12712.563,34148.02,5773.704,764.294,5388.696,39411.588,2174.163,-6651.862,model_estimate,JFE 공식 생산·배출 총량에 맞춘 설비 블록 배분
JFE_STEEL_JP,JFE Steel,DISCLOSED_PATH,P7,JFE-CHIBA,East Japan Works Chiba,치바,2033,BF_BOF,기준 BF-BOF 복합 블록,H2_DRI_EAF,수소 DRI + EAF,5940.0,4620.0,6.0,5.449998,11.528348,11.528348,1.09,1.09,10.438348,83.506788,19470.062,5288.307,14181.754,3010.387,284.792,2202.045,15997.213,911.667,-2936.042,model_estimate,JFE 공식 생산·배출 총량에 맞춘 설비 블록 배분
JFE_STEEL_JP,JFE Steel,DISCLOSED_PATH,P7,JFE-SENDAI,Sendai Works EAF,센다이,2030,EAF_BASELINE,기존 전기로 기준 블록,EAF_RENEWABLE,기존 EAF 재생전력 업그레이드,228.8,70.4,0.8,0.7,0.35,0.07,0.07,0.07,0.28,3.08,-28.266,8.425,-36.691,53.865,4.573,18.223,0.0,3.123,-108.05,model_estimate,공식 EAF 사업장 존재를 반영; 생산량·집약도·재투자연도 추정
JFE_STEEL_JP,JFE Steel,DISCLOSED_PATH,CURRENT,JFE-KURA,West Japan Works Kurashiki,구라시키,2027,BF_BOF,기준 BF-BOF 복합 블록,SCRAP_EAF,스크랩 기반 대형 EAF,4558.4,2930.4,7.4,6.800001,14.384,3.06,3.06,3.06,11.324,158.536003,4393.467,773.118,3620.349,2632.825,370.86,6796.374,0.0,67.428,-5474.02,model_estimate,2028 혁신 EAF 공시를 반영한 조기 재투자 창; 생산량은 공식 총량에 맞춘 추정
JFE_STEEL_JP,JFE Steel,DISCLOSED_PATH,CURRENT,JFE-FUKU,West Japan Works Fukuyama,후쿠야마,2031,BF_BOF,기준 BF-BOF 복합 블록,SCRAP_EAF,스크랩 기반 대형 EAF,6036.8,3880.8,9.8,8.999997,19.037639,19.037639,4.049998,4.049998,14.98764,149.876403,3735.503,766.154,2969.349,2814.534,311.434,5815.891,0.0,61.21,-5267.566,model_estimate,JFE 공식 생산·배출 총량에 맞춘 설비 블록 배분
JFE_STEEL_JP,JFE Steel,DISCLOSED_PATH,CURRENT,JFE-CHIBA,East Japan Works Chiba,치바,2034,BF_BOF,기준 BF-BOF 복합 블록,H2_DRI_EAF,수소 DRI + EAF,5940.0,4620.0,6.0,5.449998,11.528348,11.528348,1.09,1.09,10.438348,73.068439,16121.878,2195.271,13926.607,2853.447,242.177,1879.908,13628.998,83.042,-2565.694,model_estimate,JFE 공식 생산·배출 총량에 맞춘 설비 블록 배분
JFE_STEEL_JP,JFE Steel,DISCLOSED_PATH,CURRENT,JFE-SENDAI,Sendai Works EAF,센다이,2031,EAF_BASELINE,기존 전기로 기준 블록,EAF_RENEWABLE,기존 EAF 재생전력 업그레이드,228.8,70.4,0.8,0.7,0.35,0.35,0.07,0.07,0.28,2.8,-26.719,7.706,-34.425,51.057,4.037,16.155,0.0,0.44,-98.409,model_estimate,공식 EAF 사업장 존재를 반영; 생산량·집약도·재투자연도 추정
KOBE_STEEL_JP,Kobe Steel,ACCELERATED_15C,P1,KOB-BF1,Kakogawa Works BF 블록 1,가코가와,2029,BF_BOF,기준 BF-BOF 복합 블록,H2_DRI_EAF,수소 DRI + EAF,3118.5,2425.5,3.15,2.95,7.173636,0.59,0.59,0.59,6.583636,79.003637,15851.221,685.266,15165.954,1957.904,238.172,2156.484,15526.18,0.0,-4027.518,model_estimate,Kobe Steel 공식 조강·목표경계 배출 총량에 맞춘 블록 배분
KOBE_STEEL_JP,Kobe Steel,ACCELERATED_15C,P1,KOB-BF3,Kakogawa Works BF 블록 3,가코가와,2037,BF_BOF,기준 BF-BOF 복합 블록,SCRAP_EAF,스크랩 기반 대형 EAF,1878.8,1207.8,3.05,2.909999,7.076364,7.076364,1.3095,1.3095,5.766864,23.067457,187.757,190.584,-2.827,635.28,22.64,729.967,0.0,0.0,-1200.131,model_estimate,2016년 BF3 개수와 장기 수명주기를 반영한 재투자연도 추정
KOBE_STEEL_JP,Kobe Steel,ACCELERATED_15C,P1,KOB-TAKA,Takasago Works EAF block,다카사고,2033,EAF_BASELINE,기존 전기로 기준 블록,EAF_RENEWABLE,기존 EAF 재생전력 업그레이드,40.04,12.32,0.14,0.1,0.05,0.05,0.01,0.01,0.04,0.32,-6.718,1.606,-8.324,8.028,0.0,1.948,0.0,0.0,-16.694,model_estimate,다카사고 포함 공식 조강 총량에 맞춘 소규모 EAF 블록 추정
KOBE_STEEL_JP,Kobe Steel,ACCELERATED_15C,P2,KOB-BF1,Kakogawa Works BF 블록 1,가코가와,2029,BF_BOF,기준 BF-BOF 복합 블록,H2_DRI_EAF,수소 DRI + EAF,3118.5,2425.5,3.15,2.95,7.173636,0.59,0.59,0.59,6.583636,79.003637,15873.898,1312.68,14561.217,1957.904,238.172,2156.484,15526.18,22.677,-4027.518,model_estimate,Kobe Steel 공식 조강·목표경계 배출 총량에 맞춘 블록 배분
KOBE_STEEL_JP,Kobe Steel,ACCELERATED_15C,P2,KOB-BF3,Kakogawa Works BF 블록 3,가코가와,2037,BF_BOF,기준 BF-BOF 복합 블록,SCRAP_EAF,스크랩 기반 대형 EAF,1878.8,1207.8,3.05,2.909999,7.076364,7.076364,1.3095,1.3095,5.766864,23.067457,190.122,190.965,-0.843,635.28,22.64,729.967,0.0,2.366,-1200.131,model_estimate,2016년 BF3 개수와 장기 수명주기를 반영한 재투자연도 추정
KOBE_STEEL_JP,Kobe Steel,ACCELERATED_15C,P2,KOB-TAKA,Takasago Works EAF block,다카사고,2033,EAF_BASELINE,기존 전기로 기준 블록,EAF_RENEWABLE,기존 EAF 재생전력 업그레이드,40.04,12.32,0.14,0.1,0.05,0.05,0.01,0.01,0.04,0.32,-6.699,1.609,-8.308,8.028,0.0,1.948,0.0,0.019,-16.694,model_estimate,다카사고 포함 공식 조강 총량에 맞춘 소규모 EAF 블록 추정
KOBE_STEEL_JP,Kobe Steel,ACCELERATED_15C,P3,KOB-BF1,Kakogawa Works BF 블록 1,가코가와,2029,BF_BOF,기준 BF-BOF 복합 블록,H2_DRI_EAF,수소 DRI + EAF,3118.5,2425.5,3.15,2.95,7.173636,0.59,0.59,0.59,6.583636,79.003637,15929.427,2259.504,13669.923,1957.904,238.172,2156.484,15526.18,78.206,-4027.518,model_estimate,Kobe Steel 공식 조강·목표경계 배출 총량에 맞춘 블록 배분
KOBE_STEEL_JP,Kobe Steel,ACCELERATED_15C,P3,KOB-BF3,Kakogawa Works BF 블록 3,가코가와,2037,BF_BOF,기준 BF-BOF 복합 블록,SCRAP_EAF,스크랩 기반 대형 EAF,1878.8,1207.8,3.05,2.909999,7.076364,7.076364,1.3095,1.3095,5.766864,23.067457,194.377,191.585,2.792,635.28,22.64,729.967,0.0,6.62,-1200.131,model_estimate,2016년 BF3 개수와 장기 수명주기를 반영한 재투자연도 추정
KOBE_STEEL_JP,Kobe Steel,ACCELERATED_15C,P3,KOB-TAKA,Takasago Works EAF block,다카사고,2033,EAF_BASELINE,기존 전기로 기준 블록,EAF_RENEWABLE,기존 EAF 재생전력 업그레이드,40.04,12.32,0.14,0.1,0.05,0.05,0.01,0.01,0.04,0.32,-6.667,1.614,-8.281,8.028,0.0,1.948,0.0,0.051,-16.694,model_estimate,다카사고 포함 공식 조강 총량에 맞춘 소규모 EAF 블록 추정
KOBE_STEEL_JP,Kobe Steel,ACCELERATED_15C,P4,KOB-BF1,Kakogawa Works BF 블록 1,가코가와,2028,BF_BOF,기준 BF-BOF 복합 블록,H2_DRI_EAF,수소 DRI + EAF,3118.5,2425.5,3.15,2.95,7.173636,0.59,0.59,0.59,6.583636,85.587273,17834.898,3564.943,14269.955,2065.589,265.806,2384.723,17230.56,199.578,-4311.358,model_estimate,Kobe Steel 공식 조강·목표경계 배출 총량에 맞춘 블록 배분
KOBE_STEEL_JP,Kobe Steel,ACCELERATED_15C,P4,KOB-BF3,Kakogawa Works BF 블록 3,가코가와,2036,BF_BOF,기준 BF-BOF 복합 블록,SCRAP_EAF,스크랩 기반 대형 EAF,1878.8,1207.8,3.05,2.909999,7.076364,7.076364,1.3095,1.3095,5.766864,28.834321,142.981,203.077,-60.096,670.221,29.099,931.622,0.0,16.018,-1503.98,model_estimate,2016년 BF3 개수와 장기 수명주기를 반영한 재투자연도 추정
KOBE_STEEL_JP,Kobe Steel,ACCELERATED_15C,P4,KOB-TAKA,Takasago Works EAF block,다카사고,2032,EAF_BASELINE,기존 전기로 기준 블록,EAF_RENEWABLE,기존 EAF 재생전력 업그레이드,40.04,12.32,0.14,0.1,0.05,0.05,0.01,0.01,0.04,0.36,-7.909,1.711,-9.62,8.469,0.0,2.238,0.0,0.107,-18.723,model_estimate,다카사고 포함 공식 조강 총량에 맞춘 소규모 EAF 블록 추정
KOBE_STEEL_JP,Kobe Steel,ACCELERATED_15C,P5,KOB-BF1,Kakogawa Works BF 블록 1,가코가와,2028,BF_BOF,기준 BF-BOF 복합 블록,H2_DRI_EAF,수소 DRI + EAF,3118.5,2425.5,3.15,2.95,7.173636,0.59,0.59,0.59,6.583636,85.587273,17990.615,5025.398,12965.216,2065.589,265.806,2384.723,17230.56,355.295,-4311.358,model_estimate,Kobe Steel 공식 조강·목표경계 배출 총량에 맞춘 블록 배분
KOBE_STEEL_JP,Kobe Steel,ACCELERATED_15C,P5,KOB-BF3,Kakogawa Works BF 블록 3,가코가와,2036,BF_BOF,기준 BF-BOF 복합 블록,H2_DRI_EAF,수소 DRI + EAF,3019.5,2348.5,3.05,2.909999,7.076364,7.076364,0.582,0.582,6.494364,32.471819,5986.601,1722.333,4264.268,1303.207,80.024,765.261,5409.348,122.471,-1693.709,model_estimate,2016년 BF3 개수와 장기 수명주기를 반영한 재투자연도 추정
KOBE_STEEL_JP,Kobe Steel,ACCELERATED_15C,P5,KOB-TAKA,Takasago Works EAF block,다카사고,2032,EAF_BASELINE,기존 전기로 기준 블록,EAF_RENEWABLE,기존 EAF 재생전력 업그레이드,40.04,12.32,0.14,0.1,0.05,0.05,0.01,0.01,0.04,0.36,-7.839,1.721,-9.56,8.469,0.0,2.238,0.0,0.177,-18.723,model_estimate,다카사고 포함 공식 조강 총량에 맞춘 소규모 EAF 블록 추정
KOBE_STEEL_JP,Kobe Steel,ACCELERATED_15C,P6,KOB-BF1,Kakogawa Works BF 블록 1,가코가와,2028,BF_BOF,기준 BF-BOF 복합 블록,H2_DRI_EAF,수소 DRI + EAF,3118.5,2425.5,3.15,2.95,7.173636,0.59,0.59,0.59,6.583636,85.587273,18284.499,6561.149,11723.35,2065.589,265.806,2384.723,17230.56,649.179,-4311.358,model_estimate,Kobe Steel 공식 조강·목표경계 배출 총량에 맞춘 블록 배분
KOBE_STEEL_JP,Kobe Steel,ACCELERATED_15C,P6,KOB-BF3,Kakogawa Works BF 블록 3,가코가와,2035,BF_BOF,기준 BF-BOF 복합 블록,H2_DRI_EAF,수소 DRI + EAF,3019.5,2348.5,3.05,2.909999,7.076364,7.076364,0.582,0.582,6.494364,38.966183,7285.31,2608.554,4676.756,1374.884,98.763,937.665,6641.853,268.034,-2035.889,model_estimate,2016년 BF3 개수와 장기 수명주기를 반영한 재투자연도 추정
KOBE_STEEL_JP,Kobe Steel,ACCELERATED_15C,P6,KOB-TAKA,Takasago Works EAF block,다카사고,2031,EAF_BASELINE,기존 전기로 기준 블록,EAF_RENEWABLE,기존 EAF 재생전력 업그레이드,40.04,12.32,0.14,0.1,0.05,0.05,0.01,0.01,0.04,0.4,-8.887,1.84,-10.727,8.935,0.0,2.54,0.0,0.346,-20.707,model_estimate,다카사고 포함 공식 조강 총량에 맞춘 소규모 EAF 블록 추정
KOBE_STEEL_JP,Kobe Steel,ACCELERATED_15C,P7,KOB-BF1,Kakogawa Works BF 블록 1,가코가와,2028,BF_BOF,기준 BF-BOF 복합 블록,H2_DRI_EAF,수소 DRI + EAF,3118.5,2425.5,3.15,2.95,7.173636,0.59,0.59,0.59,6.583636,85.587273,18567.543,7401.391,11166.152,2065.589,265.806,2384.723,17230.56,932.223,-4311.358,model_estimate,Kobe Steel 공식 조강·목표경계 배출 총량에 맞춘 블록 배분
KOBE_STEEL_JP,Kobe Steel,ACCELERATED_15C,P7,KOB-BF3,Kakogawa Works BF 블록 3,가코가와,2034,BF_BOF,기준 BF-BOF 복합 블록,H2_DRI_EAF,수소 DRI + EAF,3019.5,2348.5,3.05,2.909999,7.076364,7.076364,0.582,0.582,6.494364,45.460547,8693.201,3437.558,5255.643,1450.502,118.533,1117.072,7930.995,451.327,-2375.229,model_estimate,2016년 BF3 개수와 장기 수명주기를 반영한 재투자연도 추정
KOBE_STEEL_JP,Kobe Steel,ACCELERATED_15C,P7,KOB-TAKA,Takasago Works EAF block,다카사고,2030,EAF_BASELINE,기존 전기로 기준 블록,EAF_RENEWABLE,기존 EAF 재생전력 업그레이드,40.04,12.32,0.14,0.1,0.05,0.01,0.01,0.01,0.04,0.44,-9.824,1.966,-11.79,9.426,0.0,2.853,0.0,0.531,-22.635,model_estimate,다카사고 포함 공식 조강 총량에 맞춘 소규모 EAF 블록 추정
KOBE_STEEL_JP,Kobe Steel,ACCELERATED_15C,CURRENT,KOB-BF1,Kakogawa Works BF 블록 1,가코가와,2028,BF_BOF,기준 BF-BOF 복합 블록,H2_DRI_EAF,수소 DRI + EAF,3118.5,2425.5,3.15,2.95,7.173636,0.59,0.59,0.59,6.583636,85.587273,17687.582,2131.084,15556.498,2065.589,265.806,2384.723,17230.56,52.262,-4311.358,model_estimate,Kobe Steel 공식 조강·목표경계 배출 총량에 맞춘 블록 배분
KOBE_STEEL_JP,Kobe Steel,ACCELERATED_15C,CURRENT,KOB-BF3,Kakogawa Works BF 블록 3,가코가와,2036,BF_BOF,기준 BF-BOF 복합 블록,SCRAP_EAF,스크랩 기반 대형 EAF,1878.8,1207.8,3.05,2.909999,7.076364,7.076364,1.3095,1.3095,5.766864,28.834321,133.37,201.871,-68.501,670.221,29.099,931.622,0.0,6.407,-1503.98,model_estimate,2016년 BF3 개수와 장기 수명주기를 반영한 재투자연도 추정
KOBE_STEEL_JP,Kobe Steel,ACCELERATED_15C,CURRENT,KOB-TAKA,Takasago Works EAF block,다카사고,2032,EAF_BASELINE,기존 전기로 기준 블록,EAF_RENEWABLE,기존 EAF 재생전력 업그레이드,40.04,12.32,0.14,0.1,0.05,0.05,0.01,0.01,0.04,0.36,-7.973,1.701,-9.674,8.469,0.0,2.238,0.0,0.043,-18.723,model_estimate,다카사고 포함 공식 조강 총량에 맞춘 소규모 EAF 블록 추정
KOBE_STEEL_JP,Kobe Steel,DISCLOSED_PATH,P1,KOB-BF1,Kakogawa Works BF 블록 1,가코가와,2029,BF_BOF,기준 BF-BOF 복합 블록,SCRAP_EAF,스크랩 기반 대형 EAF,1940.4,1247.4,3.15,2.95,7.173636,1.3275,1.3275,1.3275,5.846136,70.153636,1046.098,251.731,794.367,1006.922,86.608,2404.976,0.0,0.0,-2452.408,model_estimate,Kobe Steel 공식 조강·목표경계 배출 총량에 맞춘 블록 배분
KOBE_STEEL_JP,Kobe Steel,DISCLOSED_PATH,P1,KOB-BF3,Kakogawa Works BF 블록 3,가코가와,2037,BF_BOF,기준 BF-BOF 복합 블록,SCRAP_EAF,스크랩 기반 대형 EAF,1878.8,1207.8,3.05,2.909999,7.076364,7.076364,1.3095,1.3095,5.766864,23.067457,504.36,158.82,345.54,635.28,22.64,649.163,0.0,0.0,-802.724,model_estimate,2016년 BF3 개수와 장기 수명주기를 반영한 재투자연도 추정
KOBE_STEEL_JP,Kobe Steel,DISCLOSED_PATH,P1,KOB-TAKA,Takasago Works EAF block,다카사고,2033,EAF_BASELINE,기존 전기로 기준 블록,EAF_RENEWABLE,기존 EAF 재생전력 업그레이드,40.04,12.32,0.14,0.1,0.05,0.05,0.01,0.01,0.04,0.32,-1.467,1.204,-2.671,8.028,0.0,1.757,0.0,0.0,-11.251,model_estimate,다카사고 포함 공식 조강 총량에 맞춘 소규모 EAF 블록 추정
KOBE_STEEL_JP,Kobe Steel,DISCLOSED_PATH,P2,KOB-BF1,Kakogawa Works BF 블록 1,가코가와,2029,BF_BOF,기준 BF-BOF 복합 블록,SCRAP_EAF,스크랩 기반 대형 EAF,1940.4,1247.4,3.15,2.95,7.173636,1.3275,1.3275,1.3275,5.846136,70.153636,1051.719,255.792,795.927,1006.922,86.608,2404.976,0.0,5.621,-2452.408,model_estimate,Kobe Steel 공식 조강·목표경계 배출 총량에 맞춘 블록 배분
KOBE_STEEL_JP,Kobe Steel,DISCLOSED_PATH,P2,KOB-BF3,Kakogawa Works BF 블록 3,가코가와,2037,BF_BOF,기준 BF-BOF 복합 블록,H2_DRI_EAF,수소 DRI + EAF,3019.5,2348.5,3.05,2.909999,7.076364,7.076364,0.582,0.582,6.494364,25.977455,4779.201,452.811,4326.39,1235.268,62.261,533.241,3845.304,7.116,-903.989,model_estimate,2016년 BF3 개수와 장기 수명주기를 반영한 재투자연도 추정
KOBE_STEEL_JP,Kobe Steel,DISCLOSED_PATH,P2,KOB-TAKA,Takasago Works EAF block,다카사고,2033,EAF_BASELINE,기존 전기로 기준 블록,EAF_RENEWABLE,기존 EAF 재생전력 업그레이드,40.04,12.32,0.14,0.1,0.05,0.05,0.01,0.01,0.04,0.32,-1.448,1.207,-2.654,8.028,0.0,1.757,0.0,0.019,-11.251,model_estimate,다카사고 포함 공식 조강 총량에 맞춘 소규모 EAF 블록 추정
KOBE_STEEL_JP,Kobe Steel,DISCLOSED_PATH,P3,KOB-BF1,Kakogawa Works BF 블록 1,가코가와,2029,BF_BOF,기준 BF-BOF 복합 블록,SCRAP_EAF,스크랩 기반 대형 EAF,1940.4,1247.4,3.15,2.95,7.173636,1.3275,1.3275,1.3275,5.846136,70.153636,1062.207,262.131,800.075,1006.922,86.608,2404.976,0.0,16.109,-2452.408,model_estimate,Kobe Steel 공식 조강·목표경계 배출 총량에 맞춘 블록 배분
KOBE_STEEL_JP,Kobe Steel,DISCLOSED_PATH,P3,KOB-BF3,Kakogawa Works BF 블록 3,가코가와,2037,BF_BOF,기준 BF-BOF 복합 블록,H2_DRI_EAF,수소 DRI + EAF,3019.5,2348.5,3.05,2.909999,7.076364,7.076364,0.582,0.582,6.494364,25.977455,4795.39,614.214,4181.176,1235.268,62.261,533.241,3845.304,23.305,-903.989,model_estimate,2016년 BF3 개수와 장기 수명주기를 반영한 재투자연도 추정
KOBE_STEEL_JP,Kobe Steel,DISCLOSED_PATH,P3,KOB-TAKA,Takasago Works EAF block,다카사고,2033,EAF_BASELINE,기존 전기로 기준 블록,EAF_RENEWABLE,기존 EAF 재생전력 업그레이드,40.04,12.32,0.14,0.1,0.05,0.05,0.01,0.01,0.04,0.32,-1.417,1.21,-2.627,8.028,0.0,1.757,0.0,0.05,-11.251,model_estimate,다카사고 포함 공식 조강 총량에 맞춘 소규모 EAF 블록 추정
KOBE_STEEL_JP,Kobe Steel,DISCLOSED_PATH,P4,KOB-BF1,Kakogawa Works BF 블록 1,가코가와,2028,BF_BOF,기준 BF-BOF 복합 블록,H2_DRI_EAF,수소 DRI + EAF,3118.5,2425.5,3.15,2.95,7.173636,0.59,0.59,0.59,6.583636,85.587273,17869.888,2478.186,15391.702,2065.589,265.806,2193.932,16133.008,187.792,-2976.24,model_estimate,Kobe Steel 공식 조강·목표경계 배출 총량에 맞춘 블록 배분
KOBE_STEEL_JP,Kobe Steel,DISCLOSED_PATH,P4,KOB-BF3,Kakogawa Works BF 블록 3,가코가와,2036,BF_BOF,기준 BF-BOF 복합 블록,SCRAP_EAF,스크랩 기반 대형 EAF,1878.8,1207.8,3.05,2.909999,7.076364,7.076364,1.3095,1.3095,5.766864,28.834321,538.411,169.231,369.181,670.221,29.099,831.286,0.0,15.015,-1007.21,model_estimate,2016년 BF3 개수와 장기 수명주기를 반영한 재투자연도 추정
KOBE_STEEL_JP,Kobe Steel,DISCLOSED_PATH,P4,KOB-TAKA,Takasago Works EAF block,다카사고,2032,EAF_BASELINE,기존 전기로 기준 블록,EAF_RENEWABLE,기존 EAF 재생전력 업그레이드,40.04,12.32,0.14,0.1,0.05,0.05,0.01,0.01,0.04,0.36,-2.062,1.283,-3.345,8.469,0.0,2.026,0.0,0.105,-12.662,model_estimate,다카사고 포함 공식 조강 총량에 맞춘 소규모 EAF 블록 추정
KOBE_STEEL_JP,Kobe Steel,DISCLOSED_PATH,P5,KOB-BF1,Kakogawa Works BF 블록 1,가코가와,2028,BF_BOF,기준 BF-BOF 복합 블록,H2_DRI_EAF,수소 DRI + EAF,3118.5,2425.5,3.15,2.95,7.173636,0.59,0.59,0.59,6.583636,85.587273,18016.216,3452.834,14563.382,2065.589,265.806,2193.932,16133.008,334.121,-2976.24,model_estimate,Kobe Steel 공식 조강·목표경계 배출 총량에 맞춘 블록 배분
KOBE_STEEL_JP,Kobe Steel,DISCLOSED_PATH,P5,KOB-BF3,Kakogawa Works BF 블록 3,가코가와,2036,BF_BOF,기준 BF-BOF 복합 블록,H2_DRI_EAF,수소 DRI + EAF,3019.5,2348.5,3.05,2.909999,7.076364,7.076364,0.582,0.582,6.494364,32.471819,5977.532,1208.394,4769.138,1303.207,80.024,682.842,4932.451,113.279,-1134.271,model_estimate,2016년 BF3 개수와 장기 수명주기를 반영한 재투자연도 추정
KOBE_STEEL_JP,Kobe Steel,DISCLOSED_PATH,P5,KOB-TAKA,Takasago Works EAF block,다카사고,2032,EAF_BASELINE,기존 전기로 기준 블록,EAF_RENEWABLE,기존 EAF 재생전력 업그레이드,40.04,12.32,0.14,0.1,0.05,0.05,0.01,0.01,0.04,0.36,-1.993,1.291,-3.284,8.469,0.0,2.026,0.0,0.173,-12.662,model_estimate,다카사고 포함 공식 조강 총량에 맞춘 소규모 EAF 블록 추정
KOBE_STEEL_JP,Kobe Steel,DISCLOSED_PATH,P6,KOB-BF1,Kakogawa Works BF 블록 1,가코가와,2028,BF_BOF,기준 BF-BOF 복합 블록,H2_DRI_EAF,수소 DRI + EAF,3118.5,2425.5,3.15,2.95,7.173636,0.59,0.59,0.59,6.583636,85.587273,18292.612,4475.309,13817.304,2065.589,265.806,2193.932,16133.008,610.517,-2976.24,model_estimate,Kobe Steel 공식 조강·목표경계 배출 총량에 맞춘 블록 배분
KOBE_STEEL_JP,Kobe Steel,DISCLOSED_PATH,P6,KOB-BF3,Kakogawa Works BF 블록 3,가코가와,2035,BF_BOF,기준 BF-BOF 복합 블록,H2_DRI_EAF,수소 DRI + EAF,3019.5,2348.5,3.05,2.909999,7.076364,7.076364,0.582,0.582,6.494364,38.966183,7271.161,1801.71,5469.451,1374.884,98.763,839.573,6075.1,248.084,-1365.242,model_estimate,2016년 BF3 개수와 장기 수명주기를 반영한 재투자연도 추정
KOBE_STEEL_JP,Kobe Steel,DISCLOSED_PATH,P6,KOB-TAKA,Takasago Works EAF block,다카사고,2031,EAF_BASELINE,기존 전기로 기준 블록,EAF_RENEWABLE,기존 EAF 재생전력 업그레이드,40.04,12.32,0.14,0.1,0.05,0.05,0.01,0.01,0.04,0.4,-2.477,1.38,-3.857,8.935,0.0,2.308,0.0,0.339,-14.058,model_estimate,다카사고 포함 공식 조강 총량에 맞춘 소규모 EAF 블록 추정
KOBE_STEEL_JP,Kobe Steel,DISCLOSED_PATH,P7,KOB-BF1,Kakogawa Works BF 블록 1,가코가와,2028,BF_BOF,기준 BF-BOF 복합 블록,H2_DRI_EAF,수소 DRI + EAF,3118.5,2425.5,3.15,2.95,7.173636,0.59,0.59,0.59,6.583636,85.587273,18558.812,5032.418,13526.394,2065.589,265.806,2193.932,16133.008,876.717,-2976.24,model_estimate,Kobe Steel 공식 조강·목표경계 배출 총량에 맞춘 블록 배분
KOBE_STEEL_JP,Kobe Steel,DISCLOSED_PATH,P7,KOB-BF3,Kakogawa Works BF 블록 3,가코가와,2034,BF_BOF,기준 BF-BOF 복합 블록,H2_DRI_EAF,수소 DRI + EAF,3019.5,2348.5,3.05,2.909999,7.076364,7.076364,0.582,0.582,6.494364,45.460547,8671.931,2356.547,6315.385,1450.502,118.533,1003.767,7277.134,418.276,-1596.282,model_estimate,2016년 BF3 개수와 장기 수명주기를 반영한 재투자연도 추정
KOBE_STEEL_JP,Kobe Steel,DISCLOSED_PATH,P7,KOB-TAKA,Takasago Works EAF block,다카사고,2030,EAF_BASELINE,기존 전기로 기준 블록,EAF_RENEWABLE,기존 EAF 재생전력 업그레이드,40.04,12.32,0.14,0.1,0.05,0.01,0.01,0.01,0.04,0.44,-2.886,1.474,-4.36,9.426,0.0,2.603,0.0,0.52,-15.436,model_estimate,다카사고 포함 공식 조강 총량에 맞춘 소규모 EAF 블록 추정
KOBE_STEEL_JP,Kobe Steel,DISCLOSED_PATH,CURRENT,KOB-BF1,Kakogawa Works BF 블록 1,가코가와,2028,BF_BOF,기준 BF-BOF 복합 블록,SCRAP_EAF,스크랩 기반 대형 EAF,1940.4,1247.4,3.15,2.95,7.173636,1.3275,1.3275,1.3275,5.846136,75.999773,1201.925,276.994,924.931,1062.303,96.657,2670.873,0.0,14.933,-2642.841,model_estimate,Kobe Steel 공식 조강·목표경계 배출 총량에 맞춘 블록 배분
KOBE_STEEL_JP,Kobe Steel,DISCLOSED_PATH,CURRENT,KOB-BF3,Kakogawa Works BF 블록 3,가코가와,2036,BF_BOF,기준 BF-BOF 복합 블록,H2_DRI_EAF,수소 DRI + EAF,3019.5,2348.5,3.05,2.909999,7.076364,7.076364,0.582,0.582,6.494364,32.471819,5882.062,640.776,5241.286,1303.207,80.024,682.842,4932.451,17.809,-1134.271,model_estimate,2016년 BF3 개수와 장기 수명주기를 반영한 재투자연도 추정
KOBE_STEEL_JP,Kobe Steel,DISCLOSED_PATH,CURRENT,KOB-TAKA,Takasago Works EAF block,다카사고,2032,EAF_BASELINE,기존 전기로 기준 블록,EAF_RENEWABLE,기존 EAF 재생전력 업그레이드,40.04,12.32,0.14,0.1,0.05,0.05,0.01,0.01,0.04,0.36,-2.124,1.275,-3.4,8.469,0.0,2.026,0.0,0.042,-12.662,model_estimate,다카사고 포함 공식 조강 총량에 맞춘 소규모 EAF 블록 추정
