company_id,company_name,scenario_id,plan_id,portfolio_id,is_scenario_feasible,is_frontier_eligible,is_frontier,expected_cost_p50_kkrw_per_tco2,tcar_kkrw_per_tco2
POSCO_KR,POSCO,DISCLOSED_PATH,P1,PORT-DE64C6FAC717,True,True,True,11.567318,8.754266
POSCO_KR,POSCO,DISCLOSED_PATH,P2,PORT-39601EAF8865,True,True,False,59.910888,18.469404
POSCO_KR,POSCO,DISCLOSED_PATH,P3,PORT-AD0B41B0F73F,True,True,False,121.387263,26.211331
POSCO_KR,POSCO,DISCLOSED_PATH,P4,PORT-DDCBA267CA97,True,True,False,118.287494,17.565231
POSCO_KR,POSCO,DISCLOSED_PATH,P5,PORT-C07B5FF15869,True,True,False,124.184544,11.30314
POSCO_KR,POSCO,DISCLOSED_PATH,P6,PORT-73B2FF1A66A0,False,False,False,129.150173,4.20049
POSCO_KR,POSCO,DISCLOSED_PATH,P7,PORT-47C5D429DB2E,False,False,False,127.587497,1.253381
POSCO_KR,POSCO,DISCLOSED_PATH,CURRENT,PORT-69189DCC5A53,True,False,False,127.035649,31.435088
POSCO_KR,POSCO,ACCELERATED_15C,P1,PORT-DE64C6FAC717,False,False,False,-4.067041,9.378347
POSCO_KR,POSCO,ACCELERATED_15C,P2,PORT-39601EAF8865,False,False,False,46.996876,20.246894
POSCO_KR,POSCO,ACCELERATED_15C,P3,PORT-AD0B41B0F73F,False,False,False,110.215219,27.790388
POSCO_KR,POSCO,ACCELERATED_15C,P4,PORT-DDCBA267CA97,False,False,False,105.66467,18.213281
POSCO_KR,POSCO,ACCELERATED_15C,P5,PORT-C07B5FF15869,False,False,False,108.5942,11.017569
POSCO_KR,POSCO,ACCELERATED_15C,P6,PORT-73B2FF1A66A0,True,True,True,109.471825,3.964624
POSCO_KR,POSCO,ACCELERATED_15C,P7,PORT-47C5D429DB2E,False,False,False,105.771597,1.139457
POSCO_KR,POSCO,ACCELERATED_15C,CURRENT,PORT-69189DCC5A53,False,False,False,117.765893,34.263418
NIPPON_STEEL_JP,Nippon Steel,DISCLOSED_PATH,P1,PORT-7DCD4991144C,True,True,True,22.90068,10.530433
NIPPON_STEEL_JP,Nippon Steel,DISCLOSED_PATH,P2,PORT-92BAA222AC4A,True,True,False,67.793019,19.128561
NIPPON_STEEL_JP,Nippon Steel,DISCLOSED_PATH,P3,PORT-92BAA222AC4A,True,True,False,65.65483,15.309973
NIPPON_STEEL_JP,Nippon Steel,DISCLOSED_PATH,P4,PORT-DF77606A395F,False,False,False,110.352827,17.055997
NIPPON_STEEL_JP,Nippon Steel,DISCLOSED_PATH,P5,PORT-C942BD99A66C,False,False,False,127.122482,11.518106
NIPPON_STEEL_JP,Nippon Steel,DISCLOSED_PATH,P6,PORT-7C945F726D00,False,False,False,178.643765,6.086707
NIPPON_STEEL_JP,Nippon Steel,DISCLOSED_PATH,P7,PORT-2ECB61BA4654,False,False,False,181.591627,1.778857
NIPPON_STEEL_JP,Nippon Steel,DISCLOSED_PATH,CURRENT,PORT-FFBF1A00D2CE,False,False,False,81.139766,18.700449
NIPPON_STEEL_JP,Nippon Steel,ACCELERATED_15C,P1,PORT-7DCD4991144C,False,False,False,9.108202,11.621675
NIPPON_STEEL_JP,Nippon Steel,ACCELERATED_15C,P2,PORT-92BAA222AC4A,False,False,False,56.722433,20.96051
NIPPON_STEEL_JP,Nippon Steel,ACCELERATED_15C,P3,PORT-92BAA222AC4A,False,False,False,53.703928,16.399381
NIPPON_STEEL_JP,Nippon Steel,ACCELERATED_15C,P4,PORT-DF77606A395F,False,False,False,98.22127,17.72198
NIPPON_STEEL_JP,Nippon Steel,ACCELERATED_15C,P5,PORT-C942BD99A66C,True,True,True,111.278277,11.626963
NIPPON_STEEL_JP,Nippon Steel,ACCELERATED_15C,P6,PORT-7C945F726D00,True,True,True,153.281049,5.527487
NIPPON_STEEL_JP,Nippon Steel,ACCELERATED_15C,P7,PORT-2ECB61BA4654,False,False,False,151.941045,1.585321
NIPPON_STEEL_JP,Nippon Steel,ACCELERATED_15C,CURRENT,PORT-FFBF1A00D2CE,False,False,False,70.143819,19.934882
JFE_STEEL_JP,JFE Steel,DISCLOSED_PATH,P1,PORT-9D97003767D5,False,False,False,21.21984,10.992455
JFE_STEEL_JP,JFE Steel,DISCLOSED_PATH,P2,PORT-25A7E18292F6,False,False,False,52.064742,16.399784
JFE_STEEL_JP,JFE Steel,DISCLOSED_PATH,P3,PORT-CCD4397FA6D4,True,True,True,110.356719,24.574445
JFE_STEEL_JP,JFE Steel,DISCLOSED_PATH,P4,PORT-2883A9539B06,False,False,False,125.364257,18.398441
JFE_STEEL_JP,JFE Steel,DISCLOSED_PATH,P5,PORT-2883A9539B06,False,False,False,118.637151,10.882429
JFE_STEEL_JP,JFE Steel,DISCLOSED_PATH,P6,PORT-576B945395C2,False,False,False,183.307337,6.145479
JFE_STEEL_JP,JFE Steel,DISCLOSED_PATH,P7,PORT-B91429E42CEB,False,False,False,180.555558,1.770655
JFE_STEEL_JP,JFE Steel,DISCLOSED_PATH,CURRENT,PORT-D228BC8B7EB8,False,False,False,55.209012,13.816383
JFE_STEEL_JP,JFE Steel,ACCELERATED_15C,P1,PORT-9D97003767D5,False,False,False,7.645971,11.908039
JFE_STEEL_JP,JFE Steel,ACCELERATED_15C,P2,PORT-25A7E18292F6,False,False,False,40.339021,17.802717
JFE_STEEL_JP,JFE Steel,ACCELERATED_15C,P3,PORT-CCD4397FA6D4,False,False,False,100.036536,26.112532
JFE_STEEL_JP,JFE Steel,ACCELERATED_15C,P4,PORT-2883A9539B06,True,True,False,113.314663,19.008211
JFE_STEEL_JP,JFE Steel,ACCELERATED_15C,P5,PORT-2883A9539B06,True,True,True,103.027395,10.943112
JFE_STEEL_JP,JFE Steel,ACCELERATED_15C,P6,PORT-576B945395C2,False,False,False,157.461887,5.593953
JFE_STEEL_JP,JFE Steel,ACCELERATED_15C,P7,PORT-B91429E42CEB,False,False,False,150.767622,1.578941
JFE_STEEL_JP,JFE Steel,ACCELERATED_15C,CURRENT,PORT-D228BC8B7EB8,False,False,False,43.096418,14.585295
KOBE_STEEL_JP,Kobe Steel,DISCLOSED_PATH,P1,PORT-3DA05887C62D,False,False,False,13.475438,9.22328
KOBE_STEEL_JP,Kobe Steel,DISCLOSED_PATH,P2,PORT-8384667F6B8E,True,True,False,54.661214,17.953535
KOBE_STEEL_JP,Kobe Steel,DISCLOSED_PATH,P3,PORT-8384667F6B8E,True,True,True,52.864044,14.283005
KOBE_STEEL_JP,Kobe Steel,DISCLOSED_PATH,P4,PORT-8A59F01B884D,False,False,False,139.943023,18.158496
KOBE_STEEL_JP,Kobe Steel,DISCLOSED_PATH,P5,PORT-0095E30DB97C,False,False,False,165.128496,13.031891
KOBE_STEEL_JP,Kobe Steel,DISCLOSED_PATH,P6,PORT-6AF097B8F6F8,False,False,False,155.031849,5.14339
KOBE_STEEL_JP,Kobe Steel,DISCLOSED_PATH,P7,PORT-F194BB679477,False,False,False,151.089885,1.527591
KOBE_STEEL_JP,Kobe Steel,DISCLOSED_PATH,CURRENT,PORT-87CB7C6D5202,True,False,False,58.33234,17.43814
KOBE_STEEL_JP,Kobe Steel,ACCELERATED_15C,P1,PORT-3DA05887C62D,False,False,False,-0.560836,10.052008
KOBE_STEEL_JP,Kobe Steel,ACCELERATED_15C,P2,PORT-8384667F6B8E,False,False,False,43.411123,19.476592
KOBE_STEEL_JP,Kobe Steel,ACCELERATED_15C,P3,PORT-8384667F6B8E,False,False,False,40.745964,15.370642
KOBE_STEEL_JP,Kobe Steel,ACCELERATED_15C,P4,PORT-8A59F01B884D,True,True,False,126.328932,18.267464
KOBE_STEEL_JP,Kobe Steel,ACCELERATED_15C,P5,PORT-0095E30DB97C,True,True,False,147.258774,12.670547
KOBE_STEEL_JP,Kobe Steel,ACCELERATED_15C,P6,PORT-6AF097B8F6F8,True,True,False,131.78747,4.798485
KOBE_STEEL_JP,Kobe Steel,ACCELERATED_15C,P7,PORT-F194BB679477,True,True,True,125.004542,1.329606
KOBE_STEEL_JP,Kobe Steel,ACCELERATED_15C,CURRENT,PORT-87CB7C6D5202,False,False,False,47.232301,18.72018
