company_id,company_name,country,sector,facility_id,facility_name,baseline_variant,variant_role,case,baseline_period,baseline_operational_ghg_tco2e,baseline_emissions_value_type,selected_route,decision_horizon,facility_status,modelled_flag,transition_capex_usd_2025,modelled_operational_abatement_tco2e,annual_capital_and_fixed_opex_factor,annualised_capital_and_fixed_opex_usd_2025,incremental_variable_resource_cost_usd_2025_per_operational_tco2e_abated,annual_variable_resource_gap_usd_2025,annual_resource_gap_proxy_usd_2025,annual_resource_gap_proxy_usd_2025_per_operational_tco2e_abated,support_stress_low,support_stress_base,support_stress_high,implied_support_low_usd_2025,implied_support_base_usd_2025,implied_support_high_usd_2025,stress_adjusted_gap_low_usd_2025,stress_adjusted_gap_base_usd_2025,stress_adjusted_gap_high_usd_2025,verified_market_policy_status,verified_incentive_adjusted_gap_usd_2025,system_abatement_status,currency,price_year,value_type,quality_flag,source_id,formula_or_method,boundary_note
POSCO,POSCO,Korea,steel,KR_POSCO_POHANG,Pohang Steelworks,primary_current,primary,low,CY2025,27938420,Allocated,steel_h2_dri_eaf,2040,contract-dependent,yes,6915450495,13969210,0.06601925932025258174066204669,456552919.5457740799234893124,20,279384200,735937119.5457740799234893124,52.68280164345543376636827082,0,0.25,0.5,0,183984279.8864435199808723281,367968559.7728870399617446562,735937119.5457740799234893124,551952839.6593305599426169843,367968559.7728870399617446562,not_available_not_zero,NA,not_modelled; leakage and replacement production pending,USD,2025 screening proxy,Modelled_from_estimated_inputs,D,IEA_STEEL_BREAKTHROUGH_2025|NEDO_H2_STEEL_2026|POSCO_CLIMATE_2026|POSCO_ESG_2025|annual_cost_gap_assumptions_mvp,resource gap proxy = transition CAPEX * annual capital-and-fixed-OPEX factor + modelled operational abatement * variable-resource proxy; independent support axes apply only to a positive gap,"Incremental annual resource proxy only; incumbent cost and early retirement are absent. Support outputs are stresses, not verified cash; verified net gap remains NA."
POSCO,POSCO,Korea,steel,KR_POSCO_POHANG,Pohang Steelworks,primary_current,primary,base,CY2025,31430722.5,Allocated,steel_h2_dri_eaf,2040,contract-dependent,yes,12447810891.2,23573041.875,0.09595245729922962676807129719,1194398043.00675348545330895,60,1414382512.5,2608780555.50675348545330895,110.6679642508696593681891531,0,0.25,0.5,0,652195138.8766883713633272375,1304390277.753376742726654475,2608780555.50675348545330895,1956585416.630065114089981712,1304390277.753376742726654475,not_available_not_zero,NA,not_modelled; leakage and replacement production pending,USD,2025 screening proxy,Modelled_from_estimated_inputs,D,IEA_STEEL_BREAKTHROUGH_2025|NEDO_H2_STEEL_2026|POSCO_CLIMATE_2026|POSCO_ESG_2025|annual_cost_gap_assumptions_mvp,resource gap proxy = transition CAPEX * annual capital-and-fixed-OPEX factor + modelled operational abatement * variable-resource proxy; independent support axes apply only to a positive gap,"Incremental annual resource proxy only; incumbent cost and early retirement are absent. Support outputs are stresses, not verified cash; verified net gap remains NA."
POSCO,POSCO,Korea,steel,KR_POSCO_POHANG,Pohang Steelworks,primary_current,primary,high,CY2025,34923025,Allocated,steel_h2_dri_eaf,2040,contract-dependent,yes,20746351485.6,33176873.75,0.1343929257432556951708117596,2788162874.647723275687631295,120,3981224850,6769387724.647723275687631295,204.0393490856781909925322996,0,0.25,0.5,0,1692346931.161930818921907824,3384693862.323861637843815648,6769387724.647723275687631295,5077040793.485792456765723471,3384693862.323861637843815647,not_available_not_zero,NA,not_modelled; leakage and replacement production pending,USD,2025 screening proxy,Modelled_from_estimated_inputs,D,IEA_STEEL_BREAKTHROUGH_2025|NEDO_H2_STEEL_2026|POSCO_CLIMATE_2026|POSCO_ESG_2025|annual_cost_gap_assumptions_mvp,resource gap proxy = transition CAPEX * annual capital-and-fixed-OPEX factor + modelled operational abatement * variable-resource proxy; independent support axes apply only to a positive gap,"Incremental annual resource proxy only; incumbent cost and early retirement are absent. Support outputs are stresses, not verified cash; verified net gap remains NA."
POSCO,POSCO,Korea,steel,KR_POSCO_GWANGYANG,Gwangyang Steelworks,primary_current,primary,low,CY2025,34923025,Allocated,steel_scrap_eaf,2030,price-conditional,yes,2593293935.7,20953815,0.06101925932025258174066204669,158240875.1561167244203274358,-10,-209538150,-51297274.8438832755796725642,-2.44811147010142427904763711,0,0.1,0.25,0,0,0,-51297274.8438832755796725642,-51297274.8438832755796725642,-51297274.8438832755796725642,not_available_not_zero,NA,not_modelled; leakage and replacement production pending,USD,2025 screening proxy,Modelled_from_estimated_inputs,D,POSCO_CLIMATE_2026|POSCO_ESG_2025|annual_cost_gap_assumptions_mvp,resource gap proxy = transition CAPEX * annual capital-and-fixed-OPEX factor + modelled operational abatement * variable-resource proxy; independent support axes apply only to a positive gap,"Incremental annual resource proxy only; incumbent cost and early retirement are absent. Support outputs are stresses, not verified cash; verified net gap remains NA."
POSCO,POSCO,Korea,steel,KR_POSCO_GWANGYANG,Gwangyang Steelworks,primary_current,primary,base,CY2025,38415327.5,Allocated,steel_scrap_eaf,2030,price-conditional,yes,5705246658.3,28811495.625,0.09095245729922962676807129719,518906203.0706032712828949974,10,288114956.25,807021159.3206032712828949974,28.01038758364017665545590702,0,0.1,0.25,0,80702115.93206032712828949974,201755289.8301508178207237494,807021159.3206032712828949974,726319043.3885429441546054977,605265869.490452453462171248,not_available_not_zero,NA,not_modelled; leakage and replacement production pending,USD,2025 screening proxy,Modelled_from_estimated_inputs,D,POSCO_CLIMATE_2026|POSCO_ESG_2025|annual_cost_gap_assumptions_mvp,resource gap proxy = transition CAPEX * annual capital-and-fixed-OPEX factor + modelled operational abatement * variable-resource proxy; independent support axes apply only to a positive gap,"Incremental annual resource proxy only; incumbent cost and early retirement are absent. Support outputs are stresses, not verified cash; verified net gap remains NA."
POSCO,POSCO,Korea,steel,KR_POSCO_GWANGYANG,Gwangyang Steelworks,primary_current,primary,high,CY2025,41907630,Allocated,steel_scrap_eaf,2030,price-conditional,yes,10373175742.5,31430722.5,0.1243929257432556951708117596,1290349679.858543760120838939,40,1257228900,2547578579.858543760120838939,81.05377087206772800468837263,0,0.1,0.25,0,254757857.9858543760120838939,636894644.9646359400302097348,2547578579.858543760120838939,2292820721.872689384108755045,1910683934.893907820090629204,not_available_not_zero,NA,not_modelled; leakage and replacement production pending,USD,2025 screening proxy,Modelled_from_estimated_inputs,D,POSCO_CLIMATE_2026|POSCO_ESG_2025|annual_cost_gap_assumptions_mvp,resource gap proxy = transition CAPEX * annual capital-and-fixed-OPEX factor + modelled operational abatement * variable-resource proxy; independent support axes apply only to a positive gap,"Incremental annual resource proxy only; incumbent cost and early retirement are absent. Support outputs are stresses, not verified cash; verified net gap remains NA."
NIPPON_STEEL,Nippon Steel Corporation,Japan,steel,JP_NSC_MURORAN,North Nippon Works Muroran Area,primary_current,primary,low,FY2024,2387606.135,Allocated,steel_h2_dri_eaf,2040,contract-dependent,yes,620000000,1193803.0675,0.06601925932025258174066204669,40931940.77855660067921046895,20,23876061.35,64808002.12855660067921046895,54.28701256755365195877289782,0,0.25,0.5,0,16202000.53213915016980261724,32404001.06427830033960523448,64808002.12855660067921046895,48606001.59641745050940785171,32404001.06427830033960523447,not_available_not_zero,NA,not_modelled; leakage and replacement production pending,USD,2025 screening proxy,Modelled_from_estimated_inputs,D,IEA_STEEL_BREAKTHROUGH_2025|NEDO_H2_STEEL_2026|NSC_DB_2025|annual_cost_gap_assumptions_mvp,resource gap proxy = transition CAPEX * annual capital-and-fixed-OPEX factor + modelled operational abatement * variable-resource proxy; independent support axes apply only to a positive gap,"Incremental annual resource proxy only; incumbent cost and early retirement are absent. Support outputs are stresses, not verified cash; verified net gap remains NA."
NIPPON_STEEL,Nippon Steel Corporation,Japan,steel,JP_NSC_MURORAN,North Nippon Works Muroran Area,primary_current,primary,base,FY2024,2808948.394,Allocated,steel_h2_dri_eaf,2040,contract-dependent,yes,992000000,2106711.2955,0.09595245729922962676807129719,95184837.64083578975392672681,60,126402677.73,221587515.3708357897539267268,105.1817189399200189335704479,0,0.25,0.5,0,55396878.8427089474384816817,110793757.6854178948769633634,221587515.3708357897539267268,166190636.5281268423154450451,110793757.6854178948769633634,not_available_not_zero,NA,not_modelled; leakage and replacement production pending,USD,2025 screening proxy,Modelled_from_estimated_inputs,D,IEA_STEEL_BREAKTHROUGH_2025|NEDO_H2_STEEL_2026|NSC_DB_2025|annual_cost_gap_assumptions_mvp,resource gap proxy = transition CAPEX * annual capital-and-fixed-OPEX factor + modelled operational abatement * variable-resource proxy; independent support axes apply only to a positive gap,"Incremental annual resource proxy only; incumbent cost and early retirement are absent. Support outputs are stresses, not verified cash; verified net gap remains NA."
NIPPON_STEEL,Nippon Steel Corporation,Japan,steel,JP_NSC_MURORAN,North Nippon Works Muroran Area,primary_current,primary,high,FY2024,3230290.654,Allocated,steel_h2_dri_eaf,2040,contract-dependent,yes,1488000000,3068776.1213,0.1343929257432556951708117596,199976673.5059644744141678983,120,368253134.556,568229808.0619644744141678983,185.1649601018304412124362871,0,0.25,0.5,0,142057452.0154911186035419746,284114904.0309822372070839492,568229808.0619644744141678983,426172356.0464733558106259237,284114904.0309822372070839491,not_available_not_zero,NA,not_modelled; leakage and replacement production pending,USD,2025 screening proxy,Modelled_from_estimated_inputs,D,IEA_STEEL_BREAKTHROUGH_2025|NEDO_H2_STEEL_2026|NSC_DB_2025|annual_cost_gap_assumptions_mvp,resource gap proxy = transition CAPEX * annual capital-and-fixed-OPEX factor + modelled operational abatement * variable-resource proxy; independent support axes apply only to a positive gap,"Incremental annual resource proxy only; incumbent cost and early retirement are absent. Support outputs are stresses, not verified cash; verified net gap remains NA."
NIPPON_STEEL,Nippon Steel Corporation,Japan,steel,JP_NSC_KASHIMA,East Nippon Works Kashima Area,primary_current,primary,low,FY2024,11726226.907,Allocated,steel_h2_dri_eaf,2040,contract-dependent,yes,3045000000,5863113.4535,0.06601925932025258174066204669,201028644.6301691114003159322,20,117262269.07,318290913.7001691114003159322,54.28701256158783136539145809,0,0.25,0.5,0,79572728.42504227785007898305,159145456.8500845557001579661,318290913.7001691114003159322,238718185.2751268335502369492,159145456.8500845557001579661,not_available_not_zero,NA,not_modelled; leakage and replacement production pending,USD,2025 screening proxy,Modelled_from_estimated_inputs,D,IEA_STEEL_BREAKTHROUGH_2025|NEDO_H2_STEEL_2026|NSC_DB_2025|annual_cost_gap_assumptions_mvp,resource gap proxy = transition CAPEX * annual capital-and-fixed-OPEX factor + modelled operational abatement * variable-resource proxy; independent support axes apply only to a positive gap,"Incremental annual resource proxy only; incumbent cost and early retirement are absent. Support outputs are stresses, not verified cash; verified net gap remains NA."
NIPPON_STEEL,Nippon Steel Corporation,Japan,steel,JP_NSC_KASHIMA,East Nippon Works Kashima Area,primary_current,primary,base,FY2024,13795561.067,Allocated,steel_h2_dri_eaf,2040,contract-dependent,yes,4872000000,10346670.80025,0.09595245729922962676807129719,467480371.9618467416140433599,60,620800248.015,1088280619.97684674161404336,105.1817189303588659534285795,0,0.25,0.5,0,272070154.99421168540351084,544140309.98842337080702168,1088280619.97684674161404336,816210464.98263505621053252,544140309.98842337080702168,not_available_not_zero,NA,not_modelled; leakage and replacement production pending,USD,2025 screening proxy,Modelled_from_estimated_inputs,D,IEA_STEEL_BREAKTHROUGH_2025|NEDO_H2_STEEL_2026|NSC_DB_2025|annual_cost_gap_assumptions_mvp,resource gap proxy = transition CAPEX * annual capital-and-fixed-OPEX factor + modelled operational abatement * variable-resource proxy; independent support axes apply only to a positive gap,"Incremental annual resource proxy only; incumbent cost and early retirement are absent. Support outputs are stresses, not verified cash; verified net gap remains NA."
NIPPON_STEEL,Nippon Steel Corporation,Japan,steel,JP_NSC_KASHIMA,East Nippon Works Kashima Area,primary_current,primary,high,FY2024,15864895.226,Allocated,steel_h2_dri_eaf,2040,contract-dependent,yes,7308000000,15071650.4647,0.1343929257432556951708117596,982143501.3317126203082923392,120,1808598055.764,2790741557.095712620308292339,185.1649601105091782886861882,0,0.25,0.5,0,697685389.2739281550770730848,1395370778.54785631015414617,2790741557.095712620308292339,2093056167.821784465231219254,1395370778.547856310154146169,not_available_not_zero,NA,not_modelled; leakage and replacement production pending,USD,2025 screening proxy,Modelled_from_estimated_inputs,D,IEA_STEEL_BREAKTHROUGH_2025|NEDO_H2_STEEL_2026|NSC_DB_2025|annual_cost_gap_assumptions_mvp,resource gap proxy = transition CAPEX * annual capital-and-fixed-OPEX factor + modelled operational abatement * variable-resource proxy; independent support axes apply only to a positive gap,"Incremental annual resource proxy only; incumbent cost and early retirement are absent. Support outputs are stresses, not verified cash; verified net gap remains NA."
NIPPON_STEEL,Nippon Steel Corporation,Japan,steel,JP_NSC_KIMITSU,East Nippon Works Kimitsu Area,primary_current,primary,low,FY2024,12708226.204,Allocated,steel_h2_dri_eaf,2040,contract-dependent,yes,3300000000,6354113.102,0.06601925932025258174066204669,217863555.7568335197441847541,20,127082262.04,344945817.7968335197441847541,54.28701256328904416536222274,0,0.25,0.5,0,86236454.44920837993604618852,172472908.898416759872092377,344945817.7968335197441847541,258709363.3476251398081385656,172472908.8984167598720923771,not_available_not_zero,NA,not_modelled; leakage and replacement production pending,USD,2025 screening proxy,Modelled_from_estimated_inputs,D,IEA_STEEL_BREAKTHROUGH_2025|NEDO_H2_STEEL_2026|NSC_DB_2025|annual_cost_gap_assumptions_mvp,resource gap proxy = transition CAPEX * annual capital-and-fixed-OPEX factor + modelled operational abatement * variable-resource proxy; independent support axes apply only to a positive gap,"Incremental annual resource proxy only; incumbent cost and early retirement are absent. Support outputs are stresses, not verified cash; verified net gap remains NA."
NIPPON_STEEL,Nippon Steel Corporation,Japan,steel,JP_NSC_KIMITSU,East Nippon Works Kimitsu Area,primary_current,primary,base,FY2024,14950854.358,Allocated,steel_h2_dri_eaf,2040,contract-dependent,yes,5280000000,11213140.7685,0.09595245729922962676807129719,506628974.5399324293354164492,60,672788446.11,1179417420.649932429335416449,105.1817189313413932760632362,0,0.25,0.5,0,294854355.1624831073338541122,589708710.3249662146677082245,1179417420.649932429335416449,884563065.4874493220015623368,589708710.3249662146677082245,not_available_not_zero,NA,not_modelled; leakage and replacement production pending,USD,2025 screening proxy,Modelled_from_estimated_inputs,D,IEA_STEEL_BREAKTHROUGH_2025|NEDO_H2_STEEL_2026|NSC_DB_2025|annual_cost_gap_assumptions_mvp,resource gap proxy = transition CAPEX * annual capital-and-fixed-OPEX factor + modelled operational abatement * variable-resource proxy; independent support axes apply only to a positive gap,"Incremental annual resource proxy only; incumbent cost and early retirement are absent. Support outputs are stresses, not verified cash; verified net gap remains NA."
NIPPON_STEEL,Nippon Steel Corporation,Japan,steel,JP_NSC_KIMITSU,East Nippon Works Kimitsu Area,primary_current,primary,high,FY2024,17193482.511,Allocated,steel_h2_dri_eaf,2040,contract-dependent,yes,7920000000,16333808.38545,0.1343929257432556951708117596,1064391971.886585105752829136,120,1960057006.254,3024448978.140585105752829136,185.1649601102664627409983681,0,0.25,0.5,0,756112244.535146276438207284,1512224489.070292552876414568,3024448978.140585105752829136,2268336733.605438829314621852,1512224489.070292552876414568,not_available_not_zero,NA,not_modelled; leakage and replacement production pending,USD,2025 screening proxy,Modelled_from_estimated_inputs,D,IEA_STEEL_BREAKTHROUGH_2025|NEDO_H2_STEEL_2026|NSC_DB_2025|annual_cost_gap_assumptions_mvp,resource gap proxy = transition CAPEX * annual capital-and-fixed-OPEX factor + modelled operational abatement * variable-resource proxy; independent support axes apply only to a positive gap,"Incremental annual resource proxy only; incumbent cost and early retirement are absent. Support outputs are stresses, not verified cash; verified net gap remains NA."
NIPPON_STEEL,Nippon Steel Corporation,Japan,steel,JP_NSC_NAGOYA,Nagoya Works,primary_current,primary,low,FY2024,10532423.839,Allocated,steel_h2_dri_eaf,2040,contract-dependent,yes,2735000000,5266211.9195,0.06601925932025258174066204669,180562674.2408908110607106977,20,105324238.39,285886912.6308908110607106977,54.28701256253932092842559936,0,0.25,0.5,0,71471728.15772270276517767442,142943456.3154454055303553488,285886912.6308908110607106977,214415184.4731681082955330233,142943456.3154454055303553489,not_available_not_zero,NA,not_modelled; leakage and replacement production pending,USD,2025 screening proxy,Modelled_from_estimated_inputs,D,IEA_STEEL_BREAKTHROUGH_2025|NEDO_H2_STEEL_2026|NSC_DB_2025|annual_cost_gap_assumptions_mvp,resource gap proxy = transition CAPEX * annual capital-and-fixed-OPEX factor + modelled operational abatement * variable-resource proxy; independent support axes apply only to a positive gap,"Incremental annual resource proxy only; incumbent cost and early retirement are absent. Support outputs are stresses, not verified cash; verified net gap remains NA."
NIPPON_STEEL,Nippon Steel Corporation,Japan,steel,JP_NSC_NAGOYA,Nagoya Works,primary_current,primary,base,FY2024,12391086.869,Allocated,steel_h2_dri_eaf,2040,contract-dependent,yes,4376000000,9293315.15175,0.09595245729922962676807129719,419887953.1414288467370799965,60,557598909.105,977486862.2464288467370799965,105.1817189329214600673977403,0,0.25,0.5,0,244371715.5616072116842699991,488743431.1232144233685399982,977486862.2464288467370799965,733115146.6848216350528099974,488743431.1232144233685399983,not_available_not_zero,NA,not_modelled; leakage and replacement production pending,USD,2025 screening proxy,Modelled_from_estimated_inputs,D,IEA_STEEL_BREAKTHROUGH_2025|NEDO_H2_STEEL_2026|NSC_DB_2025|annual_cost_gap_assumptions_mvp,resource gap proxy = transition CAPEX * annual capital-and-fixed-OPEX factor + modelled operational abatement * variable-resource proxy; independent support axes apply only to a positive gap,"Incremental annual resource proxy only; incumbent cost and early retirement are absent. Support outputs are stresses, not verified cash; verified net gap remains NA."
NIPPON_STEEL,Nippon Steel Corporation,Japan,steel,JP_NSC_NAGOYA,Nagoya Works,primary_current,primary,high,FY2024,14249749.9,Allocated,steel_h2_dri_eaf,2040,contract-dependent,yes,6564000000,13537262.405,0.1343929257432556951708117596,882155164.57873038310120839,120,1624471488.6,2506626653.17873038310120839,185.1649601069198143464079797,0,0.25,0.5,0,626656663.2946825957753020975,1253313326.589365191550604195,2506626653.17873038310120839,1879969989.884047787325906292,1253313326.589365191550604195,not_available_not_zero,NA,not_modelled; leakage and replacement production pending,USD,2025 screening proxy,Modelled_from_estimated_inputs,D,IEA_STEEL_BREAKTHROUGH_2025|NEDO_H2_STEEL_2026|NSC_DB_2025|annual_cost_gap_assumptions_mvp,resource gap proxy = transition CAPEX * annual capital-and-fixed-OPEX factor + modelled operational abatement * variable-resource proxy; independent support axes apply only to a positive gap,"Incremental annual resource proxy only; incumbent cost and early retirement are absent. Support outputs are stresses, not verified cash; verified net gap remains NA."
NIPPON_STEEL,Nippon Steel Corporation,Japan,steel,JP_NSC_WAKAYAMA,Kansai Works Wakayama Area,primary_current,primary,low,FY2024,4197565.625,Allocated,steel_h2_dri_eaf,2040,contract-dependent,yes,1090000000,2098782.8125,0.06601925932025258174066204669,71960992.65907531409732163089,20,41975656.25,113936648.9090753140973216309,54.28701256294250984929944051,0,0.25,0.5,0,28484162.22726882852433040772,56968324.45453765704866081545,113936648.9090753140973216309,85452486.68180648557299122318,56968324.45453765704866081545,not_available_not_zero,NA,not_modelled; leakage and replacement production pending,USD,2025 screening proxy,Modelled_from_estimated_inputs,D,IEA_STEEL_BREAKTHROUGH_2025|NEDO_H2_STEEL_2026|NSC_DB_2025|annual_cost_gap_assumptions_mvp,resource gap proxy = transition CAPEX * annual capital-and-fixed-OPEX factor + modelled operational abatement * variable-resource proxy; independent support axes apply only to a positive gap,"Incremental annual resource proxy only; incumbent cost and early retirement are absent. Support outputs are stresses, not verified cash; verified net gap remains NA."
NIPPON_STEEL,Nippon Steel Corporation,Japan,steel,JP_NSC_WAKAYAMA,Kansai Works Wakayama Area,primary_current,primary,base,FY2024,4938312.5,Allocated,steel_h2_dri_eaf,2040,contract-dependent,yes,1744000000,3703734.375,0.09595245729922962676807129719,167341085.5298564690835163423,60,222224062.5,389565148.0298564690835163423,105.1817189319513414305031911,0,0.25,0.5,0,97391287.00746411727087908558,194782574.0149282345417581712,389565148.0298564690835163423,292173861.0223923518126372567,194782574.0149282345417581711,not_available_not_zero,NA,not_modelled; leakage and replacement production pending,USD,2025 screening proxy,Modelled_from_estimated_inputs,D,IEA_STEEL_BREAKTHROUGH_2025|NEDO_H2_STEEL_2026|NSC_DB_2025|annual_cost_gap_assumptions_mvp,resource gap proxy = transition CAPEX * annual capital-and-fixed-OPEX factor + modelled operational abatement * variable-resource proxy; independent support axes apply only to a positive gap,"Incremental annual resource proxy only; incumbent cost and early retirement are absent. Support outputs are stresses, not verified cash; verified net gap remains NA."
NIPPON_STEEL,Nippon Steel Corporation,Japan,steel,JP_NSC_WAKAYAMA,Kansai Works Wakayama Area,primary_current,primary,high,FY2024,5679059.375,Allocated,steel_h2_dri_eaf,2040,contract-dependent,yes,2616000000,5395106.40625,0.1343929257432556951708117596,351571893.7443568985668435631,120,647412768.75,998984662.4943568985668435631,185.16496010849311477689515,0,0.25,0.5,0,249746165.6235892246417108908,499492331.2471784492834217816,998984662.4943568985668435631,749238496.8707676739251326723,499492331.2471784492834217815,not_available_not_zero,NA,not_modelled; leakage and replacement production pending,USD,2025 screening proxy,Modelled_from_estimated_inputs,D,IEA_STEEL_BREAKTHROUGH_2025|NEDO_H2_STEEL_2026|NSC_DB_2025|annual_cost_gap_assumptions_mvp,resource gap proxy = transition CAPEX * annual capital-and-fixed-OPEX factor + modelled operational abatement * variable-resource proxy; independent support axes apply only to a positive gap,"Incremental annual resource proxy only; incumbent cost and early retirement are absent. Support outputs are stresses, not verified cash; verified net gap remains NA."
NIPPON_STEEL,Nippon Steel Corporation,Japan,steel,JP_NSC_OSAKA,Kansai Works Osaka Area,primary_current,primary,low,FY2024,57764.665,Allocated,steel_eaf_efficiency,2030,price-conditional,yes,750000,2888.23325,0.08376658046228803949091280824,62824.93534671602961818460618,-20,-57764.665,5060.27034671602961818460618,1.752029669596813075323679685,0,0.05,0.15,0,253.013517335801480909230309,759.040552007404442727690927,5060.27034671602961818460618,4807.256829380228137275375871,4301.229794708625175456915253,not_available_not_zero,NA,not_modelled; leakage and replacement production pending,USD,2025 screening proxy,Modelled_from_estimated_inputs,D,NSC_DB_2025|POSCO_CLIMATE_2026|annual_cost_gap_assumptions_mvp,resource gap proxy = transition CAPEX * annual capital-and-fixed-OPEX factor + modelled operational abatement * variable-resource proxy; independent support axes apply only to a positive gap,"Incremental annual resource proxy only; incumbent cost and early retirement are absent. Support outputs are stresses, not verified cash; verified net gap remains NA."
NIPPON_STEEL,Nippon Steel Corporation,Japan,steel,JP_NSC_OSAKA,Kansai Works Osaka Area,primary_current,primary,base,FY2024,67958.429,Allocated,steel_eaf_efficiency,2030,price-conditional,yes,1500000,6795.8429,0.1228254100208153991016925046,184238.1150312230986525387569,0,0,184238.1150312230986525387569,27.11041407846892673939516125,0,0.05,0.15,0,9211.905751561154932626937845,27635.71725468346479788081354,184238.1150312230986525387569,175026.2092796619437199118191,156602.3977765396338546579434,not_available_not_zero,NA,not_modelled; leakage and replacement production pending,USD,2025 screening proxy,Modelled_from_estimated_inputs,D,NSC_DB_2025|POSCO_CLIMATE_2026|annual_cost_gap_assumptions_mvp,resource gap proxy = transition CAPEX * annual capital-and-fixed-OPEX factor + modelled operational abatement * variable-resource proxy; independent support axes apply only to a positive gap,"Incremental annual resource proxy only; incumbent cost and early retirement are absent. Support outputs are stresses, not verified cash; verified net gap remains NA."
NIPPON_STEEL,Nippon Steel Corporation,Japan,steel,JP_NSC_OSAKA,Kansai Works Osaka Area,primary_current,primary,high,FY2024,78152.193,Allocated,steel_eaf_efficiency,2030,price-conditional,yes,3000000,11722.82895,0.1623775027273647149333729175,487132.5081820941448001187525,20,234456.579,721589.0871820941448001187525,61.55417691922342215870331815,0,0.05,0.15,0,36079.45435910470724000593762,108238.3630773141217200178129,721589.0871820941448001187525,685509.6328229894375601128149,613350.7241047800230801009396,not_available_not_zero,NA,not_modelled; leakage and replacement production pending,USD,2025 screening proxy,Modelled_from_estimated_inputs,D,NSC_DB_2025|POSCO_CLIMATE_2026|annual_cost_gap_assumptions_mvp,resource gap proxy = transition CAPEX * annual capital-and-fixed-OPEX factor + modelled operational abatement * variable-resource proxy; independent support axes apply only to a positive gap,"Incremental annual resource proxy only; incumbent cost and early retirement are absent. Support outputs are stresses, not verified cash; verified net gap remains NA."
NIPPON_STEEL,Nippon Steel Corporation,Japan,steel,JP_NSC_HIROHATA,Setouchi Works Hirohata Area,primary_current,primary,low,FY2024,1174548.179,Allocated,steel_eaf_efficiency,2030,price-conditional,yes,15250000,58727.40895,0.08376658046228803949091280824,1277440.352049892602236420326,-20,-1174548.179,102892.173049892602236420326,1.752029842445357913860770219,0,0.05,0.15,0,5144.6086524946301118210163,15433.8259574838903354630489,102892.173049892602236420326,97747.5643973979721245993097,87458.3470924087119009572771,not_available_not_zero,NA,not_modelled; leakage and replacement production pending,USD,2025 screening proxy,Modelled_from_estimated_inputs,D,NSC_DB_2025|POSCO_CLIMATE_2026|annual_cost_gap_assumptions_mvp,resource gap proxy = transition CAPEX * annual capital-and-fixed-OPEX factor + modelled operational abatement * variable-resource proxy; independent support axes apply only to a positive gap,"Incremental annual resource proxy only; incumbent cost and early retirement are absent. Support outputs are stresses, not verified cash; verified net gap remains NA."
NIPPON_STEEL,Nippon Steel Corporation,Japan,steel,JP_NSC_HIROHATA,Setouchi Works Hirohata Area,primary_current,primary,base,FY2024,1381821.388,Allocated,steel_eaf_efficiency,2030,price-conditional,yes,30500000,138182.1388,0.1228254100208153991016925046,3746175.00563486967260162139,0,0,3746175.00563486967260162139,27.11041411116781521839942305,0,0.05,0.15,0,187308.7502817434836300810695,561926.2508452304508902432085,3746175.00563486967260162139,3558866.25535312618897154032,3184248.754789639221711378182,not_available_not_zero,NA,not_modelled; leakage and replacement production pending,USD,2025 screening proxy,Modelled_from_estimated_inputs,D,NSC_DB_2025|POSCO_CLIMATE_2026|annual_cost_gap_assumptions_mvp,resource gap proxy = transition CAPEX * annual capital-and-fixed-OPEX factor + modelled operational abatement * variable-resource proxy; independent support axes apply only to a positive gap,"Incremental annual resource proxy only; incumbent cost and early retirement are absent. Support outputs are stresses, not verified cash; verified net gap remains NA."
NIPPON_STEEL,Nippon Steel Corporation,Japan,steel,JP_NSC_HIROHATA,Setouchi Works Hirohata Area,primary_current,primary,high,FY2024,1589094.596,Allocated,steel_eaf_efficiency,2030,price-conditional,yes,61000000,238364.1894,0.1623775027273647149333729175,9905027.666369247610935747968,20,4767283.788,14672311.45436924761093574797,61.55417678847545717341611705,0,0.05,0.15,0,733615.5727184623805467873985,2200846.718155387141640362196,14672311.45436924761093574797,13938695.88165078523038896057,12471464.73621386046929538577,not_available_not_zero,NA,not_modelled; leakage and replacement production pending,USD,2025 screening proxy,Modelled_from_estimated_inputs,D,NSC_DB_2025|POSCO_CLIMATE_2026|annual_cost_gap_assumptions_mvp,resource gap proxy = transition CAPEX * annual capital-and-fixed-OPEX factor + modelled operational abatement * variable-resource proxy; independent support axes apply only to a positive gap,"Incremental annual resource proxy only; incumbent cost and early retirement are absent. Support outputs are stresses, not verified cash; verified net gap remains NA."
NIPPON_STEEL,Nippon Steel Corporation,Japan,steel,JP_NSC_HIKARI,Setouchi Works Yamaguchi Hikari Area,primary_current,primary,low,FY2024,789450.416,Allocated,steel_eaf_efficiency,2030,price-conditional,yes,10250000,39472.5208,0.08376658046228803949091280824,858607.4497384524047818562845,-20,-789450.416,69157.0337384524047818562845,1.752029825732650061251124466,0,0.05,0.15,0,3457.851686922620239092814225,10373.55506076786071727844268,69157.0337384524047818562845,65699.18205152978454276347028,58783.47867768454406457784182,not_available_not_zero,NA,not_modelled; leakage and replacement production pending,USD,2025 screening proxy,Modelled_from_estimated_inputs,D,NSC_DB_2025|POSCO_CLIMATE_2026|annual_cost_gap_assumptions_mvp,resource gap proxy = transition CAPEX * annual capital-and-fixed-OPEX factor + modelled operational abatement * variable-resource proxy; independent support axes apply only to a positive gap,"Incremental annual resource proxy only; incumbent cost and early retirement are absent. Support outputs are stresses, not verified cash; verified net gap remains NA."
NIPPON_STEEL,Nippon Steel Corporation,Japan,steel,JP_NSC_HIKARI,Setouchi Works Yamaguchi Hikari Area,primary_current,primary,base,FY2024,928765.195,Allocated,steel_eaf_efficiency,2030,price-conditional,yes,20500000,92876.5195,0.1228254100208153991016925046,2517920.905426715681584696344,0,0,2517920.905426715681584696344,27.11041411738857937699416421,0,0.05,0.15,0,125896.0452713357840792348172,377688.1358140073522377044516,2517920.905426715681584696344,2392024.860155379897505461527,2140232.769612708329346991892,not_available_not_zero,NA,not_modelled; leakage and replacement production pending,USD,2025 screening proxy,Modelled_from_estimated_inputs,D,NSC_DB_2025|POSCO_CLIMATE_2026|annual_cost_gap_assumptions_mvp,resource gap proxy = transition CAPEX * annual capital-and-fixed-OPEX factor + modelled operational abatement * variable-resource proxy; independent support axes apply only to a positive gap,"Incremental annual resource proxy only; incumbent cost and early retirement are absent. Support outputs are stresses, not verified cash; verified net gap remains NA."
NIPPON_STEEL,Nippon Steel Corporation,Japan,steel,JP_NSC_HIKARI,Setouchi Works Yamaguchi Hikari Area,primary_current,primary,high,FY2024,1068079.974,Allocated,steel_eaf_efficiency,2030,price-conditional,yes,41000000,160211.9961,0.1623775027273647149333729175,6657477.611821953312268289618,20,3204239.922,9861717.533821953312268289618,61.55417680250694605925510729,0,0.05,0.15,0,493085.8766910976656134144809,1479257.630073292996840243443,9861717.533821953312268289618,9368631.657130855646654875137,8382459.903748660315428046175,not_available_not_zero,NA,not_modelled; leakage and replacement production pending,USD,2025 screening proxy,Modelled_from_estimated_inputs,D,NSC_DB_2025|POSCO_CLIMATE_2026|annual_cost_gap_assumptions_mvp,resource gap proxy = transition CAPEX * annual capital-and-fixed-OPEX factor + modelled operational abatement * variable-resource proxy; independent support axes apply only to a positive gap,"Incremental annual resource proxy only; incumbent cost and early retirement are absent. Support outputs are stresses, not verified cash; verified net gap remains NA."
NIPPON_STEEL,Nippon Steel Corporation,Japan,steel,JP_NSC_SHUNAN,Setouchi Works Yamaguchi Shunan Area,primary_current,primary,low,FY2024,385097.764,Allocated,steel_eaf_efficiency,2030,price-conditional,yes,5000000,19254.8882,0.08376658046228803949091280824,418832.9023114401974545640412,-20,-385097.764,33735.1383114401974545640412,1.752029820221973423588304252,0,0.05,0.15,0,1686.75691557200987272820206,5060.27074671602961818460618,33735.1383114401974545640412,32048.38139586818758183583914,28674.86756472416783637943502,not_available_not_zero,NA,not_modelled; leakage and replacement production pending,USD,2025 screening proxy,Modelled_from_estimated_inputs,D,NSC_DB_2025|POSCO_CLIMATE_2026|annual_cost_gap_assumptions_mvp,resource gap proxy = transition CAPEX * annual capital-and-fixed-OPEX factor + modelled operational abatement * variable-resource proxy; independent support axes apply only to a positive gap,"Incremental annual resource proxy only; incumbent cost and early retirement are absent. Support outputs are stresses, not verified cash; verified net gap remains NA."
NIPPON_STEEL,Nippon Steel Corporation,Japan,steel,JP_NSC_SHUNAN,Setouchi Works Yamaguchi Shunan Area,primary_current,primary,base,FY2024,453056.193,Allocated,steel_eaf_efficiency,2030,price-conditional,yes,10000000,45305.6193,0.1228254100208153991016925046,1228254.100208153991016925046,0,0,1228254.100208153991016925046,27.11041409841524870220513785,0,0.05,0.15,0,61412.7050104076995508462523,184238.1150312230986525387569,1228254.100208153991016925046,1166841.395197746291466078794,1044015.985176930892364386289,not_available_not_zero,NA,not_modelled; leakage and replacement production pending,USD,2025 screening proxy,Modelled_from_estimated_inputs,D,NSC_DB_2025|POSCO_CLIMATE_2026|annual_cost_gap_assumptions_mvp,resource gap proxy = transition CAPEX * annual capital-and-fixed-OPEX factor + modelled operational abatement * variable-resource proxy; independent support axes apply only to a positive gap,"Incremental annual resource proxy only; incumbent cost and early retirement are absent. Support outputs are stresses, not verified cash; verified net gap remains NA."
NIPPON_STEEL,Nippon Steel Corporation,Japan,steel,JP_NSC_SHUNAN,Setouchi Works Yamaguchi Shunan Area,primary_current,primary,high,FY2024,521014.622,Allocated,steel_eaf_efficiency,2030,price-conditional,yes,20000000,78152.1933,0.1623775027273647149333729175,3247550.05454729429866745835,20,1563043.866,4810593.92054729429866745835,61.55417675971090498707038015,0,0.05,0.15,0,240529.6960273647149333729175,721589.0880820941448001187525,4810593.92054729429866745835,4570064.224519929583734085432,4089004.832465200153867339598,not_available_not_zero,NA,not_modelled; leakage and replacement production pending,USD,2025 screening proxy,Modelled_from_estimated_inputs,D,NSC_DB_2025|POSCO_CLIMATE_2026|annual_cost_gap_assumptions_mvp,resource gap proxy = transition CAPEX * annual capital-and-fixed-OPEX factor + modelled operational abatement * variable-resource proxy; independent support axes apply only to a positive gap,"Incremental annual resource proxy only; incumbent cost and early retirement are absent. Support outputs are stresses, not verified cash; verified net gap remains NA."
NIPPON_STEEL,Nippon Steel Corporation,Japan,steel,JP_NSC_YAWATA,Kyushu Works Yawata Area,primary_current,primary,low,FY2024,7124308.63,Allocated,steel_h2_dri_eaf,2040,contract-dependent,yes,1850000000,3562154.315,0.06601925932025258174066204669,122135629.7424672762202247864,20,71243086.3,193378716.0424672762202247864,54.28701256095562390598588832,0,0.25,0.5,0,48344679.0106168190550561966,96689358.0212336381101123932,193378716.0424672762202247864,145034037.0318504571651685898,96689358.0212336381101123932,not_available_not_zero,NA,not_modelled; leakage and replacement production pending,USD,2025 screening proxy,Modelled_from_estimated_inputs,D,IEA_STEEL_BREAKTHROUGH_2025|NEDO_H2_STEEL_2026|NSC_DB_2025|annual_cost_gap_assumptions_mvp,resource gap proxy = transition CAPEX * annual capital-and-fixed-OPEX factor + modelled operational abatement * variable-resource proxy; independent support axes apply only to a positive gap,"Incremental annual resource proxy only; incumbent cost and early retirement are absent. Support outputs are stresses, not verified cash; verified net gap remains NA."
NIPPON_STEEL,Nippon Steel Corporation,Japan,steel,JP_NSC_YAWATA,Kyushu Works Yawata Area,primary_current,primary,base,FY2024,8381539.564,Allocated,steel_h2_dri_eaf,2040,contract-dependent,yes,2960000000,6286154.673,0.09595245729922962676807129719,284019273.6057196952334910397,60,377169280.38,661188553.9857196952334910397,105.1817189331382675689200369,0,0.25,0.5,0,165297138.4964299238083727599,330594276.9928598476167455198,661188553.9857196952334910397,495891415.4892897714251182798,330594276.9928598476167455199,not_available_not_zero,NA,not_modelled; leakage and replacement production pending,USD,2025 screening proxy,Modelled_from_estimated_inputs,D,IEA_STEEL_BREAKTHROUGH_2025|NEDO_H2_STEEL_2026|NSC_DB_2025|annual_cost_gap_assumptions_mvp,resource gap proxy = transition CAPEX * annual capital-and-fixed-OPEX factor + modelled operational abatement * variable-resource proxy; independent support axes apply only to a positive gap,"Incremental annual resource proxy only; incumbent cost and early retirement are absent. Support outputs are stresses, not verified cash; verified net gap remains NA."
NIPPON_STEEL,Nippon Steel Corporation,Japan,steel,JP_NSC_YAWATA,Kyushu Works Yawata Area,primary_current,primary,high,FY2024,9638770.499,Allocated,steel_h2_dri_eaf,2040,contract-dependent,yes,4440000000,9156831.97405,0.1343929257432556951708117596,596704590.3000552865584042126,120,1098819836.886,1695524427.186055286558404213,185.1649601075007165521927024,0,0.25,0.5,0,423881106.7965138216396010532,847762213.5930276432792021065,1695524427.186055286558404213,1271643320.38954146491880316,847762213.5930276432792021065,not_available_not_zero,NA,not_modelled; leakage and replacement production pending,USD,2025 screening proxy,Modelled_from_estimated_inputs,D,IEA_STEEL_BREAKTHROUGH_2025|NEDO_H2_STEEL_2026|NSC_DB_2025|annual_cost_gap_assumptions_mvp,resource gap proxy = transition CAPEX * annual capital-and-fixed-OPEX factor + modelled operational abatement * variable-resource proxy; independent support axes apply only to a positive gap,"Incremental annual resource proxy only; incumbent cost and early retirement are absent. Support outputs are stresses, not verified cash; verified net gap remains NA."
NIPPON_STEEL,Nippon Steel Corporation,Japan,steel,JP_NSC_OITA,Kyushu Works Oita Area,primary_current,primary,low,FY2024,16077831.637,Allocated,steel_h2_dri_eaf,2040,contract-dependent,yes,4175000000,8038915.8185,0.06601925932025258174066204669,275630407.6620545287672640449,20,160778316.37,436408724.0320545287672640449,54.28701256303055150188273425,0,0.25,0.5,0,109102181.0080136321918160112,218204362.0160272643836320224,436408724.0320545287672640449,327306543.0240408965754480337,218204362.0160272643836320225,not_available_not_zero,NA,not_modelled; leakage and replacement production pending,USD,2025 screening proxy,Modelled_from_estimated_inputs,D,IEA_STEEL_BREAKTHROUGH_2025|NEDO_H2_STEEL_2026|NSC_DB_2025|annual_cost_gap_assumptions_mvp,resource gap proxy = transition CAPEX * annual capital-and-fixed-OPEX factor + modelled operational abatement * variable-resource proxy; independent support axes apply only to a positive gap,"Incremental annual resource proxy only; incumbent cost and early retirement are absent. Support outputs are stresses, not verified cash; verified net gap remains NA."
NIPPON_STEEL,Nippon Steel Corporation,Japan,steel,JP_NSC_OITA,Kyushu Works Oita Area,primary_current,primary,base,FY2024,18915096.044,Allocated,steel_h2_dri_eaf,2040,contract-dependent,yes,6680000000,14186322.033,0.09595245729922962676807129719,640962414.7588539068107162652,60,851179321.98,1492141736.738853906810716265,105.1817189309432834028149025,0,0.25,0.5,0,373035434.1847134767026790662,746070868.3694269534053581325,1492141736.738853906810716265,1119106302.554140430108037199,746070868.3694269534053581325,not_available_not_zero,NA,not_modelled; leakage and replacement production pending,USD,2025 screening proxy,Modelled_from_estimated_inputs,D,IEA_STEEL_BREAKTHROUGH_2025|NEDO_H2_STEEL_2026|NSC_DB_2025|annual_cost_gap_assumptions_mvp,resource gap proxy = transition CAPEX * annual capital-and-fixed-OPEX factor + modelled operational abatement * variable-resource proxy; independent support axes apply only to a positive gap,"Incremental annual resource proxy only; incumbent cost and early retirement are absent. Support outputs are stresses, not verified cash; verified net gap remains NA."
NIPPON_STEEL,Nippon Steel Corporation,Japan,steel,JP_NSC_OITA,Kyushu Works Oita Area,primary_current,primary,high,FY2024,21752360.45,Allocated,steel_h2_dri_eaf,2040,contract-dependent,yes,10020000000,20664742.4275,0.1343929257432556951708117596,1346617115.947422065611533831,120,2479769091.3,3826386207.247422065611533831,185.1649601088366658090315958,0,0.25,0.5,0,956596551.8118555164028834578,1913193103.623711032805766916,3826386207.247422065611533831,2869789655.435566549208650373,1913193103.623711032805766915,not_available_not_zero,NA,not_modelled; leakage and replacement production pending,USD,2025 screening proxy,Modelled_from_estimated_inputs,D,IEA_STEEL_BREAKTHROUGH_2025|NEDO_H2_STEEL_2026|NSC_DB_2025|annual_cost_gap_assumptions_mvp,resource gap proxy = transition CAPEX * annual capital-and-fixed-OPEX factor + modelled operational abatement * variable-resource proxy; independent support axes apply only to a positive gap,"Incremental annual resource proxy only; incumbent cost and early retirement are absent. Support outputs are stresses, not verified cash; verified net gap remains NA."
LOTTE_CHEMICAL,LOTTE Chemical Corporation,Korea,petrochemicals,KR_LOTTE_YEOSU_BASIC,Yeosu Basic Materials Plant,primary_current,primary,low,CY2025,2591026,Reported,petchem_electrified_cracker,2040,level-support-dependent,yes,155461560,777307.8,0.07601925932025258174066204669,11818072.64397100595143083721,30,23319234,35137306.64397100595143083721,45.20385186405051634813240934,0.3,0.490566,0.7,10541191.99319130178542925116,17237167.97110628050556962009,24596114.65077970416600158605,24596114.65077970416600158605,17900138.67286472544586121712,10541191.99319130178542925116,not_available_not_zero,NA,not_modelled; leakage and replacement production pending,USD,2025 screening proxy,Modelled_from_estimated_inputs,D,IEA_CTG_2026|IEA_PETCHEM_COST_2018|LOTTE_ESG_2025|MCI_WEST_JAPAN_2026|annual_cost_gap_assumptions_mvp,resource gap proxy = transition CAPEX * annual capital-and-fixed-OPEX factor + modelled operational abatement * variable-resource proxy; independent support axes apply only to a positive gap,"Incremental annual resource proxy only; incumbent cost and early retirement are absent. Support outputs are stresses, not verified cash; verified net gap remains NA."
LOTTE_CHEMICAL,LOTTE Chemical Corporation,Korea,petrochemicals,KR_LOTTE_YEOSU_BASIC,Yeosu Basic Materials Plant,primary_current,primary,base,CY2025,2591026,Reported,petchem_electrified_cracker,2040,level-support-dependent,yes,388653900,1295513,0.1084524572992296267680712972,42150470.49392906143895530513,80,103641040,145791510.4939290614389553051,112.5357371897688880304213891,0.3,0.490566,0.7,43737453.14817871843168659153,71520358.1369648039538625482,102054057.3457503430072687136,102054057.3457503430072687136,74271152.3569642574850927569,43737453.1481787184316865915,not_available_not_zero,NA,not_modelled; leakage and replacement production pending,USD,2025 screening proxy,Modelled_from_estimated_inputs,D,IEA_CTG_2026|IEA_PETCHEM_COST_2018|LOTTE_ESG_2025|MCI_WEST_JAPAN_2026|annual_cost_gap_assumptions_mvp,resource gap proxy = transition CAPEX * annual capital-and-fixed-OPEX factor + modelled operational abatement * variable-resource proxy; independent support axes apply only to a positive gap,"Incremental annual resource proxy only; incumbent cost and early retirement are absent. Support outputs are stresses, not verified cash; verified net gap remains NA."
LOTTE_CHEMICAL,LOTTE Chemical Corporation,Korea,petrochemicals,KR_LOTTE_YEOSU_BASIC,Yeosu Basic Materials Plant,primary_current,primary,high,CY2025,2591026,Reported,petchem_electrified_cracker,2040,level-support-dependent,yes,906859100,1813718.2,0.1443929257432556951708117596,130944038.6858956907924766986,160,290194912,421138950.6858956907924766986,232.1964628716278475854058798,0.3,0.490566,0.7,126341685.2057687072377430096,206596450.4821771054493021241,294797265.480126983554733689,294797265.480126983554733689,214542500.2037185853431745745,126341685.2057687072377430096,not_available_not_zero,NA,not_modelled; leakage and replacement production pending,USD,2025 screening proxy,Modelled_from_estimated_inputs,D,IEA_CTG_2026|IEA_PETCHEM_COST_2018|LOTTE_ESG_2025|MCI_WEST_JAPAN_2026|annual_cost_gap_assumptions_mvp,resource gap proxy = transition CAPEX * annual capital-and-fixed-OPEX factor + modelled operational abatement * variable-resource proxy; independent support axes apply only to a positive gap,"Incremental annual resource proxy only; incumbent cost and early retirement are absent. Support outputs are stresses, not verified cash; verified net gap remains NA."
LOTTE_CHEMICAL,LOTTE Chemical Corporation,Korea,petrochemicals,KR_LOTTE_YEOSU_ADVANCED,Yeosu Advanced Materials Plant,primary_current,primary,low,CY2025,383825,Reported,not_modelled_data_gap,NA,not_modelled,no,NA,NA,NA,NA,NA,NA,NA,NA,NA,NA,NA,NA,NA,NA,NA,NA,NA,not_applicable_unmodelled_route,NA,not_modelled; leakage and replacement production pending,USD,2025 screening proxy,Not_modelled,D,LOTTE_ESG_2025|NA,No route cost applied to explicit unmodelled residual,Unmodelled emissions are not assigned a zero cost gap.
LOTTE_CHEMICAL,LOTTE Chemical Corporation,Korea,petrochemicals,KR_LOTTE_YEOSU_ADVANCED,Yeosu Advanced Materials Plant,primary_current,primary,base,CY2025,383825,Reported,not_modelled_data_gap,NA,not_modelled,no,NA,NA,NA,NA,NA,NA,NA,NA,NA,NA,NA,NA,NA,NA,NA,NA,NA,not_applicable_unmodelled_route,NA,not_modelled; leakage and replacement production pending,USD,2025 screening proxy,Not_modelled,D,LOTTE_ESG_2025|NA,No route cost applied to explicit unmodelled residual,Unmodelled emissions are not assigned a zero cost gap.
LOTTE_CHEMICAL,LOTTE Chemical Corporation,Korea,petrochemicals,KR_LOTTE_YEOSU_ADVANCED,Yeosu Advanced Materials Plant,primary_current,primary,high,CY2025,383825,Reported,not_modelled_data_gap,NA,not_modelled,no,NA,NA,NA,NA,NA,NA,NA,NA,NA,NA,NA,NA,NA,NA,NA,NA,NA,not_applicable_unmodelled_route,NA,not_modelled; leakage and replacement production pending,USD,2025 screening proxy,Not_modelled,D,LOTTE_ESG_2025|NA,No route cost applied to explicit unmodelled residual,Unmodelled emissions are not assigned a zero cost gap.
LOTTE_CHEMICAL,LOTTE Chemical Corporation,Korea,petrochemicals,KR_LOTTE_DAESAN,Daesan Plant,primary_current,primary,low,CY2025,1888682,Reported,petchem_electrified_cracker,2040,level-support-dependent,yes,113320920,566604.6,0.07601925932025258174066204669,8614572.40388959719522702454,30,16998138,25612710.40388959719522702454,45.20385186405051634813240934,0.3,0.490566,0.7,7683813.121166879158568107362,12564724.89199450413767374052,17928897.28272271803665891718,17928897.28272271803665891718,13047985.51189509305755328402,7683813.12116687915856810736,not_available_not_zero,NA,not_modelled; leakage and replacement production pending,USD,2025 screening proxy,Modelled_from_estimated_inputs,D,IEA_CTG_2026|IEA_PETCHEM_COST_2018|LOTTE_ESG_2025|MCI_WEST_JAPAN_2026|annual_cost_gap_assumptions_mvp,resource gap proxy = transition CAPEX * annual capital-and-fixed-OPEX factor + modelled operational abatement * variable-resource proxy; independent support axes apply only to a positive gap,"Incremental annual resource proxy only; incumbent cost and early retirement are absent. Support outputs are stresses, not verified cash; verified net gap remains NA."
LOTTE_CHEMICAL,LOTTE Chemical Corporation,Korea,petrochemicals,KR_LOTTE_DAESAN,Daesan Plant,primary_current,primary,base,CY2025,1888682,Reported,petchem_electrified_cracker,2040,level-support-dependent,yes,283302300,944341,0.1084524572992296267680712972,30724830.59352354149153616506,80,75547280,106272110.5935235414915361651,112.5357371897688880304213892,0.3,0.490566,0.7,31881633.17805706244746084953,52133484.20542246965533693037,74390477.41546647904407531557,74390477.41546647904407531557,54138626.38810107183619923473,31881633.17805706244746084953,not_available_not_zero,NA,not_modelled; leakage and replacement production pending,USD,2025 screening proxy,Modelled_from_estimated_inputs,D,IEA_CTG_2026|IEA_PETCHEM_COST_2018|LOTTE_ESG_2025|MCI_WEST_JAPAN_2026|annual_cost_gap_assumptions_mvp,resource gap proxy = transition CAPEX * annual capital-and-fixed-OPEX factor + modelled operational abatement * variable-resource proxy; independent support axes apply only to a positive gap,"Incremental annual resource proxy only; incumbent cost and early retirement are absent. Support outputs are stresses, not verified cash; verified net gap remains NA."
LOTTE_CHEMICAL,LOTTE Chemical Corporation,Korea,petrochemicals,KR_LOTTE_DAESAN,Daesan Plant,primary_current,primary,high,CY2025,1888682,Reported,petchem_electrified_cracker,2040,level-support-dependent,yes,661038700,1322077.4,0.1443929257432556951708117596,95449311.92251827850330968351,160,211532384,306981695.9225182785033096835,232.1964628716278475854058798,0.3,0.490566,0.7,92094508.77675548355099290505,150594782.6419261018122546182,214887187.1457627949523167784,214887187.1457627949523167784,156386913.2805921766910550653,92094508.7767554835509929051,not_available_not_zero,NA,not_modelled; leakage and replacement production pending,USD,2025 screening proxy,Modelled_from_estimated_inputs,D,IEA_CTG_2026|IEA_PETCHEM_COST_2018|LOTTE_ESG_2025|MCI_WEST_JAPAN_2026|annual_cost_gap_assumptions_mvp,resource gap proxy = transition CAPEX * annual capital-and-fixed-OPEX factor + modelled operational abatement * variable-resource proxy; independent support axes apply only to a positive gap,"Incremental annual resource proxy only; incumbent cost and early retirement are absent. Support outputs are stresses, not verified cash; verified net gap remains NA."
LOTTE_CHEMICAL,LOTTE Chemical Corporation,Korea,petrochemicals,KR_LOTTE_ULSAN,Ulsan Plant,primary_current,primary,low,CY2025,497434,Reported,petchem_electrified_cracker,2040,level-support-dependent,yes,29846040,149230.2,0.07601925932025258174066204669,2268873.854442631364735069072,30,4476906,6745779.854442631364735069072,45.20385186405051634813240934,0.3,0.490566,0.7,2023733.956332789409420520722,3309250.240074503898072623894,4722045.89810984195531454835,4722045.89810984195531454835,3436529.614368127466662445178,2023733.956332789409420520722,not_available_not_zero,NA,not_modelled; leakage and replacement production pending,USD,2025 screening proxy,Modelled_from_estimated_inputs,D,IEA_CTG_2026|IEA_PETCHEM_COST_2018|LOTTE_ESG_2025|MCI_WEST_JAPAN_2026|annual_cost_gap_assumptions_mvp,resource gap proxy = transition CAPEX * annual capital-and-fixed-OPEX factor + modelled operational abatement * variable-resource proxy; independent support axes apply only to a positive gap,"Incremental annual resource proxy only; incumbent cost and early retirement are absent. Support outputs are stresses, not verified cash; verified net gap remains NA."
LOTTE_CHEMICAL,LOTTE Chemical Corporation,Korea,petrochemicals,KR_LOTTE_ULSAN,Ulsan Plant,primary_current,primary,base,CY2025,497434,Reported,petchem_electrified_cracker,2040,level-support-dependent,yes,74615100,248717,0.1084524572992296267680712972,8092190.946627748524262316648,80,19897360,27989550.94662774852426231665,112.5357371897688880304213892,0.3,0.490566,0.7,8396865.283988324557278694995,13730722.04968338808255326763,19592685.66263942396698362166,19592685.66263942396698362166,14258828.89694436044170904902,8396865.28398832455727869499,not_available_not_zero,NA,not_modelled; leakage and replacement production pending,USD,2025 screening proxy,Modelled_from_estimated_inputs,D,IEA_CTG_2026|IEA_PETCHEM_COST_2018|LOTTE_ESG_2025|MCI_WEST_JAPAN_2026|annual_cost_gap_assumptions_mvp,resource gap proxy = transition CAPEX * annual capital-and-fixed-OPEX factor + modelled operational abatement * variable-resource proxy; independent support axes apply only to a positive gap,"Incremental annual resource proxy only; incumbent cost and early retirement are absent. Support outputs are stresses, not verified cash; verified net gap remains NA."
LOTTE_CHEMICAL,LOTTE Chemical Corporation,Korea,petrochemicals,KR_LOTTE_ULSAN,Ulsan Plant,primary_current,primary,high,CY2025,497434,Reported,petchem_electrified_cracker,2040,level-support-dependent,yes,174101900,348203.8,0.1443929257432556951708117596,25139082.71845972871505915189,160,55712608,80851690.71845972871505915189,232.1964628716278475854058798,0.3,0.490566,0.7,24255507.21553791861451774557,39663090.50899191527683170791,56596183.50292181010054140632,56596183.50292181010054140632,41188600.20946781343822744398,24255507.21553791861451774557,not_available_not_zero,NA,not_modelled; leakage and replacement production pending,USD,2025 screening proxy,Modelled_from_estimated_inputs,D,IEA_CTG_2026|IEA_PETCHEM_COST_2018|LOTTE_ESG_2025|MCI_WEST_JAPAN_2026|annual_cost_gap_assumptions_mvp,resource gap proxy = transition CAPEX * annual capital-and-fixed-OPEX factor + modelled operational abatement * variable-resource proxy; independent support axes apply only to a positive gap,"Incremental annual resource proxy only; incumbent cost and early retirement are absent. Support outputs are stresses, not verified cash; verified net gap remains NA."
LOTTE_CHEMICAL,LOTTE Chemical Corporation,Korea,petrochemicals,KR_LOTTE_OTHER,Other parent-company sites,primary_current,primary,low,CY2025,9811,Reported,not_modelled_data_gap,NA,not_modelled,no,NA,NA,NA,NA,NA,NA,NA,NA,NA,NA,NA,NA,NA,NA,NA,NA,NA,not_applicable_unmodelled_route,NA,not_modelled; leakage and replacement production pending,USD,2025 screening proxy,Not_modelled,D,LOTTE_ESG_2025|NA,No route cost applied to explicit unmodelled residual,Unmodelled emissions are not assigned a zero cost gap.
LOTTE_CHEMICAL,LOTTE Chemical Corporation,Korea,petrochemicals,KR_LOTTE_OTHER,Other parent-company sites,primary_current,primary,base,CY2025,9811,Reported,not_modelled_data_gap,NA,not_modelled,no,NA,NA,NA,NA,NA,NA,NA,NA,NA,NA,NA,NA,NA,NA,NA,NA,NA,not_applicable_unmodelled_route,NA,not_modelled; leakage and replacement production pending,USD,2025 screening proxy,Not_modelled,D,LOTTE_ESG_2025|NA,No route cost applied to explicit unmodelled residual,Unmodelled emissions are not assigned a zero cost gap.
LOTTE_CHEMICAL,LOTTE Chemical Corporation,Korea,petrochemicals,KR_LOTTE_OTHER,Other parent-company sites,primary_current,primary,high,CY2025,9811,Reported,not_modelled_data_gap,NA,not_modelled,no,NA,NA,NA,NA,NA,NA,NA,NA,NA,NA,NA,NA,NA,NA,NA,NA,NA,not_applicable_unmodelled_route,NA,not_modelled; leakage and replacement production pending,USD,2025 screening proxy,Not_modelled,D,LOTTE_ESG_2025|NA,No route cost applied to explicit unmodelled residual,Unmodelled emissions are not assigned a zero cost gap.
MITSUI_CHEMICALS,"Mitsui Chemicals, Inc.",Japan,petrochemicals,JP_MCI_ICHIHARA,Ichihara Works,legacy_mci_judgement_sensitivity,sensitivity,low,FY2024,967250,Allocated,petchem_electrified_cracker,2040,level-support-dependent,yes,58035000,290175,0.07601925932025258174066204669,4411777.71465085858131932188,30,8705250,13117027.71465085858131932188,45.20385186405051634813240934,0.3,0.490566,0.7,3935108.314395257574395796564,6434767.817865413090803494457,9181919.400255601006923525316,9181919.400255601006923525316,6682259.896785445490515827423,3935108.314395257574395796564,not_available_not_zero,NA,not_modelled; leakage and replacement production pending,USD,2025 screening proxy,Modelled_from_estimated_inputs,D,IEA_CTG_2026|IEA_PETCHEM_COST_2018|MCI_ESG_2025|MCI_WEST_JAPAN_2026|MCI_WORKS_2026|annual_cost_gap_assumptions_mvp,resource gap proxy = transition CAPEX * annual capital-and-fixed-OPEX factor + modelled operational abatement * variable-resource proxy; independent support axes apply only to a positive gap,"Incremental annual resource proxy only; incumbent cost and early retirement are absent. Support outputs are stresses, not verified cash; verified net gap remains NA."
MITSUI_CHEMICALS,"Mitsui Chemicals, Inc.",Japan,petrochemicals,JP_MCI_ICHIHARA,Ichihara Works,legacy_mci_judgement_sensitivity,sensitivity,base,FY2024,1238080,Allocated,petchem_electrified_cracker,2040,level-support-dependent,yes,185712000,619040,0.1084524572992296267680712972,20140922.74995453244635205675,80,49523200,69664122.74995453244635205675,112.5357371897688880304213892,0.3,0.490566,0.7,20899236.82498635973390561702,34174850.04095419516407714307,48764885.92496817271244643972,48764885.92496817271244643973,35489272.70900033728227491368,20899236.82498635973390561703,not_available_not_zero,NA,not_modelled; leakage and replacement production pending,USD,2025 screening proxy,Modelled_from_estimated_inputs,D,IEA_CTG_2026|IEA_PETCHEM_COST_2018|MCI_ESG_2025|MCI_WEST_JAPAN_2026|MCI_WORKS_2026|annual_cost_gap_assumptions_mvp,resource gap proxy = transition CAPEX * annual capital-and-fixed-OPEX factor + modelled operational abatement * variable-resource proxy; independent support axes apply only to a positive gap,"Incremental annual resource proxy only; incumbent cost and early retirement are absent. Support outputs are stresses, not verified cash; verified net gap remains NA."
MITSUI_CHEMICALS,"Mitsui Chemicals, Inc.",Japan,petrochemicals,JP_MCI_ICHIHARA,Ichihara Works,legacy_mci_judgement_sensitivity,sensitivity,high,FY2024,1547600,Allocated,petchem_electrified_cracker,2040,level-support-dependent,yes,541660000,1083320,0.1443929257432556951708117596,78211872.1580918798462218977,160,173331200,251543072.1580918798462218977,232.1964628716278475854058798,0.3,0.490566,0.7,75462921.64742756395386656931,123398478.7363065011286416915,176080150.5106643158923553284,176080150.5106643158923553284,128144593.4217853787175802062,75462921.6474275639538665693,not_available_not_zero,NA,not_modelled; leakage and replacement production pending,USD,2025 screening proxy,Modelled_from_estimated_inputs,D,IEA_CTG_2026|IEA_PETCHEM_COST_2018|MCI_ESG_2025|MCI_WEST_JAPAN_2026|MCI_WORKS_2026|annual_cost_gap_assumptions_mvp,resource gap proxy = transition CAPEX * annual capital-and-fixed-OPEX factor + modelled operational abatement * variable-resource proxy; independent support axes apply only to a positive gap,"Incremental annual resource proxy only; incumbent cost and early retirement are absent. Support outputs are stresses, not verified cash; verified net gap remains NA."
MITSUI_CHEMICALS,"Mitsui Chemicals, Inc.",Japan,petrochemicals,JP_MCI_OSAKA,Osaka Works,legacy_mci_judgement_sensitivity,sensitivity,low,FY2024,967250,Allocated,petchem_electrified_cracker,2040,level-support-dependent,yes,58035000,290175,0.07601925932025258174066204669,4411777.71465085858131932188,30,8705250,13117027.71465085858131932188,45.20385186405051634813240934,0.3,0.490566,0.7,3935108.314395257574395796564,6434767.817865413090803494457,9181919.400255601006923525316,9181919.400255601006923525316,6682259.896785445490515827423,3935108.314395257574395796564,not_available_not_zero,NA,not_modelled; leakage and replacement production pending,USD,2025 screening proxy,Modelled_from_estimated_inputs,D,IEA_CTG_2026|IEA_PETCHEM_COST_2018|MCI_ESG_2025|MCI_WEST_JAPAN_2026|MCI_WORKS_2026|annual_cost_gap_assumptions_mvp,resource gap proxy = transition CAPEX * annual capital-and-fixed-OPEX factor + modelled operational abatement * variable-resource proxy; independent support axes apply only to a positive gap,"Incremental annual resource proxy only; incumbent cost and early retirement are absent. Support outputs are stresses, not verified cash; verified net gap remains NA."
MITSUI_CHEMICALS,"Mitsui Chemicals, Inc.",Japan,petrochemicals,JP_MCI_OSAKA,Osaka Works,legacy_mci_judgement_sensitivity,sensitivity,base,FY2024,1238080,Allocated,petchem_electrified_cracker,2040,level-support-dependent,yes,185712000,619040,0.1084524572992296267680712972,20140922.74995453244635205675,80,49523200,69664122.74995453244635205675,112.5357371897688880304213892,0.3,0.490566,0.7,20899236.82498635973390561702,34174850.04095419516407714307,48764885.92496817271244643972,48764885.92496817271244643973,35489272.70900033728227491368,20899236.82498635973390561703,not_available_not_zero,NA,not_modelled; leakage and replacement production pending,USD,2025 screening proxy,Modelled_from_estimated_inputs,D,IEA_CTG_2026|IEA_PETCHEM_COST_2018|MCI_ESG_2025|MCI_WEST_JAPAN_2026|MCI_WORKS_2026|annual_cost_gap_assumptions_mvp,resource gap proxy = transition CAPEX * annual capital-and-fixed-OPEX factor + modelled operational abatement * variable-resource proxy; independent support axes apply only to a positive gap,"Incremental annual resource proxy only; incumbent cost and early retirement are absent. Support outputs are stresses, not verified cash; verified net gap remains NA."
MITSUI_CHEMICALS,"Mitsui Chemicals, Inc.",Japan,petrochemicals,JP_MCI_OSAKA,Osaka Works,legacy_mci_judgement_sensitivity,sensitivity,high,FY2024,1547600,Allocated,petchem_electrified_cracker,2040,level-support-dependent,yes,541660000,1083320,0.1443929257432556951708117596,78211872.1580918798462218977,160,173331200,251543072.1580918798462218977,232.1964628716278475854058798,0.3,0.490566,0.7,75462921.64742756395386656931,123398478.7363065011286416915,176080150.5106643158923553284,176080150.5106643158923553284,128144593.4217853787175802062,75462921.6474275639538665693,not_available_not_zero,NA,not_modelled; leakage and replacement production pending,USD,2025 screening proxy,Modelled_from_estimated_inputs,D,IEA_CTG_2026|IEA_PETCHEM_COST_2018|MCI_ESG_2025|MCI_WEST_JAPAN_2026|MCI_WORKS_2026|annual_cost_gap_assumptions_mvp,resource gap proxy = transition CAPEX * annual capital-and-fixed-OPEX factor + modelled operational abatement * variable-resource proxy; independent support axes apply only to a positive gap,"Incremental annual resource proxy only; incumbent cost and early retirement are absent. Support outputs are stresses, not verified cash; verified net gap remains NA."
MITSUI_CHEMICALS,"Mitsui Chemicals, Inc.",Japan,petrochemicals,JP_MCI_IWAKUNI,Iwakuni-Ohtake Works,legacy_mci_judgement_sensitivity,sensitivity,low,FY2024,386900,Allocated,petchem_electrified_cracker,2040,level-support-dependent,yes,23214000,116070,0.07601925932025258174066204669,1764711.085860343432527728752,30,3482100,5246811.085860343432527728752,45.20385186405051634813240934,0.3,0.490566,0.7,1574043.325758103029758318626,2573907.127146165236321397783,3672767.760102240402769410126,3672767.760102240402769410126,2672903.958714178196206330969,1574043.325758103029758318626,not_available_not_zero,NA,not_modelled; leakage and replacement production pending,USD,2025 screening proxy,Modelled_from_estimated_inputs,D,IEA_CTG_2026|IEA_PETCHEM_COST_2018|MCI_ESG_2025|MCI_WEST_JAPAN_2026|MCI_WORKS_2026|annual_cost_gap_assumptions_mvp,resource gap proxy = transition CAPEX * annual capital-and-fixed-OPEX factor + modelled operational abatement * variable-resource proxy; independent support axes apply only to a positive gap,"Incremental annual resource proxy only; incumbent cost and early retirement are absent. Support outputs are stresses, not verified cash; verified net gap remains NA."
MITSUI_CHEMICALS,"Mitsui Chemicals, Inc.",Japan,petrochemicals,JP_MCI_IWAKUNI,Iwakuni-Ohtake Works,legacy_mci_judgement_sensitivity,sensitivity,base,FY2024,541660,Allocated,petchem_electrified_cracker,2040,level-support-dependent,yes,81249000,270830,0.1084524572992296267680712972,8811653.703105107945279024826,80,21666400,30478053.70310510794527902483,112.5357371897688880304213892,0.3,0.490566,0.7,9143416.110931532383583707449,14951496.89291746038428375009,21334637.59217357556169531738,21334637.59217357556169531738,15526556.81018764756099527474,9143416.11093153238358370745,not_available_not_zero,NA,not_modelled; leakage and replacement production pending,USD,2025 screening proxy,Modelled_from_estimated_inputs,D,IEA_CTG_2026|IEA_PETCHEM_COST_2018|MCI_ESG_2025|MCI_WEST_JAPAN_2026|MCI_WORKS_2026|annual_cost_gap_assumptions_mvp,resource gap proxy = transition CAPEX * annual capital-and-fixed-OPEX factor + modelled operational abatement * variable-resource proxy; independent support axes apply only to a positive gap,"Incremental annual resource proxy only; incumbent cost and early retirement are absent. Support outputs are stresses, not verified cash; verified net gap remains NA."
MITSUI_CHEMICALS,"Mitsui Chemicals, Inc.",Japan,petrochemicals,JP_MCI_IWAKUNI,Iwakuni-Ohtake Works,legacy_mci_judgement_sensitivity,sensitivity,high,FY2024,773800,Allocated,petchem_electrified_cracker,2040,level-support-dependent,yes,270830000,541660,0.1443929257432556951708117596,39105936.07904593992311094885,160,86665600,125771536.0790459399231109488,232.1964628716278475854058797,0.3,0.490566,0.7,37731460.82371378197693328464,61699239.36815325056432084571,88040075.25533215794617766416,88040075.25533215794617766416,64072296.71089268935879010309,37731460.82371378197693328464,not_available_not_zero,NA,not_modelled; leakage and replacement production pending,USD,2025 screening proxy,Modelled_from_estimated_inputs,D,IEA_CTG_2026|IEA_PETCHEM_COST_2018|MCI_ESG_2025|MCI_WEST_JAPAN_2026|MCI_WORKS_2026|annual_cost_gap_assumptions_mvp,resource gap proxy = transition CAPEX * annual capital-and-fixed-OPEX factor + modelled operational abatement * variable-resource proxy; independent support axes apply only to a positive gap,"Incremental annual resource proxy only; incumbent cost and early retirement are absent. Support outputs are stresses, not verified cash; verified net gap remains NA."
MITSUI_CHEMICALS,"Mitsui Chemicals, Inc.",Japan,petrochemicals,JP_MCI_OMUTA,Omuta Works,legacy_mci_judgement_sensitivity,sensitivity,low,FY2024,154760,Allocated,petchem_electrified_cracker,2040,level-support-dependent,yes,9285600,46428,0.07601925932025258174066204669,705884.4343441373730110915007,30,1392840,2098724.434344137373011091501,45.20385186405051634813240934,0.3,0.490566,0.7,629617.3303032412119033274503,1029562.850858466094528559113,1469107.104040896161107764051,1469107.104040896161107764051,1069161.583485671278482532388,629617.33030324121190332745,not_available_not_zero,NA,not_modelled; leakage and replacement production pending,USD,2025 screening proxy,Modelled_from_estimated_inputs,D,IEA_CTG_2026|IEA_PETCHEM_COST_2018|MCI_ESG_2025|MCI_WEST_JAPAN_2026|MCI_WORKS_2026|annual_cost_gap_assumptions_mvp,resource gap proxy = transition CAPEX * annual capital-and-fixed-OPEX factor + modelled operational abatement * variable-resource proxy; independent support axes apply only to a positive gap,"Incremental annual resource proxy only; incumbent cost and early retirement are absent. Support outputs are stresses, not verified cash; verified net gap remains NA."
MITSUI_CHEMICALS,"Mitsui Chemicals, Inc.",Japan,petrochemicals,JP_MCI_OMUTA,Omuta Works,legacy_mci_judgement_sensitivity,sensitivity,base,FY2024,270830,Allocated,petchem_electrified_cracker,2040,level-support-dependent,yes,40624500,135415,0.1084524572992296267680712972,4405826.851552553972639512413,80,10833200,15239026.85155255397263951241,112.5357371897688880304213891,0.3,0.490566,0.7,4571708.055465766191791853723,7475748.446458730192141875045,10667318.79608678778084765869,10667318.79608678778084765869,7763278.405093823780497637365,4571708.05546576619179185372,not_available_not_zero,NA,not_modelled; leakage and replacement production pending,USD,2025 screening proxy,Modelled_from_estimated_inputs,D,IEA_CTG_2026|IEA_PETCHEM_COST_2018|MCI_ESG_2025|MCI_WEST_JAPAN_2026|MCI_WORKS_2026|annual_cost_gap_assumptions_mvp,resource gap proxy = transition CAPEX * annual capital-and-fixed-OPEX factor + modelled operational abatement * variable-resource proxy; independent support axes apply only to a positive gap,"Incremental annual resource proxy only; incumbent cost and early retirement are absent. Support outputs are stresses, not verified cash; verified net gap remains NA."
MITSUI_CHEMICALS,"Mitsui Chemicals, Inc.",Japan,petrochemicals,JP_MCI_OMUTA,Omuta Works,legacy_mci_judgement_sensitivity,sensitivity,high,FY2024,464280,Allocated,petchem_electrified_cracker,2040,level-support-dependent,yes,162498000,324996,0.1443929257432556951708117596,23463561.64742756395386656931,160,51999360,75462921.64742756395386656931,232.1964628716278475854058798,0.3,0.490566,0.7,22638876.49422826918615997079,37019543.62089195033859250744,52824045.15319929476770659852,52824045.15319929476770659852,38443378.02653561361527406187,22638876.49422826918615997079,not_available_not_zero,NA,not_modelled; leakage and replacement production pending,USD,2025 screening proxy,Modelled_from_estimated_inputs,D,IEA_CTG_2026|IEA_PETCHEM_COST_2018|MCI_ESG_2025|MCI_WEST_JAPAN_2026|MCI_WORKS_2026|annual_cost_gap_assumptions_mvp,resource gap proxy = transition CAPEX * annual capital-and-fixed-OPEX factor + modelled operational abatement * variable-resource proxy; independent support axes apply only to a positive gap,"Incremental annual resource proxy only; incumbent cost and early retirement are absent. Support outputs are stresses, not verified cash; verified net gap remains NA."
MITSUI_CHEMICALS,"Mitsui Chemicals, Inc.",Japan,petrochemicals,JP_MCI_NAGOYA,Nagoya Works,legacy_mci_judgement_sensitivity,sensitivity,low,FY2024,116070,Allocated,not_modelled_data_gap,NA,not_modelled,no,NA,NA,NA,NA,NA,NA,NA,NA,NA,NA,NA,NA,NA,NA,NA,NA,NA,not_applicable_unmodelled_route,NA,not_modelled; leakage and replacement production pending,USD,2025 screening proxy,Not_modelled,D,MCI_ESG_2025|MCI_WORKS_2026|NA,No route cost applied to explicit unmodelled residual,Unmodelled emissions are not assigned a zero cost gap.
MITSUI_CHEMICALS,"Mitsui Chemicals, Inc.",Japan,petrochemicals,JP_MCI_NAGOYA,Nagoya Works,legacy_mci_judgement_sensitivity,sensitivity,base,FY2024,232140,Allocated,not_modelled_data_gap,NA,not_modelled,no,NA,NA,NA,NA,NA,NA,NA,NA,NA,NA,NA,NA,NA,NA,NA,NA,NA,not_applicable_unmodelled_route,NA,not_modelled; leakage and replacement production pending,USD,2025 screening proxy,Not_modelled,D,MCI_ESG_2025|MCI_WORKS_2026|NA,No route cost applied to explicit unmodelled residual,Unmodelled emissions are not assigned a zero cost gap.
MITSUI_CHEMICALS,"Mitsui Chemicals, Inc.",Japan,petrochemicals,JP_MCI_NAGOYA,Nagoya Works,legacy_mci_judgement_sensitivity,sensitivity,high,FY2024,386900,Allocated,not_modelled_data_gap,NA,not_modelled,no,NA,NA,NA,NA,NA,NA,NA,NA,NA,NA,NA,NA,NA,NA,NA,NA,NA,not_applicable_unmodelled_route,NA,not_modelled; leakage and replacement production pending,USD,2025 screening proxy,Not_modelled,D,MCI_ESG_2025|MCI_WORKS_2026|NA,No route cost applied to explicit unmodelled residual,Unmodelled emissions are not assigned a zero cost gap.
MITSUI_CHEMICALS,"Mitsui Chemicals, Inc.",Japan,petrochemicals,JP_MCI_MOBARA,Mobara Branch Factory,legacy_mci_judgement_sensitivity,sensitivity,low,FY2024,77380,Allocated,not_modelled_data_gap,NA,not_modelled,no,NA,NA,NA,NA,NA,NA,NA,NA,NA,NA,NA,NA,NA,NA,NA,NA,NA,not_applicable_unmodelled_route,NA,not_modelled; leakage and replacement production pending,USD,2025 screening proxy,Not_modelled,D,MCI_ESG_2025|MCI_WORKS_2026|NA,No route cost applied to explicit unmodelled residual,Unmodelled emissions are not assigned a zero cost gap.
MITSUI_CHEMICALS,"Mitsui Chemicals, Inc.",Japan,petrochemicals,JP_MCI_MOBARA,Mobara Branch Factory,legacy_mci_judgement_sensitivity,sensitivity,base,FY2024,193450,Allocated,not_modelled_data_gap,NA,not_modelled,no,NA,NA,NA,NA,NA,NA,NA,NA,NA,NA,NA,NA,NA,NA,NA,NA,NA,not_applicable_unmodelled_route,NA,not_modelled; leakage and replacement production pending,USD,2025 screening proxy,Not_modelled,D,MCI_ESG_2025|MCI_WORKS_2026|NA,No route cost applied to explicit unmodelled residual,Unmodelled emissions are not assigned a zero cost gap.
MITSUI_CHEMICALS,"Mitsui Chemicals, Inc.",Japan,petrochemicals,JP_MCI_MOBARA,Mobara Branch Factory,legacy_mci_judgement_sensitivity,sensitivity,high,FY2024,309520,Allocated,not_modelled_data_gap,NA,not_modelled,no,NA,NA,NA,NA,NA,NA,NA,NA,NA,NA,NA,NA,NA,NA,NA,NA,NA,not_applicable_unmodelled_route,NA,not_modelled; leakage and replacement production pending,USD,2025 screening proxy,Not_modelled,D,MCI_ESG_2025|MCI_WORKS_2026|NA,No route cost applied to explicit unmodelled residual,Unmodelled emissions are not assigned a zero cost gap.
MITSUI_CHEMICALS,"Mitsui Chemicals, Inc.",Japan,petrochemicals,JP_MCI_TOKUYAMA,Tokuyama Branch Factory,legacy_mci_judgement_sensitivity,sensitivity,low,FY2024,38690,Allocated,not_modelled_data_gap,NA,not_modelled,no,NA,NA,NA,NA,NA,NA,NA,NA,NA,NA,NA,NA,NA,NA,NA,NA,NA,not_applicable_unmodelled_route,NA,not_modelled; leakage and replacement production pending,USD,2025 screening proxy,Not_modelled,D,MCI_ESG_2025|MCI_WORKS_2026|NA,No route cost applied to explicit unmodelled residual,Unmodelled emissions are not assigned a zero cost gap.
MITSUI_CHEMICALS,"Mitsui Chemicals, Inc.",Japan,petrochemicals,JP_MCI_TOKUYAMA,Tokuyama Branch Factory,legacy_mci_judgement_sensitivity,sensitivity,base,FY2024,154760,Allocated,not_modelled_data_gap,NA,not_modelled,no,NA,NA,NA,NA,NA,NA,NA,NA,NA,NA,NA,NA,NA,NA,NA,NA,NA,not_applicable_unmodelled_route,NA,not_modelled; leakage and replacement production pending,USD,2025 screening proxy,Not_modelled,D,MCI_ESG_2025|MCI_WORKS_2026|NA,No route cost applied to explicit unmodelled residual,Unmodelled emissions are not assigned a zero cost gap.
MITSUI_CHEMICALS,"Mitsui Chemicals, Inc.",Japan,petrochemicals,JP_MCI_TOKUYAMA,Tokuyama Branch Factory,legacy_mci_judgement_sensitivity,sensitivity,high,FY2024,270830,Allocated,not_modelled_data_gap,NA,not_modelled,no,NA,NA,NA,NA,NA,NA,NA,NA,NA,NA,NA,NA,NA,NA,NA,NA,NA,not_applicable_unmodelled_route,NA,not_modelled; leakage and replacement production pending,USD,2025 screening proxy,Not_modelled,D,MCI_ESG_2025|MCI_WORKS_2026|NA,No route cost applied to explicit unmodelled residual,Unmodelled emissions are not assigned a zero cost gap.
MITSUI_CHEMICALS,"Mitsui Chemicals, Inc.",Japan,petrochemicals,JP_MCI_ICHIHARA,Ichihara Works,primary_mci_shk_bridge,primary,low,FY2024,1085599,Allocated,petchem_electrified_cracker,2040,level-support-dependent,yes,65135940,325679.7,0.07601925932025258174066204669,4951585.913928412949104858633,30,9770391,14721976.91392841294910485863,45.20385186405051634813240933,0.3,0.490566,0.7,4416593.074178523884731457589,7222101.326758205826790574079,10305383.83974988906437340104,10305383.83974988906437340104,7499875.587170207122314284551,4416593.07417852388473145759,not_available_not_zero,NA,not_modelled; leakage and replacement production pending,USD,2025 screening proxy,Modelled_from_estimated_inputs,D,IEA_CTG_2026|IEA_PETCHEM_COST_2018|MCI_ESG_2025|MCI_SHK_2023_CORP|MCI_SHK_2023_FAC|MCI_WEST_JAPAN_2026|MCI_WORKS_2026|annual_cost_gap_assumptions_mvp,resource gap proxy = transition CAPEX * annual capital-and-fixed-OPEX factor + modelled operational abatement * variable-resource proxy; independent support axes apply only to a positive gap,"Incremental annual resource proxy only; incumbent cost and early retirement are absent. Support outputs are stresses, not verified cash; verified net gap remains NA."
MITSUI_CHEMICALS,"Mitsui Chemicals, Inc.",Japan,petrochemicals,JP_MCI_ICHIHARA,Ichihara Works,primary_mci_shk_bridge,primary,base,FY2024,1206221,Allocated,petchem_electrified_cracker,2040,level-support-dependent,yes,180933150,603110.5,0.1084524572992296267680712972,19622644.72439010894447145923,80,48248840,67871484.72439010894447145923,112.5357371897688880304213892,0.3,0.490566,0.7,20361445.41731703268334143777,33295442.77530515818445358587,47510039.30707307626113002146,47510039.30707307626113002146,34576041.94908495076001787336,20361445.41731703268334143777,not_available_not_zero,NA,not_modelled; leakage and replacement production pending,USD,2025 screening proxy,Modelled_from_estimated_inputs,D,IEA_CTG_2026|IEA_PETCHEM_COST_2018|MCI_ESG_2025|MCI_SHK_2023_CORP|MCI_SHK_2023_FAC|MCI_WEST_JAPAN_2026|MCI_WORKS_2026|annual_cost_gap_assumptions_mvp,resource gap proxy = transition CAPEX * annual capital-and-fixed-OPEX factor + modelled operational abatement * variable-resource proxy; independent support axes apply only to a positive gap,"Incremental annual resource proxy only; incumbent cost and early retirement are absent. Support outputs are stresses, not verified cash; verified net gap remains NA."
MITSUI_CHEMICALS,"Mitsui Chemicals, Inc.",Japan,petrochemicals,JP_MCI_ICHIHARA,Ichihara Works,primary_mci_shk_bridge,primary,high,FY2024,1326843,Allocated,petchem_electrified_cracker,2040,level-support-dependent,yes,464395050,928790.1,0.1443929257432556951708117596,67055359.97018551572163388564,160,148606416,215661775.9701855157216338856,232.1964628716278475854058798,0.3,0.490566,0.7,64698532.79105565471649016568,105796334.7905900277054990487,150963243.1791298610051437199,150963243.1791298610051437199,109865441.1795954880161348369,64698532.7910556547164901657,not_available_not_zero,NA,not_modelled; leakage and replacement production pending,USD,2025 screening proxy,Modelled_from_estimated_inputs,D,IEA_CTG_2026|IEA_PETCHEM_COST_2018|MCI_ESG_2025|MCI_SHK_2023_CORP|MCI_SHK_2023_FAC|MCI_WEST_JAPAN_2026|MCI_WORKS_2026|annual_cost_gap_assumptions_mvp,resource gap proxy = transition CAPEX * annual capital-and-fixed-OPEX factor + modelled operational abatement * variable-resource proxy; independent support axes apply only to a positive gap,"Incremental annual resource proxy only; incumbent cost and early retirement are absent. Support outputs are stresses, not verified cash; verified net gap remains NA."
MITSUI_CHEMICALS,"Mitsui Chemicals, Inc.",Japan,petrochemicals,JP_MCI_OSAKA,Osaka Works,primary_mci_shk_bridge,primary,low,FY2024,1487150,Allocated,petchem_electrified_cracker,2040,level-support-dependent,yes,89229000,446145,0.07601925932025258174066204669,6783122.489886817616137533764,30,13384350,20167472.48988681761613753376,45.20385186405051634813240933,0.3,0.490566,0.7,6050241.746966045284841260128,9893476.309473816570678125387,14117230.74292077233129627363,14117230.74292077233129627363,10273996.18041300104545940837,6050241.74696604528484126013,not_available_not_zero,NA,not_modelled; leakage and replacement production pending,USD,2025 screening proxy,Modelled_from_estimated_inputs,D,IEA_CTG_2026|IEA_PETCHEM_COST_2018|MCI_ESG_2025|MCI_SHK_2023_CORP|MCI_SHK_2023_FAC|MCI_WEST_JAPAN_2026|MCI_WORKS_2026|annual_cost_gap_assumptions_mvp,resource gap proxy = transition CAPEX * annual capital-and-fixed-OPEX factor + modelled operational abatement * variable-resource proxy; independent support axes apply only to a positive gap,"Incremental annual resource proxy only; incumbent cost and early retirement are absent. Support outputs are stresses, not verified cash; verified net gap remains NA."
MITSUI_CHEMICALS,"Mitsui Chemicals, Inc.",Japan,petrochemicals,JP_MCI_OSAKA,Osaka Works,primary_mci_shk_bridge,primary,base,FY2024,1652389,Allocated,petchem_electrified_cracker,2040,level-support-dependent,yes,247858350,826194.5,0.1084524572992296267680712972,26880847.11963251156184998441,80,66095560,92976407.11963251156184998441,112.5357371897688880304213892,0.3,0.490566,0.7,27892922.13588975346855499532,45611064.13504964266685049945,65083484.98374275809329498909,65083484.98374275809329498909,47365342.98458286889499948496,27892922.13588975346855499532,not_available_not_zero,NA,not_modelled; leakage and replacement production pending,USD,2025 screening proxy,Modelled_from_estimated_inputs,D,IEA_CTG_2026|IEA_PETCHEM_COST_2018|MCI_ESG_2025|MCI_SHK_2023_CORP|MCI_SHK_2023_FAC|MCI_WEST_JAPAN_2026|MCI_WORKS_2026|annual_cost_gap_assumptions_mvp,resource gap proxy = transition CAPEX * annual capital-and-fixed-OPEX factor + modelled operational abatement * variable-resource proxy; independent support axes apply only to a positive gap,"Incremental annual resource proxy only; incumbent cost and early retirement are absent. Support outputs are stresses, not verified cash; verified net gap remains NA."
MITSUI_CHEMICALS,"Mitsui Chemicals, Inc.",Japan,petrochemicals,JP_MCI_OSAKA,Osaka Works,primary_mci_shk_bridge,primary,high,FY2024,1817628,Allocated,petchem_electrified_cracker,2040,level-support-dependent,yes,636169800,1272339.6,0.1443929257432556951708117596,91858418.69150182694567628294,160,203574336,295432754.6915018269456762829,232.1964628716278475854058798,0.3,0.490566,0.7,88629826.40745054808370288487,144929264.7379912852374326314,206802928.284051278861973398,206802928.284051278861973398,150503489.9535105417082436515,88629826.4074505480837028849,not_available_not_zero,NA,not_modelled; leakage and replacement production pending,USD,2025 screening proxy,Modelled_from_estimated_inputs,D,IEA_CTG_2026|IEA_PETCHEM_COST_2018|MCI_ESG_2025|MCI_SHK_2023_CORP|MCI_SHK_2023_FAC|MCI_WEST_JAPAN_2026|MCI_WORKS_2026|annual_cost_gap_assumptions_mvp,resource gap proxy = transition CAPEX * annual capital-and-fixed-OPEX factor + modelled operational abatement * variable-resource proxy; independent support axes apply only to a positive gap,"Incremental annual resource proxy only; incumbent cost and early retirement are absent. Support outputs are stresses, not verified cash; verified net gap remains NA."
MITSUI_CHEMICALS,"Mitsui Chemicals, Inc.",Japan,petrochemicals,JP_MCI_IWAKUNI,Iwakuni-Ohtake Works,primary_mci_shk_bridge,primary,low,FY2024,344515,Allocated,petchem_electrified_cracker,2040,level-support-dependent,yes,20670900,103354.5,0.07601925932025258174066204669,1571386.507483009091903051101,30,3100635,4672021.507483009091903051101,45.20385186405051634813240934,0.3,0.490566,0.7,1401606.45224490272757091533,2291934.902839909838178512166,3270415.055238106364332135771,3270415.055238106364332135771,2380086.604643099253724538935,1401606.45224490272757091533,not_available_not_zero,NA,not_modelled; leakage and replacement production pending,USD,2025 screening proxy,Modelled_from_estimated_inputs,D,IEA_CTG_2026|IEA_PETCHEM_COST_2018|MCI_ESG_2025|MCI_SHK_2023_CORP|MCI_SHK_2023_FAC|MCI_WEST_JAPAN_2026|MCI_WORKS_2026|annual_cost_gap_assumptions_mvp,resource gap proxy = transition CAPEX * annual capital-and-fixed-OPEX factor + modelled operational abatement * variable-resource proxy; independent support axes apply only to a positive gap,"Incremental annual resource proxy only; incumbent cost and early retirement are absent. Support outputs are stresses, not verified cash; verified net gap remains NA."
MITSUI_CHEMICALS,"Mitsui Chemicals, Inc.",Japan,petrochemicals,JP_MCI_IWAKUNI,Iwakuni-Ohtake Works,primary_mci_shk_bridge,primary,base,FY2024,382794,Allocated,petchem_electrified_cracker,2040,level-support-dependent,yes,57419100,191397,0.1084524572992296267680712972,6227242.490910195862358562621,80,15311760,21539002.49091019586235856262,112.5357371897688880304213892,0.3,0.490566,0.7,6461700.747273058758707568786,10566302.29595585114341379063,15077301.74363713710365099383,15077301.74363713710365099383,10972700.19495434471894477199,6461700.74727305875870756879,not_available_not_zero,NA,not_modelled; leakage and replacement production pending,USD,2025 screening proxy,Modelled_from_estimated_inputs,D,IEA_CTG_2026|IEA_PETCHEM_COST_2018|MCI_ESG_2025|MCI_SHK_2023_CORP|MCI_SHK_2023_FAC|MCI_WEST_JAPAN_2026|MCI_WORKS_2026|annual_cost_gap_assumptions_mvp,resource gap proxy = transition CAPEX * annual capital-and-fixed-OPEX factor + modelled operational abatement * variable-resource proxy; independent support axes apply only to a positive gap,"Incremental annual resource proxy only; incumbent cost and early retirement are absent. Support outputs are stresses, not verified cash; verified net gap remains NA."
MITSUI_CHEMICALS,"Mitsui Chemicals, Inc.",Japan,petrochemicals,JP_MCI_IWAKUNI,Iwakuni-Ohtake Works,primary_mci_shk_bridge,primary,high,FY2024,421073,Allocated,petchem_electrified_cracker,2040,level-support-dependent,yes,147375550,294751.1,0.1443929257432556951708117596,21279986.84752146686643072702,160,47160176,68440162.84752146686643072702,232.1964628716278475854058798,0.3,0.490566,0.7,20532048.85425644005992921811,33574416.92745721591479745603,47908113.99326502680650150891,47908113.99326502680650150891,34865745.92006425095163327099,20532048.85425644005992921811,not_available_not_zero,NA,not_modelled; leakage and replacement production pending,USD,2025 screening proxy,Modelled_from_estimated_inputs,D,IEA_CTG_2026|IEA_PETCHEM_COST_2018|MCI_ESG_2025|MCI_SHK_2023_CORP|MCI_SHK_2023_FAC|MCI_WEST_JAPAN_2026|MCI_WORKS_2026|annual_cost_gap_assumptions_mvp,resource gap proxy = transition CAPEX * annual capital-and-fixed-OPEX factor + modelled operational abatement * variable-resource proxy; independent support axes apply only to a positive gap,"Incremental annual resource proxy only; incumbent cost and early retirement are absent. Support outputs are stresses, not verified cash; verified net gap remains NA."
MITSUI_CHEMICALS,"Mitsui Chemicals, Inc.",Japan,petrochemicals,JP_MCI_OMUTA,Omuta Works,primary_mci_shk_bridge,primary,low,FY2024,476491,Allocated,petchem_electrified_cracker,2040,level-support-dependent,yes,28589460,142947.3,0.07601925932025258174066204669,2173349.573565988375571387957,30,4288419,6461768.573565988375571387957,45.20385186405051634813240934,0.3,0.490566,0.7,1938530.572069796512671416387,3169923.962059972653450553505,4523238.00149619186289997157,4523238.00149619186289997157,3291844.611506015722120834452,1938530.572069796512671416387,not_available_not_zero,NA,not_modelled; leakage and replacement production pending,USD,2025 screening proxy,Modelled_from_estimated_inputs,D,IEA_CTG_2026|IEA_PETCHEM_COST_2018|MCI_ESG_2025|MCI_SHK_2023_CORP|MCI_SHK_2023_FAC|MCI_WEST_JAPAN_2026|MCI_WORKS_2026|annual_cost_gap_assumptions_mvp,resource gap proxy = transition CAPEX * annual capital-and-fixed-OPEX factor + modelled operational abatement * variable-resource proxy; independent support axes apply only to a positive gap,"Incremental annual resource proxy only; incumbent cost and early retirement are absent. Support outputs are stresses, not verified cash; verified net gap remains NA."
MITSUI_CHEMICALS,"Mitsui Chemicals, Inc.",Japan,petrochemicals,JP_MCI_OMUTA,Omuta Works,primary_mci_shk_bridge,primary,base,FY2024,529434,Allocated,petchem_electrified_cracker,2040,level-support-dependent,yes,79415100,264717,0.1084524572992296267680712972,8612762.741664050732749058874,80,21177360,29790122.74166405073274905887,112.5357371897688880304213891,0.3,0.490566,0.7,8937036.822499215219824717661,14614021.35288716671176177481,20853085.91916483551292434121,20853085.91916483551292434121,15176101.38877688402098728406,8937036.82249921521982471766,not_available_not_zero,NA,not_modelled; leakage and replacement production pending,USD,2025 screening proxy,Modelled_from_estimated_inputs,D,IEA_CTG_2026|IEA_PETCHEM_COST_2018|MCI_ESG_2025|MCI_SHK_2023_CORP|MCI_SHK_2023_FAC|MCI_WEST_JAPAN_2026|MCI_WORKS_2026|annual_cost_gap_assumptions_mvp,resource gap proxy = transition CAPEX * annual capital-and-fixed-OPEX factor + modelled operational abatement * variable-resource proxy; independent support axes apply only to a positive gap,"Incremental annual resource proxy only; incumbent cost and early retirement are absent. Support outputs are stresses, not verified cash; verified net gap remains NA."
MITSUI_CHEMICALS,"Mitsui Chemicals, Inc.",Japan,petrochemicals,JP_MCI_OMUTA,Omuta Works,primary_mci_shk_bridge,primary,high,FY2024,582377,Allocated,petchem_electrified_cracker,2040,level-support-dependent,yes,203831950,407663.9,0.1443929257432556951708117596,29431891.62045300769527214404,160,65226224,94658115.62045300769527214404,232.1964628716278475854058798,0.3,0.490566,0.7,28397434.68613590230858164321,46436053.14746315017303887461,66260680.93431710538669050083,66260680.93431710538669050083,48222062.47298985752223326943,28397434.68613590230858164321,not_available_not_zero,NA,not_modelled; leakage and replacement production pending,USD,2025 screening proxy,Modelled_from_estimated_inputs,D,IEA_CTG_2026|IEA_PETCHEM_COST_2018|MCI_ESG_2025|MCI_SHK_2023_CORP|MCI_SHK_2023_FAC|MCI_WEST_JAPAN_2026|MCI_WORKS_2026|annual_cost_gap_assumptions_mvp,resource gap proxy = transition CAPEX * annual capital-and-fixed-OPEX factor + modelled operational abatement * variable-resource proxy; independent support axes apply only to a positive gap,"Incremental annual resource proxy only; incumbent cost and early retirement are absent. Support outputs are stresses, not verified cash; verified net gap remains NA."
