company_id,company_name,country_code,reported_production_mt,reported_scope12_emissions_mtco2,scenario_id,portfolio_origin_scenario_id,portfolio_id,carbon_budget_feasible,scenario_feasible,first_budget_breach_year,max_annual_budget_excess_mtco2,minimum_annual_budget_margin_mtco2,physical_constraints_feasible,resource_constraints_feasible,construction_concurrency_feasible,failure_risk_constraint_feasible,first_resource_breach_year,max_scrap_supply_excess_mt,max_hydrogen_supply_excess_mt,max_incremental_grid_excess_twh,max_concurrent_construction_projects,concurrent_construction_limit,portfolio_failure_probability,portfolio_failure_probability_limit,expected_failure_delay_years,plan_id,plan_name,is_disclosed_plan,aligned_capex_bn_krw,peak_capex_year,peak_capex_bn_krw,expected_cost_p50_kkrw_per_tco2,expected_cost_p50_bn_krw,absolute_npv_p50_bn_krw,absolute_npv_p90_bn_krw,scenario_avoided_emissions_mtco2,common_avoided_emissions_mtco2,net_economic_cost_p50_kkrw_per_tco2_common_denominator,net_cash_cost_after_support_p50_kkrw_per_tco2_common_denominator,cash_cost_before_support_p50_bn_krw,net_cash_cost_after_support_p50_bn_krw,net_cash_cost_after_support_p90_bn_krw,avoided_carbon_cost_value_p50_bn_krw,policy_support_value_p50_bn_krw,cash_policy_p50_nonadditivity_bn_krw,economic_cost_p50_identity_delta_bn_krw,p90_cost_kkrw_per_tco2,tcar_kkrw_per_tco2,gross_cost_p50_kkrw_per_tco2,policy_support_dependence_kkrw_per_tco2,electricity_variance_share,hydrogen_variance_share,capex_variance_share,policy_uncertainty_exposure_kkrw_per_tco2,flexibility_value_kkrw_per_tco2,avoided_emissions_mtco2,p90_net_cost_bn_krw,p90_cost_to_ebitda_x,p90_cost_to_annual_capex_x,capex_cost_p50_bn_krw,fixed_opex_cost_p50_bn_krw,electricity_cost_p50_bn_krw,hydrogen_cost_p50_bn_krw,contract_premium_p50_bn_krw,carbon_value_p50_bn_krw,policy_support_p50_bn_krw,component_reconciliation_p50_bn_krw
POSCO_KR,POSCO,KR,34.537,69.84605,DISCLOSED_PATH,DISCLOSED_PATH,PORT-DE64C6FAC717,True,True,,0.0,2.0275124185786808e-05,True,True,True,True,,0.0,0.0,0.0,2,3,0.25895987200000004,0.65,0.74,P1,지연·현물조달,False,15748.0,2035,5768.0,11.899885,2194.592,2194.592,3855.593,184.421263,184.421263,11.899885,48.02213,9490.159,8856.302,10517.303,6661.71,630.755,-3.102,-0.0,20.906446,9.006561,15.336893,3.437008,0.587116,0.0,0.412884,15.660788,0.0,184.421263,3855.593,0.911488,1.631018,5426.379,715.17,3420.842,0.0,0.0,-6661.71,-709.791,3.701
POSCO_KR,POSCO,KR,34.537,69.84605,DISCLOSED_PATH,DISCLOSED_PATH,PORT-39601EAF8865,True,True,,0.0,2.0275124185786808e-05,True,True,True,True,,0.0,0.0,0.0,2,3,0.33950771199999996,0.65,1.2200000000000002,P2,지연·부분헤지,False,19250.0,2037,9270.0,60.379002,11708.953,11708.953,15189.046,193.924259,193.924259,60.379002,96.490016,20047.282,18711.755,22191.848,7002.802,1398.813,63.286,0.0,78.324632,17.945629,67.26585,6.886848,0.856585,0.005291,0.138123,12.920531,48.569103,193.924259,15189.046,3.590791,6.425369,6207.98,844.557,3602.894,9386.917,27.223,-7002.802,-1326.916,-30.9
POSCO_KR,POSCO,KR,34.537,69.84605,DISCLOSED_PATH,DISCLOSED_PATH,PORT-AD0B41B0F73F,True,True,,0.0,2.0275124185786808e-05,True,True,True,True,,0.0,0.0,0.0,3,3,0.4113003519999999,0.65,1.7000000000000002,P3,균형형 라이트헤지,False,22752.0,2035,9270.0,121.87818,25371.9,25371.9,30518.372,208.174258,208.174258,121.87818,157.994848,36104.602,32890.46,38036.933,7518.561,3258.018,43.877,-0.0,146.600125,24.721946,137.317848,15.439668,0.924432,0.009245,0.066323,10.928983,109.947925,208.174258,30518.372,7.214745,12.910081,7023.733,1049.735,3378.051,24299.606,144.045,-7518.561,-2981.305,-23.405
POSCO_KR,POSCO,KR,34.537,69.84605,DISCLOSED_PATH,DISCLOSED_PATH,PORT-DDCBA267CA97,True,True,,0.0,2.0275124185786808e-05,True,True,True,True,,0.0,0.0,0.0,3,3,0.4113003519999999,0.65,1.7000000000000002,P4,균형형 전환,False,22752.0,2034,9270.0,118.342941,29200.682,29200.682,33185.57,246.746291,246.746291,118.342941,154.557978,42866.253,38136.608,42121.496,8935.926,4751.962,22.317,-0.0,134.49268,16.149738,137.510989,19.168048,0.935215,0.009556,0.055229,12.686387,106.744112,246.746291,33185.57,7.845288,14.038376,9714.7,1264.538,3819.891,27782.199,378.938,-8935.926,-4804.371,-19.288
POSCO_KR,POSCO,KR,34.537,69.84605,DISCLOSED_PATH,DISCLOSED_PATH,PORT-C07B5FF15869,True,True,,0.0,2.0275124185786808e-05,True,True,True,True,,0.0,0.0,0.0,3,3,0.49715238399999995,0.65,2.3400000000000003,P5,조기 계약형 전환,False,27562.0,2034,9270.0,124.001191,44931.373,44931.373,48516.06,362.346302,362.346302,124.001191,160.289181,67937.628,58080.192,61664.879,13148.819,9857.651,0.215,-0.0,133.894178,9.892986,151.205652,27.204461,0.939746,0.009989,0.050265,15.487263,112.571846,362.346302,48516.06,11.469518,20.52358,11910.432,1735.149,6225.329,46940.912,1058.081,-13148.819,-9807.772,18.06
POSCO_KR,POSCO,KR,34.537,69.84605,DISCLOSED_PATH,DISCLOSED_PATH,PORT-73B2FF1A66A0,True,False,,0.0,2.0275124185786808e-05,False,False,True,True,2028,0.0,0.3371646534999999,0.6234470549999998,3,3,0.5704843279999999,0.65,2.98,P6,조기 고헤지,False,32892.0,2033,9270.0,129.075504,74747.974,74747.974,77058.903,579.10271,579.10271,129.075504,165.371392,117260.892,95767.021,98077.95,21019.047,21493.871,0.0,-0.0,133.066038,3.990534,166.191322,37.115818,0.951699,0.011961,0.036339,19.631431,117.714292,579.10271,77058.903,18.217235,32.597959,17298.362,2750.76,10647.62,83245.141,3314.697,-21019.047,-21494.027,4.468
POSCO_KR,POSCO,KR,34.537,69.84605,DISCLOSED_PATH,DISCLOSED_PATH,PORT-47C5D429DB2E,True,False,,0.0,2.0275124185786808e-05,False,False,True,True,2028,0.0,0.5371646534999999,2.2234470549999994,3,3,0.5704843279999999,0.65,2.98,P7,완전 수소·계약형,False,32892.0,2032,9270.0,127.524541,80072.553,80072.553,80872.193,627.899166,627.899166,127.524541,163.83613,129039.292,102872.569,103672.21,22800.016,26164.553,-2.17,-0.0,128.798058,1.273517,169.197989,41.673447,0.935325,0.01486,0.049815,21.810927,115.953299,627.899166,80872.193,19.118722,34.211082,18551.297,3034.098,11581.163,90674.575,5186.363,-22800.016,-26160.7,5.772
POSCO_KR,POSCO,KR,34.537,69.84605,DISCLOSED_PATH,DISCLOSED_PATH,PORT-69189DCC5A53,True,True,,0.0,2.0275124185786808e-05,True,True,True,True,,0.0,0.0,0.0,3,3,0.4113003519999999,0.65,1.7000000000000002,CURRENT,POSCO 공시전략 프록시,True,22752.0,2033,9270.0,127.241076,36304.211,36304.211,44631.607,285.318325,285.318325,127.241076,163.530239,49879.229,46658.174,54985.571,10353.963,3266.897,45.842,0.0,156.427412,29.186336,138.530415,11.289339,0.95719,0.010149,0.03266,9.3048,115.503266,285.318325,44631.607,10.551207,18.880353,10724.474,1491.155,4593.206,33201.834,122.961,-10353.963,-3426.619,-48.837
POSCO_KR,POSCO,KR,34.537,69.84605,ACCELERATED_15C,DISCLOSED_PATH,PORT-DE64C6FAC717,False,False,2030,16.324744844999994,-16.324744844999994,True,True,True,True,,0.0,0.0,0.0,2,3,0.25895987200000004,0.65,0.74,P1,지연·현물조달,False,15748.0,2035,5768.0,-3.760903,-693.59,-693.59,1099.762,184.421263,184.421263,-3.760903,49.44939,9995.291,9119.519,10912.872,9813.109,842.18,-33.591,-0.0,5.963315,9.724218,0.987853,4.748756,0.671208,0.0,0.328792,15.660788,0.0,184.421263,1099.762,0.259991,0.465229,5231.72,715.17,4093.752,0.0,0.0,-9813.109,-911.05,-10.073
POSCO_KR,POSCO,KR,34.537,69.84605,ACCELERATED_15C,DISCLOSED_PATH,PORT-39601EAF8865,False,False,2030,13.94899577,-13.94899577,True,True,True,True,,0.0,0.0,0.0,2,3,0.33950771199999996,0.65,1.2200000000000002,P2,지연·부분헤지,False,19250.0,2037,9270.0,47.458471,9203.349,9203.349,13083.079,193.924259,193.924259,47.458471,100.664394,21450.105,19521.268,23400.998,10317.919,1934.057,5.22,0.0,67.464892,20.006421,57.404814,9.946342,0.900035,0.003431,0.096535,12.920531,0.0,193.924259,13083.079,3.092927,5.534489,7942.28,844.557,3909.965,9018.845,28.772,-10317.919,-2196.693,-26.458
POSCO_KR,POSCO,KR,34.537,69.84605,ACCELERATED_15C,DISCLOSED_PATH,PORT-AD0B41B0F73F,False,False,2030,11.573996019999996,-11.573996019999996,True,True,True,True,,0.0,0.0,0.0,3,3,0.4113003519999999,0.65,1.7000000000000002,P3,균형형 라이트헤지,False,22752.0,2035,9270.0,110.949197,23096.767,23096.767,28427.321,208.174258,208.174258,110.949197,164.16872,38706.573,34175.701,39506.256,11078.935,4575.025,44.153,0.0,136.55541,25.606214,132.714001,21.764804,0.947604,0.00597,0.046426,10.928983,1.82567,208.174258,28427.321,6.720407,12.025511,8761.116,1049.735,3589.697,25108.257,153.876,-11078.935,-4506.747,19.767
POSCO_KR,POSCO,KR,34.537,69.84605,ACCELERATED_15C,DISCLOSED_PATH,PORT-DDCBA267CA97,False,False,2030,11.573996019999996,-11.573996019999996,True,True,True,True,,0.0,0.0,0.0,3,3,0.4113003519999999,0.65,1.7000000000000002,P4,균형형 전환,False,22752.0,2034,9270.0,105.656554,26070.363,26070.363,30185.461,246.746291,246.746291,105.656554,158.902937,46023.818,39208.71,43323.809,13138.348,6761.641,-53.466,-0.0,122.334003,16.677449,133.27645,27.619897,0.952788,0.006234,0.040977,12.686387,0.0,246.746291,30185.461,7.136043,12.769251,10048.301,1264.538,4317.937,30024.799,406.51,-13138.348,-6847.171,-6.202
POSCO_KR,POSCO,KR,34.537,69.84605,ACCELERATED_15C,DISCLOSED_PATH,PORT-C07B5FF15869,False,False,2030,5.470451711490618,-5.470451711490618,True,True,True,True,,0.0,0.0,0.0,3,3,0.49715238399999995,0.65,2.3400000000000003,P5,조기 계약형 전환,False,27562.0,2034,9270.0,108.513928,39319.62,39319.62,42830.646,362.346302,362.346302,108.513928,161.702754,72777.448,58592.395,62103.421,19272.774,14155.901,-29.152,0.0,118.203625,9.689697,147.661708,39.14778,0.952812,0.006631,0.040557,15.487263,0.0,362.346302,42830.646,10.125448,18.118499,12696.43,1735.149,6812.739,50418.749,1134.859,-19272.774,-14179.334,-26.198
POSCO_KR,POSCO,KR,34.537,69.84605,ACCELERATED_15C,DISCLOSED_PATH,PORT-73B2FF1A66A0,True,True,,0.0,2.0275124185786808e-05,True,True,True,True,,0.0,0.0,0.0,3,3,0.5704843279999999,0.65,2.98,P6,조기 고헤지,False,32892.0,2033,9270.0,109.444073,63379.359,63379.359,65534.415,579.10271,579.10271,109.444073,162.175994,125037.767,93916.558,96071.613,30537.198,31118.839,-2.37,-0.0,113.165443,3.72137,163.184469,53.740396,0.959102,0.00826,0.032638,19.631431,0.0,579.10271,65534.415,15.492769,27.722795,17765.453,2750.76,11734.704,89215.613,3539.236,-30537.198,-31116.806,27.597
POSCO_KR,POSCO,KR,34.537,69.84605,ACCELERATED_15C,DISCLOSED_PATH,PORT-47C5D429DB2E,True,False,,0.0,2.0275124185786808e-05,False,False,True,True,2029,0.0,0.16699991199999997,0.0,3,3,0.5704843279999999,0.65,2.98,P7,완전 수소·계약형,False,32892.0,2032,9270.0,105.713614,66377.49,66377.49,67090.976,627.899166,627.899166,105.713614,158.354034,137419.878,99430.366,100143.851,33052.876,37979.918,-9.594,0.0,106.84992,1.136305,166.216183,60.502568,0.941988,0.010392,0.047621,21.810927,0.0,627.899166,67090.976,15.860751,28.381262,18413.828,3034.098,12820.136,97629.453,5532.181,-33052.876,-37999.027,-0.304
POSCO_KR,POSCO,KR,34.537,69.84605,ACCELERATED_15C,DISCLOSED_PATH,PORT-69189DCC5A53,False,False,2030,11.573996019999996,-11.573996019999996,True,True,True,True,,0.0,0.0,0.0,3,3,0.4113003519999999,0.65,1.7000000000000002,CURRENT,POSCO 공시전략 프록시,True,22752.0,2033,9270.0,117.936276,33649.381,33649.381,42621.502,285.318325,285.318325,117.936276,171.14967,53395.761,48832.137,57804.259,15182.756,4600.216,36.592,-0.0,149.382281,31.446005,133.931127,15.994852,0.970962,0.00672,0.022318,9.3048,8.162797,285.318325,42621.502,10.076005,18.030026,11151.513,1491.155,5066.095,35889.692,130.986,-15182.756,-4931.604,34.3
NIPPON_STEEL_JP,Nippon Steel,JP,34.3,72.6,DISCLOSED_PATH,DISCLOSED_PATH,PORT-7DCD4991144C,True,True,,0.0,3.446647212967946e-06,True,True,True,True,,0.0,0.0,0.0,2,2,0.28236113919999994,0.65,0.88,P1,지연·현물조달,False,19427.1,2029,6160.0,22.649328,7103.825,7103.825,10362.482,313.643967,313.643967,22.649328,57.624852,19845.293,18073.687,21332.344,10969.862,1695.188,-76.418,0.0,33.038996,10.389668,28.297788,5.64846,0.896745,0.0,0.103255,13.77634,0.0,313.643967,10362.482,1.05421,1.930677,8645.283,721.269,10738.426,0.0,0.0,-10969.862,-2023.316,-7.975
NIPPON_STEEL_JP,Nippon Steel,JP,34.3,72.6,DISCLOSED_PATH,DISCLOSED_PATH,PORT-92BAA222AC4A,True,True,,0.0,3.446647212967946e-06,True,True,True,True,,0.0,0.0,0.0,2,2,0.45364541439999984,0.65,2.0,P2,지연·부분헤지,False,26736.6,2038,7425.0,67.940237,24864.019,24864.019,31150.138,365.968973,365.968973,67.940237,102.905667,41131.07,37660.281,43946.4,12796.263,3425.123,-45.666,-0.0,85.116881,17.176645,77.424069,9.483833,0.951167,0.001826,0.047008,11.050035,44.918354,365.968973,31150.138,3.169007,5.80371,10873.234,951.847,12914.919,16258.014,56.479,-12796.263,-3370.134,-24.077
NIPPON_STEEL_JP,Nippon Steel,JP,34.3,72.6,DISCLOSED_PATH,DISCLOSED_PATH,PORT-92BAA222AC4A,True,True,,0.0,3.446647212967946e-06,True,True,True,True,,0.0,0.0,0.0,2,2,0.45364541439999984,0.65,2.0,P3,균형형 라이트헤지,False,26736.6,2038,7425.0,65.772124,24070.557,24070.557,29066.415,365.968973,365.968973,65.772124,100.737555,41064.866,36866.819,41862.678,12796.263,4196.02,-2.027,0.0,79.423169,13.651044,77.24317,11.471046,0.949442,0.001811,0.048747,11.968527,42.469329,365.968973,29066.415,2.957023,5.415483,10899.517,951.847,12856.317,16144.617,172.859,-12796.263,-4134.99,-23.347
NIPPON_STEEL_JP,Nippon Steel,JP,34.3,72.6,DISCLOSED_PATH,DISCLOSED_PATH,PORT-DF77606A395F,True,False,,0.0,3.446647212967946e-06,False,False,True,True,2028,0.0,0.0,0.5400000000000009,2,2,0.5130317823999999,0.65,2.48,P4,균형형 전환,False,29766.0,2033,8019.0,110.634079,47740.705,47740.705,54677.259,431.518975,431.518975,110.634079,145.56037,71617.692,62812.062,69748.616,15071.357,8777.116,-28.514,0.0,126.708817,16.074737,131.040206,20.406126,0.972181,0.003294,0.024525,12.228961,87.628708,431.518975,54677.259,5.5625,10.187145,12834.144,1343.314,13613.535,43005.249,645.271,-15071.357,-8664.944,35.493
NIPPON_STEEL_JP,Nippon Steel,JP,34.3,72.6,DISCLOSED_PATH,DISCLOSED_PATH,PORT-C942BD99A66C,True,False,,0.0,3.446647212967946e-06,False,False,True,True,2028,0.0,0.0,0.5400000000000009,2,2,0.5840479807999999,0.65,3.12,P5,조기 계약형 전환,False,34771.0,2033,8019.0,127.162041,68275.708,68275.708,73635.066,536.918941,536.918941,127.162041,162.131474,103873.979,87051.459,92410.817,18775.751,16801.625,-20.894,0.0,137.14373,9.981689,158.493622,31.331581,0.971685,0.003643,0.024671,15.935553,104.068489,536.918941,73635.066,7.491141,13.719252,17635.764,1772.401,17407.314,65581.677,1638.363,-18775.751,-16886.205,-97.854
NIPPON_STEEL_JP,Nippon Steel,JP,34.3,72.6,DISCLOSED_PATH,DISCLOSED_PATH,PORT-7C945F726D00,True,False,,0.0,3.446647212967946e-06,False,False,True,True,2028,0.0,0.195,0.0,2,2,0.5659631103999998,0.65,2.96,P6,조기 고헤지,False,33506.0,2028,9900.0,178.479786,89011.334,89011.334,91735.588,498.719413,498.719413,178.479786,213.43208,135510.141,106442.721,109166.975,17431.387,29075.194,7.774,-0.0,183.942285,5.462499,236.763902,58.284115,0.974043,0.005032,0.020924,25.341763,155.703314,498.719413,91735.588,9.332567,17.091635,17382.543,2018.862,13567.275,98631.193,3867.581,-17431.387,-29050.398,25.665
NIPPON_STEEL_JP,Nippon Steel,JP,34.3,72.6,DISCLOSED_PATH,DISCLOSED_PATH,PORT-2ECB61BA4654,True,False,,0.0,3.446647212967946e-06,False,False,False,True,2028,0.0,0.3919999395,1.7039994939999996,3,2,0.6292601567999999,0.65,3.5999999999999996,P7,완전 수소·계약형,False,38511.0,2028,9900.0,181.527744,120380.089,120380.089,121605.185,663.14981,663.14981,181.527744,216.497354,188409.998,143570.179,144795.275,23190.09,44839.819,-0.0,0.0,183.375133,1.847389,249.144168,67.616424,0.9709,0.006411,0.022689,29.617002,158.74625,663.14981,121605.185,12.371301,22.656762,22063.34,2733.202,18747.44,137205.907,7645.8,-23190.09,-44835.539,10.029
NIPPON_STEEL_JP,Nippon Steel,JP,34.3,72.6,DISCLOSED_PATH,DISCLOSED_PATH,PORT-FFBF1A00D2CE,True,False,,0.0,3.446647212967946e-06,False,False,True,True,2028,0.0,0.0,0.5400000000000009,2,2,0.4298908671999999,0.65,1.84,CURRENT,Nippon Steel 공시전략 프록시,True,23974.5,2037,7425.0,81.013441,27026.0,27026.0,33351.349,333.598962,333.598962,81.013441,115.871331,42939.83,38654.556,44979.905,11628.556,4170.416,-114.858,0.0,99.97438,18.960939,93.859028,12.845587,0.96397,0.00298,0.03305,11.493797,58.825213,333.598962,33351.349,3.392944,6.213827,10910.064,967.075,10699.011,20227.592,257.695,-11628.556,-4370.028,-36.855
NIPPON_STEEL_JP,Nippon Steel,JP,34.3,72.6,ACCELERATED_15C,DISCLOSED_PATH,PORT-7DCD4991144C,False,False,2035,14.544997934999998,-14.544997934999998,True,True,True,True,,0.0,0.0,0.0,2,2,0.28236113919999994,0.65,0.88,P1,지연·현물조달,False,19427.1,2029,6160.0,8.872988,2782.959,2782.959,6144.582,313.643967,313.643967,8.872988,60.342215,20993.035,18925.972,22287.594,16143.013,2034.225,-32.838,-0.0,19.590945,10.717957,15.463465,6.590477,0.922935,0.0,0.077065,13.77634,0.0,313.643967,6144.582,0.625109,1.144822,7356.215,721.269,12961.886,0.0,0.0,-16143.013,-2068.498,-44.9
NIPPON_STEEL_JP,Nippon Steel,JP,34.3,72.6,ACCELERATED_15C,DISCLOSED_PATH,PORT-92BAA222AC4A,False,False,2035,8.257752286632595,-8.257752286632595,True,True,True,True,,0.0,0.0,0.0,2,2,0.45364541439999984,0.65,2.0,P2,지연·부분헤지,False,26736.6,2038,7425.0,56.890202,20820.049,20820.049,27693.535,365.968973,365.968973,56.890202,108.454162,43976.187,39690.858,46564.345,18870.81,4317.918,32.59,0.0,75.671811,18.78161,68.599743,11.709541,0.9661,0.001172,0.032729,11.050035,0.0,365.968973,27693.535,2.817356,5.159696,10873.234,951.847,14246.915,17799.601,59.955,-18870.81,-4250.367,9.673
NIPPON_STEEL_JP,Nippon Steel,JP,34.3,72.6,ACCELERATED_15C,DISCLOSED_PATH,PORT-92BAA222AC4A,False,False,2035,8.257752286632595,-8.257752286632595,True,True,True,True,,0.0,0.0,0.0,2,2,0.45364541439999984,0.65,2.0,P3,균형형 라이트헤지,False,26736.6,2038,7425.0,53.803597,19690.447,19690.447,25128.837,365.968973,365.968973,53.803597,105.367558,43923.643,38561.257,43999.647,18870.81,5417.223,54.837,-0.0,68.663845,14.860248,68.456168,14.65257,0.963982,0.001134,0.034884,11.968527,0.0,365.968973,25128.837,2.55644,4.681857,9037.986,951.847,14247.658,19022.941,184.449,-18870.81,-4886.369,2.745
NIPPON_STEEL_JP,Nippon Steel,JP,34.3,72.6,ACCELERATED_15C,DISCLOSED_PATH,PORT-DF77606A395F,False,False,2040,1.649996520000002,-1.649996520000002,True,True,True,True,,0.0,0.0,0.0,2,2,0.5130317823999999,0.65,2.48,P4,균형형 전환,False,29766.0,2033,8019.0,98.405118,42463.676,42463.676,49569.371,431.518975,431.518975,98.405118,149.746016,76775.624,64618.247,71723.942,22154.572,12135.165,-22.212,0.0,114.871821,16.466703,126.578565,28.173447,0.979217,0.00214,0.018643,12.228961,0.0,431.518975,49569.371,5.042857,9.235473,16587.899,1343.314,14828.145,43946.666,692.655,-22154.572,-12797.787,17.356
NIPPON_STEEL_JP,Nippon Steel,JP,34.3,72.6,ACCELERATED_15C,DISCLOSED_PATH,PORT-C942BD99A66C,True,True,,0.0,3.446647212967946e-06,True,True,True,True,,0.0,0.0,0.0,2,2,0.5840479807999999,0.65,3.12,P5,조기 계약형 전환,False,34771.0,2033,8019.0,111.226488,59719.608,59719.608,65157.594,536.918941,536.918941,111.226488,162.651293,111375.83,87330.56,92768.546,27610.952,24043.203,-2.067,0.0,121.35462,10.128132,156.010287,44.783799,0.977202,0.002392,0.020405,15.935553,0.0,536.918941,65157.594,6.628699,12.139779,17927.846,1772.401,18818.281,71038.409,1759.723,-27610.952,-24044.06,57.96
NIPPON_STEEL_JP,Nippon Steel,JP,34.3,72.6,ACCELERATED_15C,DISCLOSED_PATH,PORT-7C945F726D00,True,True,,0.0,3.446647212967946e-06,True,True,True,True,,0.0,0.0,0.0,2,2,0.5659631103999998,0.65,2.96,P6,조기 고헤지,False,33506.0,2028,9900.0,153.138023,76372.905,76372.905,78849.516,498.719413,498.719413,153.138023,204.449157,144827.65,101962.764,104439.375,25589.859,42862.249,-2.637,0.0,158.103964,4.96594,239.087928,85.949904,0.976513,0.003527,0.01996,25.341763,42.070716,498.719413,78849.516,8.021624,14.690777,17220.221,2018.862,14910.656,106508.315,4137.652,-25589.859,-42855.978,23.035
NIPPON_STEEL_JP,Nippon Steel,JP,34.3,72.6,ACCELERATED_15C,DISCLOSED_PATH,PORT-2ECB61BA4654,True,False,,0.0,3.446647212967946e-06,False,False,False,True,2029,0.0,0.1359998899999999,0.0,3,2,0.6292601567999999,0.65,3.5999999999999996,P7,완전 수소·계약형,False,38511.0,2028,9900.0,151.910742,100739.58,100739.58,101806.779,663.14981,663.14981,151.910742,203.141871,201147.999,134713.493,135780.693,33973.913,66438.312,3.806,-0.0,153.520031,1.609289,252.09098,100.180238,0.972278,0.004563,0.023159,29.617002,40.780819,663.14981,101806.779,10.357143,18.96804,22063.34,2733.202,20552.332,147620.21,8171.187,-33973.913,-66437.226,10.448
NIPPON_STEEL_JP,Nippon Steel,JP,34.3,72.6,ACCELERATED_15C,DISCLOSED_PATH,PORT-FFBF1A00D2CE,False,False,2035,13.889998049999999,-13.889998049999999,True,True,True,True,,0.0,0.0,0.0,2,2,0.4298908671999999,0.65,1.84,CURRENT,Nippon Steel 공시전략 프록시,True,23974.5,2037,7425.0,69.519644,23191.681,23191.681,29841.676,333.598962,333.598962,69.519644,120.617779,45805.381,40237.966,46887.961,17046.285,5516.154,-51.261,0.0,89.453743,19.934099,86.208589,16.688945,0.974131,0.001911,0.023957,11.493797,0.0,333.598962,29841.676,3.035893,5.559925,10238.914,967.075,11453.642,22863.41,274.14,-17046.285,-5573.314,14.1
JFE_STEEL_JP,JFE Steel,JP,21.95,45.3,DISCLOSED_PATH,DISCLOSED_PATH,PORT-9D97003767D5,True,False,,0.0,1.265341119704999e-05,False,False,True,True,2033,4.44999748,0.0,0.8619984320000018,2,3,0.22808320000000004,0.65,0.6599999999999999,P1,지연·현물조달,False,12474.0,2033,6265.6,20.730086,5470.584,5470.584,8375.265,263.895884,263.895884,20.730086,55.780495,15944.419,14720.243,17624.924,9249.659,1254.637,30.461,0.0,31.737005,11.006919,25.368946,4.63886,0.920713,0.0,0.079287,13.520805,0.0,263.895884,8375.265,2.322334,2.899219,4868.036,537.655,10467.202,0.0,0.0,-9249.659,-1167.497,14.848
JFE_STEEL_JP,JFE Steel,JP,21.95,45.3,DISCLOSED_PATH,DISCLOSED_PATH,PORT-25A7E18292F6,True,False,,0.0,1.265341119704999e-05,False,False,True,True,2033,4.44999748,0.0,0.8619984320000018,3,3,0.3406543999999999,0.65,1.3,P2,지연·부분헤지,False,16764.0,2033,6265.6,52.434512,16266.28,16266.28,20947.375,310.220867,310.220867,52.434512,87.467079,29436.814,27134.113,31815.209,10867.833,2313.751,11.051,0.0,67.52407,15.089558,59.857289,7.422778,0.95563,0.001259,0.043111,11.832087,0.0,310.220867,20947.375,5.808389,7.251238,7194.372,701.152,11067.423,10411.33,41.138,-10867.833,-2230.23,-51.072
JFE_STEEL_JP,JFE Steel,JP,21.95,45.3,DISCLOSED_PATH,DISCLOSED_PATH,PORT-CCD4397FA6D4,True,True,,0.0,1.265341119704999e-05,True,True,True,True,,0.0,0.0,0.0,2,3,0.3119871999999999,0.65,1.1400000000000001,P3,균형형 라이트헤지,False,16139.2,2033,9930.8,109.942784,30992.418,30992.418,37375.811,281.895878,281.895878,109.942784,145.000147,44996.172,40874.944,47258.337,9882.526,4082.708,-38.521,-0.0,132.587291,22.644507,124.562467,14.619683,0.97978,0.00322,0.017,10.104815,0.0,281.895878,37375.811,10.363745,12.938179,7988.793,811.996,9499.999,26509.595,179.991,-9882.526,-4125.472,10.042
JFE_STEEL_JP,JFE Steel,JP,21.95,45.3,DISCLOSED_PATH,DISCLOSED_PATH,PORT-2883A9539B06,True,False,,0.0,1.265341119704999e-05,False,False,True,True,2028,0.0,0.0,0.9619987720000003,3,3,0.41232239999999987,0.65,1.78,P4,균형형 전환,False,20429.2,2032,9930.8,125.587641,46153.565,46153.565,52157.658,367.500849,367.500849,125.587641,160.57689,67082.311,59012.143,65016.237,12858.579,8030.914,-39.253,-0.0,141.925272,16.337631,147.54723,21.959589,0.979489,0.003535,0.016976,12.109111,15.732055,367.500849,52157.658,14.462527,18.055129,11980.109,1129.437,11897.559,41708.87,600.911,-12858.579,-8332.415,27.672
JFE_STEEL_JP,JFE Steel,JP,21.95,45.3,DISCLOSED_PATH,DISCLOSED_PATH,PORT-2883A9539B06,True,False,,0.0,1.265341119704999e-05,False,False,True,True,2028,0.0,0.0,0.9619987720000003,3,3,0.41232239999999987,0.65,1.78,P5,조기 계약형 전환,False,20429.2,2032,9930.8,118.750981,43641.086,43641.086,47094.59,367.500849,367.500849,118.750981,153.74023,67149.579,56499.665,59953.169,12858.579,10619.849,-30.065,-0.0,128.148249,9.397268,147.730271,28.97929,0.972496,0.003576,0.023929,15.579889,8.761186,367.500849,47094.59,13.058615,16.302475,9428.726,1129.437,12105.601,43340.957,1059.504,-12858.579,-10554.293,-10.267
JFE_STEEL_JP,JFE Steel,JP,21.95,45.3,DISCLOSED_PATH,DISCLOSED_PATH,PORT-576B945395C2,True,False,,0.0,1.265341119704999e-05,False,False,True,True,2028,0.0,0.3089998460000001,1.281998712,3,3,0.47620039999999997,0.65,2.2600000000000002,P6,조기 고헤지,False,23196.8,2031,9930.8,183.175084,76486.009,76486.009,79080.641,417.556839,417.556839,183.175084,218.164732,115982.164,91096.176,93690.807,14610.167,24884.14,-1.848,-0.0,189.388925,6.213841,242.774128,59.599044,0.97701,0.005192,0.017798,25.895286,73.429763,417.556839,79080.641,21.927862,27.37491,13378.945,1645.095,11758.391,85897.658,3311.961,-14610.167,-24894.404,-1.47
JFE_STEEL_JP,JFE Steel,JP,21.95,45.3,DISCLOSED_PATH,DISCLOSED_PATH,PORT-B91429E42CEB,True,False,,0.0,1.265341119704999e-05,False,False,True,True,2028,0.0,0.4689998460000001,2.281998712,3,3,0.47620039999999997,0.65,2.2600000000000002,P7,완전 수소·계약형,False,23196.8,2030,9930.8,180.448673,80392.198,80392.198,81252.521,445.512827,445.512827,180.448673,215.427835,125927.887,95975.864,96836.186,15583.665,29952.023,0.0,0.0,182.379756,1.931083,247.679113,67.230439,0.971584,0.006564,0.021853,29.783362,70.839282,445.512827,81252.521,22.530091,28.126738,13697.477,1777.766,12666.163,92681.268,5113.755,-15583.665,-29953.597,-6.97
JFE_STEEL_JP,JFE Steel,JP,21.95,45.3,DISCLOSED_PATH,DISCLOSED_PATH,PORT-D228BC8B7EB8,True,False,,0.0,1.265341119704999e-05,False,False,True,True,2027,6.04999748,0.0,2.861998432000002,3,3,0.3406543999999999,0.65,1.3,CURRENT,JFE Steel 공시전략 프록시,True,16764.0,2031,6265.6,55.11116,21178.163,21178.163,25861.375,384.280845,384.280845,55.11116,89.996294,38481.084,34583.852,39267.064,13405.689,3845.001,-52.231,0.0,67.298112,12.186952,65.252785,10.141624,0.962736,0.001641,0.035623,12.043557,0.0,384.280845,25861.375,7.170967,8.95229,7466.208,928.508,14480.566,15223.212,212.12,-13405.689,-3693.212,-33.55
JFE_STEEL_JP,JFE Steel,JP,21.95,45.3,ACCELERATED_15C,DISCLOSED_PATH,PORT-9D97003767D5,False,False,2040,7.534994939999997,-7.534994939999997,False,False,True,True,2033,1.249997480000001,0.0,0.0,2,3,0.22808320000000004,0.65,0.6599999999999999,P1,지연·현물조달,False,12474.0,2033,6265.6,7.209281,1902.5,1902.5,5109.07,263.895884,263.895884,7.209281,58.764763,16907.283,15507.779,18714.349,13605.28,1506.424,106.92,0.0,19.360172,12.15089,12.512524,5.303243,0.941349,0.0,0.058651,13.520805,0.0,263.895884,5109.07,1.416667,1.768579,3861.043,537.655,12234.162,0.0,0.0,-13605.28,-1111.024,-14.057
JFE_STEEL_JP,JFE Steel,JP,21.95,45.3,ACCELERATED_15C,DISCLOSED_PATH,PORT-25A7E18292F6,True,False,,0.0,1.265341119704999e-05,False,False,True,True,2033,1.249997480000001,0.0,0.0,3,3,0.3406543999999999,0.65,1.3,P2,지연·부분헤지,False,16764.0,2033,6265.6,40.602425,12595.719,12595.719,17645.415,310.220867,310.220867,40.602425,92.248084,31600.943,28617.281,33666.976,16021.561,2880.923,-102.74,-0.0,56.880168,16.277743,50.220291,9.617866,0.968789,0.000816,0.030395,11.832087,0.0,310.220867,17645.415,4.892806,6.108216,9185.757,701.152,11542.882,10571.849,43.749,-16021.561,-3377.389,-50.72
JFE_STEEL_JP,JFE Steel,JP,21.95,45.3,ACCELERATED_15C,DISCLOSED_PATH,PORT-CCD4397FA6D4,False,False,2040,5.28499579,-5.28499579,True,True,True,True,,0.0,0.0,0.0,2,3,0.3119871999999999,0.65,1.1400000000000001,P3,균형형 라이트헤지,False,16139.2,2033,9930.8,99.837969,28143.912,28143.912,34995.406,281.895878,281.895878,99.837969,151.43256,48224.458,42688.214,49539.708,14544.302,5558.979,22.735,0.0,124.14302,24.305051,119.47729,19.639321,0.98533,0.002167,0.012503,10.104815,0.0,281.895878,34995.406,9.703695,12.114167,7988.793,811.996,10418.218,28792.477,192.633,-14544.302,-5610.432,94.53
JFE_STEEL_JP,JFE Steel,JP,21.95,45.3,ACCELERATED_15C,DISCLOSED_PATH,PORT-2883A9539B06,True,True,,0.0,1.265341119704999e-05,True,True,True,True,,0.0,0.0,0.0,3,3,0.41232239999999987,0.65,1.78,P4,균형형 전환,False,20429.2,2032,9930.8,113.47853,41703.456,41703.456,47978.362,367.500849,367.500849,113.47853,164.872964,72009.697,60590.954,66865.86,18887.498,11296.625,-122.118,0.0,130.553065,17.074535,144.549868,31.071338,0.984594,0.002366,0.01304,12.109111,10.377982,367.500849,47978.362,13.303672,16.608406,11001.836,1129.437,13341.289,45890.717,644.815,-18887.498,-11401.402,-15.738
JFE_STEEL_JP,JFE Steel,JP,21.95,45.3,ACCELERATED_15C,DISCLOSED_PATH,PORT-2883A9539B06,True,True,,0.0,1.265341119704999e-05,True,True,True,True,,0.0,0.0,0.0,3,3,0.41232239999999987,0.65,1.78,P5,조기 계약형 전환,False,20429.2,2032,9930.8,103.171092,37915.464,37915.464,41386.319,367.500849,367.500849,103.171092,154.565526,72044.358,56802.962,60273.817,18887.498,15217.903,-23.493,0.0,112.615573,9.444481,144.644182,41.47309,0.977799,0.002358,0.019843,15.579889,0.0,367.500849,41386.319,11.475798,14.326474,9428.726,1129.437,13280.397,46990.768,1138.13,-18887.498,-15159.639,-4.857
JFE_STEEL_JP,JFE Steel,JP,21.95,45.3,ACCELERATED_15C,DISCLOSED_PATH,PORT-576B945395C2,True,False,,0.0,1.265341119704999e-05,False,False,True,True,2028,0.0,0.02899984600000005,0.0,3,3,0.47620039999999997,0.65,2.2600000000000002,P6,조기 고헤지,False,23196.8,2031,9930.8,157.279798,65673.255,65673.255,68057.979,417.556839,417.556839,157.279798,208.566643,123875.243,87088.428,89473.152,21415.173,36786.815,-0.0,-0.0,162.990934,5.711136,245.379935,88.100137,0.979281,0.003689,0.01703,25.895286,54.40233,417.556839,68057.979,18.871445,23.559256,12878.332,1645.095,12920.364,92884.895,3541.497,-21415.173,-36787.636,5.881
JFE_STEEL_JP,JFE Steel,JP,21.95,45.3,ACCELERATED_15C,DISCLOSED_PATH,PORT-B91429E42CEB,True,False,,0.0,1.265341119704999e-05,False,False,True,True,2028,0.0,0.26899984600000015,0.28199871200000004,3,3,0.47620039999999997,0.65,2.2600000000000002,P7,완전 수소·계약형,False,23196.8,2030,9930.8,150.665311,67123.329,67123.329,67889.307,445.512827,445.512827,150.665311,201.838409,134355.308,89921.6,90687.579,22798.272,44433.708,0.0,0.0,152.38463,1.719319,250.401402,99.736091,0.97287,0.004716,0.022414,29.783362,47.68337,445.512827,67889.307,18.824675,23.500868,13790.487,1777.766,13865.202,99461.832,5462.182,-22798.272,-44436.172,0.304
JFE_STEEL_JP,JFE Steel,JP,21.95,45.3,ACCELERATED_15C,DISCLOSED_PATH,PORT-D228BC8B7EB8,True,False,,0.0,1.265341119704999e-05,False,False,True,True,2027,3.6499974800000015,0.0,0.9330003360000005,3,3,0.3406543999999999,0.65,1.3,CURRENT,JFE Steel 공시전략 프록시,True,16764.0,2031,6265.6,43.067603,16550.055,16550.055,21508.487,384.280845,384.280845,43.067603,94.043953,41059.864,36139.29,41097.722,19589.235,4973.987,53.413,0.0,55.97075,12.903147,55.872234,12.804631,0.972362,0.001045,0.026593,12.043557,0.0,384.280845,21508.487,5.963977,7.445475,7027.092,928.508,16847.458,15673.61,226.886,-19589.235,-4609.98,45.715
KOBE_STEEL_JP,Kobe Steel,JP,5.96,14.3,DISCLOSED_PATH,DISCLOSED_PATH,PORT-3DA05887C62D,True,False,,0.0,9.990856690045291e-05,False,False,True,True,2037,0.9639992259999994,0.0,0.0,1,1,0.19591999999999998,0.6,0.58,P1,지연·현물조달,False,3859.24,2029,1940.4,13.311139,1245.138,1245.138,2131.842,93.541093,93.541093,13.311139,48.230365,4953.986,4511.521,5398.224,3266.383,424.605,-17.86,-0.0,22.790428,9.479289,18.041311,4.730172,0.90173,0.0,0.09827,13.841116,0.0,93.541093,2131.842,0.824164,1.999446,1629.192,109.248,3184.008,0.0,0.0,-3266.383,-406.403,-4.524
KOBE_STEEL_JP,Kobe Steel,JP,5.96,14.3,DISCLOSED_PATH,DISCLOSED_PATH,PORT-8384667F6B8E,True,True,,0.0,9.990856690045291e-05,True,True,True,True,,0.0,0.0,0.0,1,1,0.28332,0.6,1.06,P2,지연·부분헤지,False,4999.94,2037,3019.5,54.787069,5284.273,5284.273,6872.528,96.451092,96.451092,54.787069,89.702667,9394.346,8651.92,10240.175,3367.648,736.579,-5.847,0.0,71.254017,16.466947,62.484501,7.697432,0.955886,0.002129,0.041984,11.156424,1.820354,96.451092,6872.528,2.6569,6.445718,2335.318,148.869,3271.659,3611.622,12.756,-3367.648,-729.255,0.951
KOBE_STEEL_JP,Kobe Steel,JP,5.96,14.3,DISCLOSED_PATH,DISCLOSED_PATH,PORT-8384667F6B8E,True,True,,0.0,9.990856690045291e-05,True,True,True,True,,0.0,0.0,0.0,1,1,0.28332,0.6,1.06,P3,균형형 라이트헤지,False,4999.94,2037,3019.5,53.015253,5113.379,5113.379,6379.46,96.451092,96.451092,53.015253,87.930851,9384.9,8481.027,9747.108,3367.648,906.853,2.98,-0.0,66.141916,13.126663,62.386568,9.371315,0.954473,0.002107,0.04342,11.973707,0.0,96.451092,6379.46,2.466281,5.983272,2427.625,148.869,3169.447,3614.919,39.463,-3367.648,-918.425,-0.871
KOBE_STEEL_JP,Kobe Steel,JP,5.96,14.3,DISCLOSED_PATH,DISCLOSED_PATH,PORT-8A59F01B884D,True,False,,0.0,9.990856690045291e-05,False,False,True,True,2028,0.0,0.012250011000000005,0.0,1,1,0.28332,0.6,1.06,P4,균형형 전환,False,5037.34,2028,3118.5,138.812994,15933.177,15933.177,18180.814,114.781594,114.781594,138.812994,173.627909,22617.151,19929.288,22176.925,3996.111,2686.269,-1.593,-0.0,158.394855,19.581861,162.230184,23.417191,0.978963,0.00544,0.015598,13.695748,86.67596,114.781594,18180.814,7.028651,17.051717,3055.811,294.906,3028.656,16071.08,202.912,-3996.111,-2728.138,4.062
KOBE_STEEL_JP,Kobe Steel,JP,5.96,14.3,DISCLOSED_PATH,DISCLOSED_PATH,PORT-0095E30DB97C,True,False,,0.0,9.990856690045291e-05,False,False,True,True,2028,0.0,0.012250011000000005,0.0,1,1,0.3612199999999999,0.6,1.54,P5,조기 계약형 전환,False,6178.04,2028,3118.5,164.753123,19509.915,19509.915,21095.695,118.419093,118.419093,164.753123,199.571602,28339.734,23633.088,25218.868,4123.173,4710.554,3.907,0.0,178.144373,13.39125,204.498795,39.745672,0.974905,0.00516,0.019936,17.737169,112.010056,118.419093,21095.695,8.155535,19.785573,3215.242,345.83,2931.507,21378.201,447.573,-4123.173,-4682.874,-2.392
KOBE_STEEL_JP,Kobe Steel,JP,5.96,14.3,DISCLOSED_PATH,DISCLOSED_PATH,PORT-6AF097B8F6F8,True,False,,0.0,9.990856690045291e-05,False,False,True,True,2028,0.0,0.012250011000000005,0.0,1,1,0.3612199999999999,0.6,1.54,P6,조기 고헤지,False,6178.04,2028,3118.5,154.974092,19364.548,19364.548,20059.887,124.953456,124.953456,154.974092,189.831399,30026.228,23720.089,24415.428,4355.541,6305.282,-0.856,-0.0,160.538876,5.564784,205.441989,50.467896,0.97423,0.005408,0.020362,23.227381,102.06311,124.953456,20059.887,7.755095,18.814093,3539.579,364.57,3036.73,22228.124,858.939,-4355.541,-6308.619,0.766
KOBE_STEEL_JP,Kobe Steel,JP,5.96,14.3,DISCLOSED_PATH,DISCLOSED_PATH,PORT-F194BB679477,True,False,,0.0,9.990856690045291e-05,False,False,True,True,2028,0.0,0.012250011000000005,0.0,1,1,0.3612199999999999,0.6,1.54,P7,완전 수소·계약형,False,6178.04,2028,3118.5,151.073182,19864.283,19864.283,20068.767,131.48782,131.48782,151.073182,185.965828,31852.574,24452.241,24656.725,4587.958,7400.333,0.0,0.0,152.628331,1.555149,207.354689,56.281508,0.96879,0.006545,0.024665,26.080478,98.250693,131.48782,20068.767,7.758528,18.822421,3549.086,384.34,3200.302,23421.138,1295.513,-4587.958,-7400.02,1.882
KOBE_STEEL_JP,Kobe Steel,JP,5.96,14.3,DISCLOSED_PATH,DISCLOSED_PATH,PORT-87CB7C6D5202,True,True,,0.0,9.990856690045291e-05,True,True,True,True,,0.0,0.0,0.0,1,1,0.28332,0.6,1.06,CURRENT,Kobe Steel 공시전략 프록시,True,4999.94,2036,3019.5,59.076227,6429.36,6429.36,8191.985,108.831592,108.831592,59.076227,93.898594,11201.875,10219.134,11981.758,3789.774,953.984,-28.758,0.0,75.272121,16.195894,68.106156,9.029929,0.958327,0.002446,0.039227,11.334671,5.854558,108.831592,8191.985,3.166998,7.683232,2098.09,176.68,3373.925,5416.691,32.784,-3789.774,-878.376,-0.661
KOBE_STEEL_JP,Kobe Steel,JP,5.96,14.3,ACCELERATED_15C,DISCLOSED_PATH,PORT-3DA05887C62D,False,False,2035,0.6138637290849003,-0.6138637290849003,True,True,True,True,,0.0,0.0,0.0,1,1,0.19591999999999998,0.6,0.58,P1,지연·현물조달,False,3859.24,2029,1940.4,-0.529977,-49.575,-49.575,897.51,93.541093,93.541093,-0.529977,50.711457,5257.151,4743.605,5690.69,4793.18,509.689,-3.857,-0.0,9.594819,10.124796,4.960074,5.490051,0.927188,0.0,0.072812,13.841116,0.0,93.541093,897.51,0.346975,0.841771,1721.529,109.248,3427.791,0.0,0.0,-4793.18,-515.581,0.618
KOBE_STEEL_JP,Kobe Steel,JP,5.96,14.3,ACCELERATED_15C,DISCLOSED_PATH,PORT-8384667F6B8E,False,False,2035,0.6138637290849003,-0.6138637290849003,True,True,True,True,,0.0,0.0,0.0,1,1,0.28332,0.6,1.06,P2,지연·부분헤지,False,4999.94,2037,3019.5,43.630645,4208.223,4208.223,5948.391,96.451092,96.451092,43.630645,94.895781,10055.711,9152.802,10892.969,4944.578,928.043,25.134,0.0,61.672612,18.041967,52.99196,9.361315,0.969595,0.001367,0.029037,11.156424,0.0,96.451092,5948.391,2.299631,5.578973,2335.318,148.869,3584.193,3978.301,13.571,-4944.578,-911.765,4.316
KOBE_STEEL_JP,Kobe Steel,JP,5.96,14.3,ACCELERATED_15C,DISCLOSED_PATH,PORT-8384667F6B8E,False,False,2035,0.6138637290849003,-0.6138637290849003,True,True,True,True,,0.0,0.0,0.0,1,1,0.28332,0.6,1.06,P3,균형형 라이트헤지,False,4999.94,2037,3019.5,41.041546,3958.502,3958.502,5321.811,96.451092,96.451092,41.041546,92.306681,10052.338,8903.08,10266.389,4944.578,1181.287,32.029,-0.0,55.176266,14.13472,52.95699,11.915445,0.967697,0.001325,0.030977,11.973707,0.0,96.451092,5321.811,2.057397,4.991307,2521.434,148.869,3068.77,4388.507,42.197,-4944.578,-1259.411,-7.284
KOBE_STEEL_JP,Kobe Steel,JP,5.96,14.3,ACCELERATED_15C,DISCLOSED_PATH,PORT-8A59F01B884D,True,True,,0.0,9.990856690045291e-05,True,True,True,True,,0.0,0.0,0.0,1,1,0.28332,0.6,1.06,P4,균형형 전환,False,5037.34,2028,3118.5,125.117246,14361.157,14361.157,16630.43,114.781594,114.781594,125.117246,175.944743,24029.348,20195.218,22464.491,5834.061,3825.374,-8.756,-0.0,144.887602,19.770355,158.520945,33.403699,0.983507,0.004038,0.012455,13.695748,0.155267,114.781594,16630.43,6.429277,15.597618,2913.393,294.906,3433.146,17152.561,215.704,-5834.061,-3816.344,1.854
KOBE_STEEL_JP,Kobe Steel,JP,5.96,14.3,ACCELERATED_15C,DISCLOSED_PATH,PORT-0095E30DB97C,True,True,,0.0,9.990856690045291e-05,True,True,True,True,,0.0,0.0,0.0,1,1,0.3612199999999999,0.6,1.54,P5,조기 계약형 전환,False,6178.04,2028,3118.5,147.015954,17409.496,17409.496,18929.428,118.419093,118.419093,147.015954,197.884362,30260.729,23433.287,24953.218,6023.791,6821.625,-5.818,0.0,159.851147,12.835193,204.670867,57.654914,0.979192,0.003709,0.017099,17.737169,25.194606,118.419093,18929.428,7.318063,17.75384,3215.242,345.83,3211.442,23006.107,477.943,-6023.791,-6807.533,-15.744
KOBE_STEEL_JP,Kobe Steel,JP,5.96,14.3,ACCELERATED_15C,DISCLOSED_PATH,PORT-6AF097B8F6F8,True,True,,0.0,9.990856690045291e-05,True,True,True,True,,0.0,0.0,0.0,1,1,0.3612199999999999,0.6,1.54,P6,조기 고헤지,False,6178.04,2028,3118.5,131.746711,16462.207,16462.207,17072.225,124.953456,124.953456,131.746711,182.709327,32042.082,22830.162,23440.18,6367.955,9211.739,-0.181,0.0,136.628672,4.881961,205.469526,73.722815,0.976664,0.003866,0.019471,23.227381,9.478463,124.953456,17072.225,6.600073,16.011976,3539.579,364.57,3326.088,23893.94,917.559,-6367.955,-9211.211,-0.362
KOBE_STEEL_JP,Kobe Steel,JP,5.96,14.3,ACCELERATED_15C,DISCLOSED_PATH,PORT-F194BB679477,True,True,,0.0,9.990856690045291e-05,True,True,True,True,,0.0,0.0,0.0,1,1,0.3612199999999999,0.6,1.54,P7,완전 수소·계약형,False,6178.04,2028,3118.5,124.992704,16435.018,16435.018,16609.759,131.48782,131.48782,124.992704,176.018137,33998.856,23144.241,23318.982,6709.223,10854.906,0.291,0.0,126.321655,1.328951,207.54495,82.552246,0.970156,0.004674,0.025171,26.080478,0.0,131.48782,16609.759,6.421285,15.578231,3551.545,384.34,3504.648,25173.088,1384.082,-6709.223,-10854.701,1.239
KOBE_STEEL_JP,Kobe Steel,JP,5.96,14.3,ACCELERATED_15C,DISCLOSED_PATH,PORT-87CB7C6D5202,False,False,2035,0.6138637290849003,-0.6138637290849003,False,False,True,True,2028,0.15500018000000004,0.0,0.0,1,1,0.28332,0.6,1.06,CURRENT,Kobe Steel 공시전략 프록시,True,4999.94,2036,3019.5,47.741556,5195.789,5195.789,7104.621,108.831592,108.831592,47.741556,98.653534,12017.443,10736.621,12645.453,5540.832,1234.767,-46.055,-0.0,65.280869,17.539314,59.510398,11.768842,0.970484,0.001573,0.027943,11.334671,0.0,108.831592,7104.621,2.746626,6.663397,2620.753,176.68,3509.174,5686.846,34.997,-5540.832,-1300.2,8.37
