company_id,company_name,country_code,scenario_id,portfolio_origin_scenario_id,portfolio_id,scenario_feasible,carbon_budget_feasible,physical_constraints_feasible,resource_constraints_feasible,construction_concurrency_feasible,failure_risk_constraint_feasible,first_resource_breach_year,max_scrap_supply_excess_mt,max_hydrogen_supply_excess_mt,max_incremental_grid_excess_twh,max_concurrent_construction_projects,concurrent_construction_limit,portfolio_failure_probability,portfolio_failure_probability_limit,expected_failure_delay_years,first_budget_breach_year,max_annual_budget_excess_mtco2,minimum_annual_budget_margin_mtco2,scenario_avoided_emissions_mtco2,common_avoided_emissions_mtco2,plan_id,plan_name,is_disclosed_plan,aligned_capex_bn_krw,peak_capex_year,peak_capex_bn_krw,avoided_emissions_mtco2,plan_order,expected_cost_p50_kkrw_per_tco2_mean,expected_cost_p50_kkrw_per_tco2_std,expected_cost_p50_kkrw_per_tco2_min,expected_cost_p50_kkrw_per_tco2_max,expected_cost_p50_bn_krw_mean,expected_cost_p50_bn_krw_std,expected_cost_p50_bn_krw_min,expected_cost_p50_bn_krw_max,absolute_npv_p50_bn_krw_mean,absolute_npv_p50_bn_krw_std,absolute_npv_p50_bn_krw_min,absolute_npv_p50_bn_krw_max,absolute_npv_p90_bn_krw_mean,absolute_npv_p90_bn_krw_std,absolute_npv_p90_bn_krw_min,absolute_npv_p90_bn_krw_max,net_economic_cost_p50_kkrw_per_tco2_common_denominator_mean,net_economic_cost_p50_kkrw_per_tco2_common_denominator_std,net_economic_cost_p50_kkrw_per_tco2_common_denominator_min,net_economic_cost_p50_kkrw_per_tco2_common_denominator_max,net_cash_cost_after_support_p50_kkrw_per_tco2_common_denominator_mean,net_cash_cost_after_support_p50_kkrw_per_tco2_common_denominator_std,net_cash_cost_after_support_p50_kkrw_per_tco2_common_denominator_min,net_cash_cost_after_support_p50_kkrw_per_tco2_common_denominator_max,cash_cost_before_support_p50_bn_krw_mean,cash_cost_before_support_p50_bn_krw_std,cash_cost_before_support_p50_bn_krw_min,cash_cost_before_support_p50_bn_krw_max,net_cash_cost_after_support_p50_bn_krw_mean,net_cash_cost_after_support_p50_bn_krw_std,net_cash_cost_after_support_p50_bn_krw_min,net_cash_cost_after_support_p50_bn_krw_max,net_cash_cost_after_support_p90_bn_krw_mean,net_cash_cost_after_support_p90_bn_krw_std,net_cash_cost_after_support_p90_bn_krw_min,net_cash_cost_after_support_p90_bn_krw_max,avoided_carbon_cost_value_p50_bn_krw_mean,avoided_carbon_cost_value_p50_bn_krw_std,avoided_carbon_cost_value_p50_bn_krw_min,avoided_carbon_cost_value_p50_bn_krw_max,policy_support_value_p50_bn_krw_mean,policy_support_value_p50_bn_krw_std,policy_support_value_p50_bn_krw_min,policy_support_value_p50_bn_krw_max,cash_policy_p50_nonadditivity_bn_krw_mean,cash_policy_p50_nonadditivity_bn_krw_std,cash_policy_p50_nonadditivity_bn_krw_min,cash_policy_p50_nonadditivity_bn_krw_max,economic_cost_p50_identity_delta_bn_krw_mean,economic_cost_p50_identity_delta_bn_krw_std,economic_cost_p50_identity_delta_bn_krw_min,economic_cost_p50_identity_delta_bn_krw_max,tcar_kkrw_per_tco2_mean,tcar_kkrw_per_tco2_std,tcar_kkrw_per_tco2_min,tcar_kkrw_per_tco2_max,gross_cost_p50_kkrw_per_tco2_mean,gross_cost_p50_kkrw_per_tco2_std,gross_cost_p50_kkrw_per_tco2_min,gross_cost_p50_kkrw_per_tco2_max,policy_support_dependence_kkrw_per_tco2_mean,policy_support_dependence_kkrw_per_tco2_std,policy_support_dependence_kkrw_per_tco2_min,policy_support_dependence_kkrw_per_tco2_max,policy_uncertainty_exposure_kkrw_per_tco2_mean,policy_uncertainty_exposure_kkrw_per_tco2_std,policy_uncertainty_exposure_kkrw_per_tco2_min,policy_uncertainty_exposure_kkrw_per_tco2_max,flexibility_value_kkrw_per_tco2_mean,flexibility_value_kkrw_per_tco2_std,flexibility_value_kkrw_per_tco2_min,flexibility_value_kkrw_per_tco2_max,electricity_variance_share_mean,electricity_variance_share_std,electricity_variance_share_min,electricity_variance_share_max,hydrogen_variance_share_mean,hydrogen_variance_share_std,hydrogen_variance_share_min,hydrogen_variance_share_max,capex_variance_share_mean,capex_variance_share_std,capex_variance_share_min,capex_variance_share_max,p90_net_cost_bn_krw_mean,p90_net_cost_bn_krw_std,p90_net_cost_bn_krw_min,p90_net_cost_bn_krw_max,p90_cost_to_ebitda_x_mean,p90_cost_to_ebitda_x_std,p90_cost_to_ebitda_x_min,p90_cost_to_ebitda_x_max,p90_cost_to_annual_capex_x_mean,p90_cost_to_annual_capex_x_std,p90_cost_to_annual_capex_x_min,p90_cost_to_annual_capex_x_max,capex_cost_p50_bn_krw_mean,capex_cost_p50_bn_krw_std,capex_cost_p50_bn_krw_min,capex_cost_p50_bn_krw_max,fixed_opex_cost_p50_bn_krw_mean,fixed_opex_cost_p50_bn_krw_std,fixed_opex_cost_p50_bn_krw_min,fixed_opex_cost_p50_bn_krw_max,electricity_cost_p50_bn_krw_mean,electricity_cost_p50_bn_krw_std,electricity_cost_p50_bn_krw_min,electricity_cost_p50_bn_krw_max,hydrogen_cost_p50_bn_krw_mean,hydrogen_cost_p50_bn_krw_std,hydrogen_cost_p50_bn_krw_min,hydrogen_cost_p50_bn_krw_max,contract_premium_p50_bn_krw_mean,contract_premium_p50_bn_krw_std,contract_premium_p50_bn_krw_min,contract_premium_p50_bn_krw_max,carbon_value_p50_bn_krw_mean,carbon_value_p50_bn_krw_std,carbon_value_p50_bn_krw_min,carbon_value_p50_bn_krw_max,policy_support_p50_bn_krw_mean,policy_support_p50_bn_krw_std,policy_support_p50_bn_krw_min,policy_support_p50_bn_krw_max,component_reconciliation_p50_bn_krw_mean,component_reconciliation_p50_bn_krw_std,component_reconciliation_p50_bn_krw_min,component_reconciliation_p50_bn_krw_max,frontier_frequency_pct
POSCO_KR,POSCO,KR,DISCLOSED_PATH,DISCLOSED_PATH,PORT-DE64C6FAC717,True,True,True,True,True,True,,0.0,0.0,0.0,2,3,0.25895987200000004,0.65,0.74,,0.0,2.0275124185786808e-05,184.421263,184.421263,P1,지연·현물조달,False,15748.0,2035,5768.0,184.421263,0,11.37671,0.182301,11.172668,11.523551,2098.107,33.620521,2060.477,2125.188,2098.107,33.620521,2060.477,2125.188,3775.206333,163.53266,3601.93,3926.84,11.37671,0.182301,11.172668,11.523551,47.498955,0.182301,47.294913,47.645796,9397.720667,48.427357,9343.135,9435.526,8759.817333,33.619961,8722.188,8786.898,10436.916333,163.53266,10263.64,10588.55,6661.71,0.0,6661.71,6661.71,633.169333,3.148989,629.559,635.349,-4.734,22.369288,-30.559,8.611,0.0,0.0,-0.0,-0.0,9.09385,0.707369,8.358325,9.769221,14.835657,0.262591,14.539674,15.040652,3.458948,0.129259,3.367007,3.606742,15.587531,0.08635,15.519654,15.684721,0.0,0.0,0.0,0.0,0.559967,0.011152,0.547118,0.567132,0.0,0.0,0.0,0.0,0.440033,0.011152,0.432868,0.452882,3775.206333,163.53266,3601.93,3926.84,0.892484,0.03866,0.85152,0.928331,1.597012,0.069178,1.523712,1.661157,5032.283667,605.16159,4670.635,5730.919,715.17,0.0,715.17,715.17,3652.851667,530.865672,3044.346,4021.206,0.0,0.0,0.0,0.0,0.0,0.0,0.0,0.0,-6661.71,0.0,-6661.71,-6661.71,-640.651,73.239759,-723.124,-583.206,0.162,4.069103,-4.491,3.054,100.0
POSCO_KR,POSCO,KR,DISCLOSED_PATH,DISCLOSED_PATH,PORT-39601EAF8865,True,True,True,True,True,True,,0.0,0.0,0.0,2,3,0.33950771199999996,0.65,1.2200000000000002,,0.0,2.0275124185786808e-05,193.924259,193.924259,P2,지연·부분헤지,False,19250.0,2037,9270.0,193.924259,1,59.482687,0.279549,59.179287,59.729828,11535.136,54.211705,11476.299,11583.063,11535.136,54.211705,11476.299,11583.063,15059.037,113.738154,14977.92,15189.046,59.482687,0.279549,59.179287,59.729828,95.593701,0.279549,95.290301,95.840842,19950.901667,38.880059,19918.526,19994.025,18537.937667,54.211263,18479.101,18585.864,22061.838667,113.738511,21980.721,22191.848,7002.802,0.0,7002.802,7002.802,1397.321333,9.891157,1385.94,1403.839,-15.642667,18.71115,-37.24,-4.321,0.0,0.0,-0.0,-0.0,18.171533,0.862035,17.506098,19.145345,66.768851,0.200489,66.601903,66.991221,7.286165,0.125907,7.174485,7.422616,12.807035,0.079527,12.730225,12.889026,48.196242,0.499432,47.756001,48.738967,0.849508,0.008404,0.840175,0.856475,0.005939,0.000318,0.005734,0.006306,0.144552,0.008093,0.137791,0.153519,15059.037,113.738154,14977.92,15189.046,3.560056,0.026889,3.540879,3.590791,6.370372,0.048114,6.336057,6.425369,7560.233667,1472.848504,5926.096,8785.32,844.557,0.0,844.557,844.557,3209.900667,371.523779,2968.506,3637.724,8455.119333,878.598443,7631.63,9380.025,27.223,0.0,27.223,27.223,-7002.802,0.0,-7002.802,-7002.802,-1563.955,256.695086,-1780.871,-1280.56,4.858667,8.074737,-1.942,13.783,0.0
POSCO_KR,POSCO,KR,DISCLOSED_PATH,DISCLOSED_PATH,PORT-AD0B41B0F73F,True,True,True,True,True,True,,0.0,0.0,0.0,3,3,0.4113003519999999,0.65,1.7000000000000002,,0.0,2.0275124185786808e-05,208.174258,208.174258,P3,균형형 라이트헤지,False,22752.0,2035,9270.0,208.174258,2,121.044544,0.201152,120.918061,121.276497,25198.358333,41.87463,25172.028,25246.645,25198.358333,41.87463,25172.028,25246.645,30334.833,205.2609,30118.103,30526.283,121.044544,0.201152,120.918061,121.276497,157.161212,0.201152,157.034729,157.393165,35899.19,58.860743,35835.945,35952.368,32716.918667,41.874367,32690.588,32765.205,37853.394,205.2609,37636.664,38044.844,7518.561,0.0,7518.561,7518.561,3216.894667,21.018405,3193.85,3235.011,34.623333,40.315745,6.687,80.841,0.0,0.0,0.0,0.0,24.67392,1.17613,23.400869,25.720065,136.331118,0.282747,136.02731,136.586566,15.286574,0.187697,15.088235,15.461417,11.100038,0.316653,10.813795,11.440182,109.53762,0.103409,109.466961,109.656309,0.917341,0.003589,0.913203,0.919603,0.010476,0.000584,0.009996,0.011127,0.072183,0.00304,0.070092,0.07567,30334.833,205.2609,30118.103,30526.283,7.171355,0.048525,7.120119,7.216615,12.832439,0.086831,12.740756,12.913427,8429.572,285.390777,8101.064,8616.404,1049.735,0.0,1049.735,1049.735,3204.923333,71.336862,3162.135,3287.275,23075.266667,208.677968,22926.328,23313.777,144.045,0.0,144.045,144.045,-7518.561,0.0,-7518.561,-7518.561,-3175.047,38.327837,-3199.678,-3130.888,-11.575667,16.883181,-30.919,0.198,0.0
POSCO_KR,POSCO,KR,DISCLOSED_PATH,DISCLOSED_PATH,PORT-DDCBA267CA97,True,True,True,True,True,True,,0.0,0.0,0.0,3,3,0.4113003519999999,0.65,1.7000000000000002,,0.0,2.0275124185786808e-05,246.746291,246.746291,P4,균형형 전환,False,22752.0,2034,9270.0,246.746291,3,117.739942,0.21072,117.5403,117.960221,29051.894,51.994342,29002.633,29106.247,29051.894,51.994342,29002.633,29106.247,33169.828,267.277205,32870.403,33384.314,117.739942,0.21072,117.5403,117.960221,153.954979,0.21072,153.755337,154.175258,42688.961,42.618827,42642.072,42725.345,37987.82,51.994342,37938.559,38042.173,42105.754,267.277205,41806.329,42320.24,8935.926,0.0,8935.926,8935.926,4721.101667,9.477887,4714.957,4732.017,19.960667,35.591614,-10.6,59.038,0.0,0.0,-0.0,-0.0,16.688939,1.253679,15.255166,17.578833,136.792473,0.172724,136.602443,136.939928,19.05253,0.173099,18.874825,19.220622,12.795264,0.068556,12.72118,12.856464,106.398401,0.130999,106.254411,106.510531,0.921338,0.003311,0.9177,0.924174,0.011157,0.000852,0.010328,0.01203,0.067505,0.002778,0.064714,0.07027,33169.828,267.277205,32870.403,33384.314,7.841567,0.063186,7.770781,7.892273,14.031717,0.113065,13.905052,14.12245,9347.431,736.315229,8610.781,10083.411,1264.538,0.0,1264.538,1264.538,3829.600333,57.335199,3766.535,3878.58,27909.884333,585.199906,27299.375,28465.973,378.938,0.0,378.938,378.938,-8935.926,0.0,-8935.926,-8935.926,-4740.394333,79.283275,-4817.089,-4658.754,-2.178,9.556163,-12.056,7.02,0.0
POSCO_KR,POSCO,KR,DISCLOSED_PATH,DISCLOSED_PATH,PORT-C07B5FF15869,True,True,True,True,True,True,,0.0,0.0,0.0,3,3,0.49715238399999995,0.65,2.3400000000000003,,0.0,2.0275124185786808e-05,362.346302,362.346302,P5,조기 계약형 전환,False,27562.0,2034,9270.0,362.346302,4,123.906194,0.150677,123.768006,124.066839,44896.951,54.597178,44846.879,44955.16,44896.951,54.597178,44846.879,44955.16,48609.891667,270.052161,48382.09,48908.205,123.906194,0.150677,123.768006,124.066839,160.194183,0.150676,160.055996,160.354828,67875.674333,47.369445,67847.765,67930.368,58045.77,54.597178,57995.698,58103.979,61758.710667,270.052161,61530.909,62057.024,13148.819,0.0,13148.819,13148.819,9850.071667,14.318462,9834.206,9862.033,20.167333,17.755321,0.784,35.644,0.0,0.0,0.0,0.0,10.246941,0.818993,9.457611,11.092681,151.034674,0.130729,150.95765,151.185616,27.12848,0.060009,27.073913,27.192749,15.500797,0.01297,15.492141,15.515709,112.581357,0.279167,112.388239,112.901441,0.921332,0.005469,0.915167,0.925599,0.012506,0.001196,0.011218,0.013582,0.066162,0.004428,0.063182,0.071251,48609.891667,270.052161,48382.09,48908.205,11.4917,0.063843,11.437846,11.562224,20.563273,0.114239,20.466907,20.689468,12109.7,218.245951,11860.046,12264.292,1735.149,0.0,1735.149,1735.149,6202.876667,43.908625,6161.81,6249.161,46752.836333,165.071743,46597.066,46925.855,1058.081,0.0,1058.081,1058.081,-13148.819,0.0,-13148.819,-13148.819,-9817.6,11.954764,-9826.561,-9804.026,4.727,7.563758,-0.699,13.367,0.0
POSCO_KR,POSCO,KR,DISCLOSED_PATH,DISCLOSED_PATH,PORT-73B2FF1A66A0,False,True,False,False,True,True,2028,0.0,0.3371646534999999,0.6234470549999998,3,3,0.5704843279999999,0.65,2.98,,0.0,2.0275124185786808e-05,579.10271,579.10271,P6,조기 고헤지,False,32892.0,2033,9270.0,579.10271,5,129.067513,0.214451,128.873159,129.297578,74743.346333,124.189685,74630.795,74876.578,74743.346333,124.189685,74630.795,74876.578,77095.160333,307.364595,76888.287,77448.348,129.067513,0.214451,128.873159,129.297578,165.363401,0.214451,165.169047,165.593466,117250.040667,159.448976,117106.016,117421.384,95762.393333,124.189685,95649.842,95895.625,98114.207333,307.364595,97907.334,98467.395,21019.047,0.0,21019.047,21019.047,21488.294667,36.203557,21456.288,21527.587,0.647667,1.024651,0.0,1.829,0.0,0.0,-0.0,-0.0,4.061135,0.618512,3.473838,4.706734,166.172584,0.275338,165.923881,166.468461,37.105071,0.060894,37.050723,37.170882,19.693683,0.00834,19.687342,19.703131,117.866695,0.338022,117.535979,118.211578,0.933652,0.006171,0.929319,0.940718,0.015654,0.001784,0.013597,0.016768,0.050694,0.004396,0.045685,0.053913,77095.160333,307.364595,76888.287,77448.348,18.225806,0.072663,18.1769,18.309302,32.613297,0.130024,32.525784,32.762705,18431.181,79.498403,18340.116,18486.732,2750.76,0.0,2750.76,2750.76,10523.220333,31.408995,10494.168,10556.548,82232.134,205.687985,82057.56,82458.886,3314.697,0.0,3314.697,3314.697,-21019.047,0.0,-21019.047,-21019.047,-21487.698667,35.924357,-21525.711,-21454.31,-1.900333,3.780204,-6.265,0.329,0.0
POSCO_KR,POSCO,KR,DISCLOSED_PATH,DISCLOSED_PATH,PORT-47C5D429DB2E,False,True,False,False,True,True,2028,0.0,0.5371646534999999,2.2234470549999994,3,3,0.5704843279999999,0.65,2.98,,0.0,2.0275124185786808e-05,627.899166,627.899166,P7,완전 수소·계약형,False,32892.0,2032,9270.0,627.899166,6,127.554011,0.037474,127.530109,127.5972,80091.057333,23.530112,80076.049,80118.176,80091.057333,23.530112,80076.049,80118.176,80848.017667,74.101342,80792.1,80932.065,127.554011,0.037474,127.530109,127.5972,163.865599,0.037474,163.841698,163.908788,129058.357,32.284559,129037.305,129095.527,102891.073333,23.530112,102876.065,102918.192,103648.033667,74.101342,103592.116,103732.081,22800.016,0.0,22800.016,22800.016,26167.456667,9.702829,26161.08,26178.623,0.172667,0.991037,-0.61,1.287,0.0,0.0,0.0,0.0,1.205545,0.133115,1.117556,1.358686,169.228352,0.051416,169.194824,169.287549,41.674341,0.013958,41.664715,41.690349,21.810665,0.003752,21.806427,21.813564,116.373675,0.347135,116.146626,116.773275,0.915101,0.008702,0.908157,0.924863,0.019549,0.002194,0.017016,0.020864,0.065349,0.006607,0.05812,0.071075,80848.017667,74.101342,80792.1,80932.065,19.113007,0.017518,19.099787,19.132876,34.200856,0.031347,34.177201,34.23641,18608.482,293.128097,18364.965,18933.83,3034.098,0.0,3034.098,3034.098,11581.163,0.0,11581.163,11581.163,90646.014,316.733044,90286.639,90884.498,5186.363,0.0,5186.363,5186.363,-22800.016,0.0,-22800.016,-22800.016,-26166.102,16.874295,-26178.643,-26146.917,1.054333,0.536211,0.621,1.654,0.0
POSCO_KR,POSCO,KR,DISCLOSED_PATH,DISCLOSED_PATH,PORT-69189DCC5A53,True,True,True,True,True,True,,0.0,0.0,0.0,3,3,0.4113003519999999,0.65,1.7000000000000002,,0.0,2.0275124185786808e-05,285.318325,285.318325,CURRENT,POSCO 공시전략 프록시,True,22752.0,2033,9270.0,285.318325,7,126.32339,0.74894,125.727367,127.16406,36042.378,213.686501,35872.322,36282.237,36042.378,213.686501,35872.322,36282.237,44401.592667,813.073183,43618.81,45241.901,126.32339,0.74894,125.727367,127.16406,162.612553,0.748941,162.01653,163.453224,49700.745,203.969569,49581.995,49936.266,46396.341333,213.686338,46226.285,46636.2,54755.555667,813.073183,53972.773,55595.864,10353.963,0.0,10353.963,10353.963,3288.741333,16.850542,3269.419,3300.384,-15.662,67.407352,-88.27,44.928,0.0,0.0,0.0,0.0,29.297853,3.562892,25.713642,32.839036,137.904853,0.714883,137.488652,138.730319,11.581463,0.179639,11.40991,11.768221,9.098048,0.481432,8.610825,9.573472,115.233713,0.487779,114.854939,115.784107,0.940566,0.003086,0.938018,0.943997,0.012216,0.001124,0.010973,0.01316,0.047218,0.001962,0.04503,0.048822,44401.592667,813.073183,43618.81,45241.901,10.49683,0.192216,10.311775,10.695485,18.783051,0.343952,18.451913,19.138524,9959.07,647.271809,9252.288,10522.949,1491.155,0.0,1491.155,1491.155,4613.886,78.131432,4544.511,4698.522,33532.786667,327.636759,33343.557,33911.109,122.961,0.0,122.961,122.961,-10353.963,0.0,-10353.963,-10353.963,-3298.652333,136.951116,-3424.342,-3152.698,-24.864667,31.51264,-58.954,3.202,0.0
POSCO_KR,POSCO,KR,ACCELERATED_15C,DISCLOSED_PATH,PORT-DE64C6FAC717,False,False,True,True,True,True,,0.0,0.0,0.0,2,3,0.25895987200000004,0.65,0.74,2030,16.324744844999994,-16.324744844999994,184.421263,184.421263,P1,지연·현물조달,False,15748.0,2035,5768.0,184.421263,0,-4.210821,0.119354,-4.346986,-4.124306,-776.565,22.011647,-801.677,-760.61,-776.565,22.011647,-801.677,-760.61,1000.055333,144.046074,855.427,1143.512,-4.210821,0.119354,-4.346986,-4.124306,48.999472,0.119354,48.863307,49.085987,9882.543667,54.467948,9821.322,9925.632,9036.544667,22.011439,9011.433,9052.5,10813.165,144.04607,10668.537,10956.622,9813.109,0.0,9813.109,9813.109,845.366,4.106515,840.671,848.289,-0.633,31.21349,-31.641,30.782,0.0,0.0,-0.0,-0.0,9.63349,0.691637,8.985428,10.361715,0.376499,0.295345,0.044533,0.610138,4.58732,0.19017,4.391519,4.771308,15.587531,0.08635,15.519654,15.684721,0.0,0.0,0.0,0.0,0.645963,0.010319,0.634091,0.652777,0.0,0.0,0.0,0.0,0.354037,0.010319,0.347223,0.365909,1000.055333,144.046074,855.427,1143.512,0.23642,0.034053,0.202229,0.270334,0.42305,0.060936,0.361868,0.483736,4681.28,480.512473,4273.701,5211.109,715.17,0.0,715.17,715.17,4451.374667,370.459735,4029.278,4722.558,0.0,0.0,0.0,0.0,0.0,0.0,0.0,0.0,-9813.109,0.0,-9813.109,-9813.109,-812.015,99.236323,-902.192,-705.698,0.734333,4.390211,-2.632,5.7,0.0
POSCO_KR,POSCO,KR,ACCELERATED_15C,DISCLOSED_PATH,PORT-39601EAF8865,False,False,True,True,True,True,,0.0,0.0,0.0,2,3,0.33950771199999996,0.65,1.2200000000000002,2030,13.94899577,-13.94899577,193.924259,193.924259,P2,지연·부분헤지,False,19250.0,2037,9270.0,193.924259,1,46.675652,0.240491,46.449062,46.927974,9051.541333,46.637175,9007.6,9100.473,9051.541333,46.637175,9007.6,9100.473,12902.777667,160.446477,12754.526,13073.128,46.675652,0.240491,46.449062,46.927974,99.881575,0.240491,99.654985,100.133897,21276.882333,64.817024,21204.301,21328.991,19369.460333,46.637175,19325.519,19418.392,23220.697,160.447008,23072.445,23391.048,10317.919,0.0,10317.919,10317.919,1918.608333,14.334089,1902.097,1927.863,11.186333,40.090486,-30.788,49.081,0.0,0.0,0.0,0.0,19.859488,1.063665,18.842683,20.964517,56.511565,0.334238,56.137289,56.780269,9.835913,0.140214,9.688227,9.967216,12.807035,0.079527,12.730225,12.889026,0.0,0.0,0.0,0.0,0.894416,0.006044,0.887747,0.899531,0.003858,0.00022,0.003713,0.004112,0.101726,0.005828,0.096757,0.108141,12902.777667,160.446477,12754.526,13073.128,3.050302,0.037931,3.015254,3.090574,5.458217,0.067873,5.395503,5.53028,6567.324333,1332.135079,5541.911,8072.996,844.557,0.0,844.557,844.557,3968.467667,232.176973,3711.49,4163.123,9836.778333,830.332354,8910.588,10514.537,28.772,0.0,28.772,28.772,-10317.919,0.0,-10317.919,-10317.919,-1868.213667,307.295151,-2222.17,-1669.637,-8.224667,11.193847,-20.712,0.909,0.0
POSCO_KR,POSCO,KR,ACCELERATED_15C,DISCLOSED_PATH,PORT-AD0B41B0F73F,False,False,True,True,True,True,,0.0,0.0,0.0,3,3,0.4113003519999999,0.65,1.7000000000000002,2030,11.573996019999996,-11.573996019999996,208.174258,208.174258,P3,균형형 라이트헤지,False,22752.0,2035,9270.0,208.174258,2,109.944506,0.391029,109.498893,110.23036,22887.616,81.401851,22794.851,22947.123,22887.616,81.401851,22794.851,22947.123,28251.296667,258.142506,27956.114,28434.776,109.944506,0.391029,109.498893,110.23036,163.16403,0.391029,162.718416,163.449884,38493.351333,26.911182,38468.083,38521.649,33966.551,81.401851,33873.786,34026.058,39330.231667,258.142506,39035.049,39513.711,11078.935,0.0,11078.935,11078.935,4517.413333,21.985602,4497.221,4540.835,-9.387667,61.549578,-75.702,45.909,0.0,0.0,-0.0,-0.0,25.765341,1.481286,24.061528,26.747539,131.689753,0.129273,131.568372,131.825686,21.745246,0.379031,21.464106,22.176307,11.100038,0.316653,10.813795,11.440182,0.52462,0.217071,0.315161,0.748576,0.942493,0.002549,0.939558,0.944151,0.006774,0.000383,0.006465,0.007203,0.050732,0.002189,0.049195,0.053239,28251.296667,258.142506,27956.114,28434.776,6.678793,0.061027,6.60901,6.722169,11.951048,0.109201,11.826178,12.028664,9468.739667,1037.074017,8315.368,10324.393,1049.735,0.0,1049.735,1049.735,3478.448,125.015479,3374.888,3617.322,24509.673333,744.452954,23832.467,25306.811,153.876,0.0,153.876,153.876,-11078.935,0.0,-11078.935,-11078.935,-4700.679667,222.725302,-4870.872,-4448.603,6.758333,2.208299,5.3,9.299,0.0
POSCO_KR,POSCO,KR,ACCELERATED_15C,DISCLOSED_PATH,PORT-DDCBA267CA97,False,False,True,True,True,True,,0.0,0.0,0.0,3,3,0.4113003519999999,0.65,1.7000000000000002,2030,11.573996019999996,-11.573996019999996,246.746291,246.746291,P4,균형형 전환,False,22752.0,2034,9270.0,246.746291,3,104.944679,0.279116,104.683836,105.239041,25894.71,68.871,25830.348,25967.343,25894.71,68.871,25830.348,25967.343,30133.919,217.45852,29899.859,30329.69,104.944679,0.279116,104.683836,105.239041,158.191062,0.279117,157.930219,158.485425,45769.107,56.555334,45711.01,45823.983,39033.058,68.871,38968.696,39105.691,43272.266667,217.459058,43038.206,43468.038,13138.348,0.0,13138.348,13138.348,6717.575333,21.214978,6698.269,6740.287,-18.473,10.531288,-28.144,-7.253,0.0,0.0,0.0,0.0,17.180435,1.095858,15.937486,18.007365,132.244173,0.229203,132.008721,132.46657,27.299494,0.063217,27.227529,27.346067,12.795264,0.068556,12.72118,12.856464,0.0,0.0,0.0,0.0,0.942475,0.002448,0.93983,0.944661,0.007297,0.000555,0.006764,0.007872,0.050228,0.002109,0.048082,0.052299,30133.919,217.45852,29899.859,30329.69,7.123858,0.051408,7.068525,7.170139,12.747447,0.091991,12.648433,12.830263,8724.637667,991.910693,7589.69,9425.555,1264.538,0.0,1264.538,1264.538,4392.871,109.193031,4325.179,4518.839,30843.939667,701.789062,30293.38,31634.167,406.51,0.0,406.51,406.51,-13138.348,0.0,-13138.348,-13138.348,-6612.599333,137.023183,-6694.055,-6454.402,13.161,16.432956,-1.035,31.163,0.0
POSCO_KR,POSCO,KR,ACCELERATED_15C,DISCLOSED_PATH,PORT-C07B5FF15869,False,False,True,True,True,True,,0.0,0.0,0.0,3,3,0.49715238399999995,0.65,2.3400000000000003,2030,5.470451711490618,-5.470451711490618,362.346302,362.346302,P5,조기 계약형 전환,False,27562.0,2034,9270.0,362.346302,4,108.405397,0.154054,108.273466,108.574698,39280.294667,55.820631,39232.49,39341.64,39280.294667,55.820631,39232.49,39341.64,42917.153667,302.716781,42667.063,43253.69,108.405397,0.154054,108.273466,108.574698,161.594223,0.154054,161.462292,161.763525,72712.002667,64.880375,72658.039,72783.989,58553.069,55.821181,58505.264,58614.415,62189.928,302.716638,61939.837,62526.464,19272.774,0.0,19272.774,19272.774,14148.955667,13.648762,14139.13,14164.54,-9.977333,5.155171,-15.321,-5.034,0.0,0.0,-0.0,-0.0,10.03697,0.91748,9.17747,11.00311,147.481091,0.179058,147.332162,147.67976,39.075694,0.025538,39.058696,39.105062,15.500797,0.01297,15.492141,15.515709,0.0,0.0,0.0,0.0,0.938221,0.004277,0.933366,0.941432,0.008321,0.00079,0.007473,0.009037,0.053458,0.003596,0.051095,0.057597,42917.153667,302.716781,42667.063,43253.69,10.145899,0.071564,10.086776,10.225459,18.155094,0.128057,18.049299,18.297458,12520.681,513.443048,11987.147,13011.345,1735.149,0.0,1735.149,1735.149,6860.111333,60.784377,6813.228,6928.788,50454.654333,480.153463,50000.213,50956.938,1134.859,0.0,1134.859,1134.859,-19272.774,0.0,-19272.774,-19272.774,-14150.851333,20.249604,-14171.551,-14131.084,-1.535,14.811798,-17.98,10.757,0.0
POSCO_KR,POSCO,KR,ACCELERATED_15C,DISCLOSED_PATH,PORT-73B2FF1A66A0,True,True,True,True,True,True,,0.0,0.0,0.0,3,3,0.5704843279999999,0.65,2.98,,0.0,2.0275124185786808e-05,579.10271,579.10271,P6,조기 고헤지,False,32892.0,2033,9270.0,579.10271,5,109.373829,0.214193,109.185817,109.607001,63338.680667,124.03964,63229.802,63473.711,63338.680667,124.03964,63229.802,63473.711,65518.043333,286.919767,65300.53,65843.223,109.373829,0.214193,109.185817,109.607001,162.105751,0.214193,161.917738,162.338922,124967.681667,199.571056,124792.797,125185.086,93875.879667,124.03964,93767.001,94010.91,96055.242333,286.919767,95837.729,96380.422,30537.198,0.0,30537.198,30537.198,31092.06,70.047774,31034.248,31169.956,0.257667,7.106694,-4.22,8.452,0.0,0.0,-0.0,-0.0,3.763344,0.607731,3.154569,4.370026,163.063446,0.344621,162.761453,163.438862,53.689616,0.13043,53.575636,53.831861,19.693683,0.00834,19.687342,19.703131,0.0,0.0,0.0,0.0,0.943639,0.005164,0.939961,0.949542,0.010799,0.001223,0.009388,0.011552,0.045563,0.003949,0.04107,0.048487,65518.043333,286.919767,65300.53,65843.223,15.488899,0.06783,15.437478,15.565774,27.71587,0.121374,27.623856,27.853429,17915.521667,368.840473,17592.528,18317.434,2750.76,0.0,2750.76,2750.76,11736.501,34.508409,11697.722,11763.826,89040.775667,359.932281,88628.21,89290.572,3539.236,0.0,3539.236,3539.236,-30537.198,0.0,-30537.198,-30537.198,-31103.550667,60.212687,-31172.994,-31065.865,-3.364,7.61746,-11.841,2.907,100.0
POSCO_KR,POSCO,KR,ACCELERATED_15C,DISCLOSED_PATH,PORT-47C5D429DB2E,False,True,False,False,True,True,2029,0.0,0.16699991199999997,0.0,3,3,0.5704843279999999,0.65,2.98,,0.0,2.0275124185786808e-05,627.899166,627.899166,P7,완전 수소·계약형,False,32892.0,2032,9270.0,627.899166,6,105.743346,0.041189,105.716545,105.790773,66396.159,25.862123,66379.331,66425.938,66396.159,25.862123,66379.331,66425.938,67076.988667,68.642633,67028.467,67155.527,105.743346,0.041189,105.716545,105.790773,158.383766,0.041188,158.356965,158.431192,137440.910333,47.24399,137406.878,137494.85,99449.034667,25.862448,99432.206,99478.814,100129.864667,68.642633,100081.343,100208.403,33052.876,0.0,33052.876,33052.876,37986.988,18.531984,37972.994,38008.005,-4.888,3.177514,-8.032,-1.678,0.0,0.0,0.0,0.0,1.084298,0.128155,0.989066,1.230005,166.249679,0.075242,166.195479,166.335584,60.506333,0.034308,60.478934,60.544812,21.810665,0.003752,21.806427,21.813564,0.0,0.0,0.0,0.0,0.923838,0.0078,0.917456,0.932533,0.013646,0.001527,0.011884,0.014573,0.062516,0.006354,0.055583,0.068062,67076.988667,68.642633,67028.467,67155.527,15.857444,0.016228,15.845973,15.876011,28.375345,0.029038,28.354819,28.408569,18514.326,103.52096,18416.673,18622.856,3034.098,0.0,3034.098,3034.098,12820.136,0.0,12820.136,12820.136,97545.918333,83.012929,97474.613,97637.049,5532.181,0.0,5532.181,5532.181,-33052.876,0.0,-33052.876,-33052.876,-37997.474667,9.312843,-38002.97,-37986.722,-0.150667,2.731357,-2.101,2.971,0.0
POSCO_KR,POSCO,KR,ACCELERATED_15C,DISCLOSED_PATH,PORT-69189DCC5A53,False,False,True,True,True,True,,0.0,0.0,0.0,3,3,0.4113003519999999,0.65,1.7000000000000002,2030,11.573996019999996,-11.573996019999996,285.318325,285.318325,CURRENT,POSCO 공시전략 프록시,True,22752.0,2033,9270.0,285.318325,7,117.225341,1.151358,116.50527,118.553235,33446.538,328.503288,33241.089,33825.41,33446.538,328.503288,33241.089,33825.41,42406.159333,607.446811,41739.96,42929.326,117.225341,1.151358,116.50527,118.553235,170.438735,1.151359,169.718664,171.766629,53230.712333,169.102902,53082.732,53415.03,48629.294333,328.503865,48423.845,49008.167,57588.915667,607.446929,56922.716,58112.082,15182.756,0.0,15182.756,15182.756,4609.926667,19.830377,4588.922,4628.325,8.508667,193.94701,-157.998,221.462,0.0,0.0,-0.0,-0.0,31.402193,3.230227,27.739366,33.84364,133.352654,0.592681,132.834003,133.99866,16.127312,0.641963,15.445425,16.720027,9.098048,0.481432,8.610825,9.573472,7.998819,0.752605,7.464499,8.85952,0.959508,0.002078,0.957796,0.96182,0.008108,0.000739,0.007291,0.008731,0.032384,0.001339,0.030889,0.033473,42406.159333,607.446811,41739.96,42929.326,10.025097,0.143604,9.867603,10.148777,17.93893,0.256966,17.65711,18.160243,10519.651333,430.94138,10101.973,10962.732,1491.155,0.0,1491.155,1491.155,5040.592333,94.831779,4931.304,5101.162,36221.824667,361.001502,35829.795,36540.545,130.986,0.0,130.986,130.986,-15182.756,0.0,-15182.756,-15182.756,-4777.725333,138.335723,-4924.209,-4649.314,2.809333,18.409309,-15.225,21.572,0.0
NIPPON_STEEL_JP,Nippon Steel,JP,DISCLOSED_PATH,DISCLOSED_PATH,PORT-7DCD4991144C,True,True,True,True,True,True,,0.0,0.0,0.0,2,2,0.28236113919999994,0.65,0.88,,0.0,3.446647212967946e-06,313.643967,313.643967,P1,지연·현물조달,False,19427.1,2029,6160.0,313.643967,0,22.64596,0.390186,22.292153,23.064443,7102.769,122.379935,6991.799,7234.024,7102.769,122.379935,6991.799,7234.024,10288.619,289.470366,10074.611,10617.982,22.64596,0.390186,22.292153,23.064443,57.621485,0.390187,57.267677,58.039968,19797.808,116.392235,19701.615,19927.19,18072.631,122.379935,17961.661,18203.886,21258.481667,289.469797,21044.474,21587.844,10969.862,0.0,10969.862,10969.862,1700.058,3.096583,1697.272,1703.392,-25.118667,15.80081,-40.443,-8.881,0.0,0.0,0.0,0.0,10.157537,1.107867,9.056727,11.272329,28.14639,0.371096,27.839695,28.558902,5.50043,0.04443,5.459288,5.547543,13.873331,0.094015,13.767152,13.946,0.0,0.0,0.0,0.0,0.86358,0.009944,0.85491,0.874435,0.0,0.0,0.0,0.0,0.13642,0.009944,0.125565,0.14509,10288.619,289.470366,10074.611,10617.982,1.046696,0.029449,1.024924,1.080203,1.916915,0.053932,1.877042,1.97828,6923.329,309.426156,6566.122,7108.782,721.269,0.0,721.269,721.269,12049.751,168.13114,11891.052,12225.946,0.0,0.0,0.0,0.0,0.0,0.0,0.0,0.0,-10969.862,0.0,-10969.862,-10969.862,-1619.763,64.907918,-1664.474,-1545.314,-1.954667,5.92345,-6.361,4.779,100.0
NIPPON_STEEL_JP,Nippon Steel,JP,DISCLOSED_PATH,DISCLOSED_PATH,PORT-92BAA222AC4A,True,True,True,True,True,True,,0.0,0.0,0.0,2,2,0.45364541439999984,0.65,2.0,,0.0,3.446647212967946e-06,365.968973,365.968973,P2,지연·부분헤지,False,26736.6,2038,7425.0,365.968973,1,67.320902,0.315547,66.990618,67.61929,24637.361667,115.480351,24516.488,24746.562,24637.361667,115.480351,24516.488,24746.562,31187.438333,304.04135,30896.764,31503.282,67.320902,0.315547,66.990618,67.61929,102.286333,0.315547,101.956049,102.58472,40854.164,107.96737,40740.302,40955.067,37433.624,115.480824,37312.75,37542.825,43983.701,304.041828,43693.026,44299.545,12796.263,0.0,12796.263,12796.263,3418.333667,12.960508,3403.842,3428.815,-2.206,5.377114,-8.4,1.264,0.0,0.0,0.0,0.0,17.897902,1.146303,16.805254,19.09122,76.667432,0.295018,76.356307,76.943146,9.34653,0.021137,9.323856,9.365689,11.144057,0.167026,10.957163,11.278742,44.566841,0.386581,44.159438,44.928535,0.942087,0.004285,0.937424,0.945852,0.002188,0.000158,0.00204,0.002355,0.055725,0.004172,0.051979,0.060221,31187.438333,304.04135,30896.764,31503.282,3.172802,0.030931,3.143231,3.204934,5.81066,0.056647,5.756503,5.869506,11271.831,881.963964,10267.032,11917.913,951.847,0.0,951.847,951.847,13246.441333,390.710392,12816.631,13580.098,15313.536,1152.619828,14585.196,16642.42,56.479,0.0,56.479,56.479,-12796.263,0.0,-12796.263,-12796.263,-3411.668,182.998051,-3543.473,-3202.731,5.158333,5.186424,2.134,11.147,0.0
NIPPON_STEEL_JP,Nippon Steel,JP,DISCLOSED_PATH,DISCLOSED_PATH,PORT-92BAA222AC4A,True,True,True,True,True,True,,0.0,0.0,0.0,2,2,0.45364541439999984,0.65,2.0,,0.0,3.446647212967946e-06,365.968973,365.968973,P3,균형형 라이트헤지,False,26736.6,2038,7425.0,365.968973,2,65.286761,0.228581,65.062259,65.519213,23892.928667,83.653461,23810.768,23977.999,23892.928667,83.653461,23810.768,23977.999,29126.737,244.461484,28919.89,29396.51,65.286761,0.228581,65.062259,65.519213,100.252191,0.228581,100.027689,100.484643,40862.232333,82.134803,40777.818,40941.88,36689.191667,83.653461,36607.031,36774.262,41922.999333,244.462036,41716.152,42192.773,12796.263,0.0,12796.263,12796.263,4160.807,8.730407,4154.923,4170.838,-12.233667,12.060148,-24.056,0.051,0.0,0.0,0.0,0.0,14.301234,0.891044,13.503578,15.262884,76.689478,0.224432,76.458818,76.907114,11.402717,0.018673,11.387901,11.423691,11.948552,0.148949,11.808187,12.10481,42.654123,0.356398,42.264559,42.963794,0.940053,0.004424,0.935234,0.94393,0.00217,0.000157,0.002023,0.002335,0.057777,0.004312,0.053917,0.062431,29126.737,244.461484,28919.89,29396.51,2.96316,0.02487,2.942117,2.990605,5.426722,0.045547,5.388184,5.476985,10625.480667,1031.098512,9721.146,11748.318,951.847,0.0,951.847,951.847,12867.737333,305.268042,12619.317,13208.521,16097.647667,1206.095748,14750.602,17077.386,172.859,0.0,172.859,172.859,-12796.263,0.0,-12796.263,-12796.263,-4030.042333,182.415322,-4220.876,-3857.41,3.662,9.422744,-4.241,14.09,0.0
NIPPON_STEEL_JP,Nippon Steel,JP,DISCLOSED_PATH,DISCLOSED_PATH,PORT-DF77606A395F,False,True,False,False,True,True,2028,0.0,0.0,0.5400000000000009,2,2,0.5130317823999999,0.65,2.48,,0.0,3.446647212967946e-06,431.518975,431.518975,P4,균형형 전환,False,29766.0,2033,8019.0,431.518975,3,110.293892,0.520128,109.86134,110.87101,47593.907,224.444628,47407.253,47842.944,47593.907,224.444628,47407.253,47842.944,54326.346333,563.610628,53798.03,54919.622,110.293892,0.520128,109.86134,110.87101,145.220182,0.520128,144.78763,145.7973,71391.928333,247.013042,71130.452,71621.348,62665.264,224.444628,62478.61,62914.301,69397.703333,563.610628,68869.387,69990.979,15071.357,0.0,15071.357,15071.357,8746.336667,6.664643,8739.557,8752.88,19.672333,84.227231,-74.531,87.715,0.0,0.0,0.0,0.0,15.601722,1.678294,13.800286,17.121143,130.517021,0.572426,129.911078,131.048677,20.22313,0.200036,20.049738,20.441984,12.132412,0.11472,12.03278,12.257831,87.497073,0.229778,87.245912,87.696725,0.964334,0.002409,0.961772,0.966553,0.004033,0.000376,0.003646,0.004397,0.031633,0.00204,0.029801,0.033831,54326.346333,563.610628,53798.03,54919.622,5.5268,0.057338,5.473053,5.587156,10.121765,0.105008,10.023332,10.2323,13950.629333,695.695524,13378.469,14725.04,1343.314,0.0,1343.314,1343.314,14218.378333,201.604575,13996.886,14391.175,41288.106667,653.50218,40663.521,41967.121,645.271,0.0,645.271,645.271,-15071.357,0.0,-15071.357,-15071.357,-8772.318,101.671632,-8888.734,-8700.972,-8.117,22.889979,-31.688,14.025,0.0
NIPPON_STEEL_JP,Nippon Steel,JP,DISCLOSED_PATH,DISCLOSED_PATH,PORT-C942BD99A66C,False,True,False,False,True,True,2028,0.0,0.0,0.5400000000000009,2,2,0.5840479807999999,0.65,3.12,,0.0,3.446647212967946e-06,536.918941,536.918941,P5,조기 계약형 전환,False,34771.0,2033,8019.0,536.918941,4,126.769446,0.336192,126.546057,127.156092,68064.916667,180.507856,67944.975,68272.514,68064.916667,180.507856,67944.975,68272.514,73673.021,651.259341,73109.448,74386.001,126.769446,0.336192,126.546057,127.156092,161.73888,0.336192,161.515491,162.125525,103651.493333,226.133258,103497.485,103911.11,86840.667667,180.507856,86720.726,87048.265,92448.772,651.259341,91885.199,93161.752,18775.751,0.0,18775.751,18775.751,16799.364667,31.315355,16772.552,16833.782,-11.461,52.22141,-52.607,47.287,0.0,0.0,-0.0,-0.0,10.444973,1.464498,9.008686,11.936139,158.079248,0.421168,157.792411,158.562778,31.309802,0.112631,31.186221,31.406686,15.839515,0.058161,15.787445,15.902282,104.29297,0.182288,104.086716,104.432476,0.961919,0.00377,0.95797,0.965481,0.00468,0.00048,0.004159,0.005103,0.0334,0.00331,0.03036,0.036927,73673.021,651.259341,73109.448,74386.001,7.495002,0.066255,7.437668,7.567536,13.726324,0.121339,13.621322,13.859162,18821.346667,1212.231362,17751.332,20137.895,1772.401,0.0,1772.401,1772.401,17175.769333,537.709624,16784.525,17788.917,64368.619667,420.021449,63900.351,64712.122,1638.363,0.0,1638.363,1638.363,-18775.751,0.0,-18775.751,-18775.751,-16942.841333,227.028514,-17182.627,-16731.193,7.010667,9.407887,-2.642,16.153,0.0
NIPPON_STEEL_JP,Nippon Steel,JP,DISCLOSED_PATH,DISCLOSED_PATH,PORT-7C945F726D00,False,True,False,False,True,True,2028,0.0,0.195,0.0,2,2,0.5659631103999998,0.65,2.96,,0.0,3.446647212967946e-06,498.719413,498.719413,P6,조기 고헤지,False,33506.0,2028,9900.0,498.719413,5,178.541487,0.314553,178.306845,178.898914,89042.105667,156.873332,88925.085,89220.361,89042.105667,156.873332,88925.085,89220.361,91844.579333,228.157242,91711.011,92108.024,178.541487,0.314553,178.306845,178.898914,213.493781,0.314552,213.259139,213.851207,135548.048,207.932808,135397.673,135785.336,106473.493,156.8739,106356.472,106651.749,109275.966667,228.157819,109142.398,109539.412,17431.387,0.0,17431.387,17431.387,29078.146333,49.660823,29044.892,29135.231,3.591,1.899975,1.643,5.439,0.0,0.0,0.0,0.0,5.61934,0.635087,5.001493,6.270367,236.83991,0.416934,236.538388,237.315705,58.298422,0.102799,58.231542,58.416791,25.373937,0.031017,25.342391,25.404397,155.8528,0.095629,155.759543,155.950637,0.966285,0.003349,0.96315,0.969814,0.006694,0.000755,0.005828,0.007212,0.027021,0.002641,0.024357,0.029638,91844.579333,228.157242,91711.011,92108.024,9.343655,0.023211,9.330067,9.370456,17.111941,0.042509,17.087055,17.161025,17466.091667,233.303818,17204.323,17652.099,2018.862,0.0,2018.862,2018.862,13570.189333,14.527591,13555.738,13584.792,98626.282333,190.815832,98419.258,98795.112,3867.581,0.0,3867.581,3867.581,-17431.387,0.0,-17431.387,-17431.387,-29076.604333,53.597917,-29138.487,-29044.864,1.091,1.395059,-0.358,2.425,0.0
NIPPON_STEEL_JP,Nippon Steel,JP,DISCLOSED_PATH,DISCLOSED_PATH,PORT-2ECB61BA4654,False,True,False,False,False,True,2028,0.0,0.3919999395,1.7039994939999996,3,2,0.6292601567999999,0.65,3.5999999999999996,,0.0,3.446647212967946e-06,663.14981,663.14981,P7,완전 수소·계약형,False,38511.0,2028,9900.0,663.14981,6,181.551314,0.078073,181.474323,181.630425,120395.719333,51.773827,120344.663,120448.182,120395.719333,51.773827,120344.663,120448.182,121535.728333,127.519876,121453.742,121682.646,181.551314,0.078073,181.474323,181.630425,216.520924,0.078073,216.443933,216.600035,188430.443333,70.523,188360.358,188501.396,143585.809333,51.773827,143534.753,143638.272,144725.818333,127.519876,144643.832,144872.736,23190.09,0.0,23190.09,23190.09,44844.372333,18.897165,44825.332,44863.123,-0.261333,0.2557,-0.511,-0.0,0.0,0.0,0.0,0.0,1.719082,0.204377,1.542057,1.942749,249.174998,0.106345,249.069313,249.281991,67.623684,0.028297,67.59499,67.651566,29.647058,0.012107,29.633235,29.655779,158.878909,0.32386,158.546549,159.193541,0.96124,0.00459,0.957216,0.966239,0.008522,0.000961,0.007417,0.009165,0.030237,0.003738,0.026344,0.033798,121535.728333,127.519876,121453.742,121682.646,12.364235,0.012973,12.355894,12.379181,22.643821,0.023759,22.628546,22.671194,22013.654333,62.36747,21952.206,22076.902,2733.202,0.0,2733.202,2733.202,18747.44,0.0,18747.44,18747.44,137290.167667,110.639312,137221.219,137417.785,7645.8,0.0,7645.8,7645.8,-23190.09,0.0,-23190.09,-23190.09,-44844.377,18.25739,-44861.628,-44825.257,-0.078,3.862894,-4.195,3.467,0.0
NIPPON_STEEL_JP,Nippon Steel,JP,DISCLOSED_PATH,DISCLOSED_PATH,PORT-FFBF1A00D2CE,False,True,False,False,True,True,2028,0.0,0.0,0.5400000000000009,2,2,0.4298908671999999,0.65,1.84,,0.0,3.446647212967946e-06,333.598962,333.598962,CURRENT,Nippon Steel 공시전략 프록시,True,23974.5,2037,7425.0,333.598962,7,80.819957,0.238831,80.595656,81.071057,26961.454,79.674067,26886.627,27045.221,26961.454,79.674067,26886.627,27045.221,32872.946,470.707451,32470.455,33390.524,80.819957,0.238831,80.595656,81.071057,115.677847,0.238831,115.453546,115.928947,42712.866667,144.798013,42557.055,42843.294,38590.01,79.674067,38515.183,38673.777,44501.502,470.707451,44099.011,45019.08,11628.556,0.0,11628.556,11628.556,4121.550667,3.146223,4119.522,4125.175,-1.306333,127.74349,-97.892,143.536,0.0,0.0,0.0,0.0,17.720355,1.64002,16.262743,19.496153,93.178679,0.434048,92.711617,93.569651,12.358723,0.389635,11.91846,12.659114,11.229094,0.118432,11.095248,11.320307,58.112686,0.20865,57.888968,58.30199,0.95977,0.002486,0.956917,0.961468,0.003519,0.00026,0.003275,0.003792,0.036711,0.002241,0.035257,0.039291,32872.946,470.707451,32470.455,33390.524,3.344274,0.047886,3.303328,3.396929,6.124694,0.0877,6.049704,6.221126,10134.685667,676.863339,9445.686,10798.722,967.075,0.0,967.075,967.075,11420.247,584.819315,10745.928,11788.776,19958.894,1081.751125,19055.128,21157.497,257.695,0.0,257.695,257.695,-11628.556,0.0,-11628.556,-11628.556,-4140.129667,139.451997,-4270.17,-3992.866,-8.458,9.888785,-19.305,0.055,0.0
NIPPON_STEEL_JP,Nippon Steel,JP,ACCELERATED_15C,DISCLOSED_PATH,PORT-7DCD4991144C,False,False,True,True,True,True,,0.0,0.0,0.0,2,2,0.28236113919999994,0.65,0.88,2035,14.544997934999998,-14.544997934999998,313.643967,313.643967,P1,지연·현물조달,False,19427.1,2029,6160.0,313.643967,0,8.77263,0.471247,8.385313,9.297291,2751.482333,147.803555,2630.003,2916.039,2751.482333,147.803555,2630.003,2916.039,6144.080333,376.7346,5922.092,6579.065,8.77263,0.471247,8.385313,9.297291,60.241857,0.471247,59.85454,60.766518,20969.435667,133.207102,20839.686,21105.85,18894.495,147.803966,18773.015,19059.052,22287.092667,376.734306,22065.105,22722.077,16143.013,0.0,16143.013,16143.013,2040.069667,3.716403,2036.726,2044.071,-34.871333,29.355329,-67.283,-10.072,0.0,0.0,-0.0,-0.0,10.816717,1.391938,9.612952,12.340935,15.388222,0.424707,14.974538,15.823155,6.615592,0.105415,6.525864,6.731688,13.873331,0.094015,13.767152,13.946,0.0,0.0,0.0,0.0,0.897415,0.007661,0.890625,0.90572,0.0,0.0,0.0,0.0,0.102585,0.007661,0.09428,0.109375,6144.080333,376.7346,5922.092,6579.065,0.625058,0.038326,0.602474,0.66931,1.144729,0.070191,1.103369,1.225773,7371.900333,148.191966,7258.074,7539.464,721.269,0.0,721.269,721.269,12873.359,31.140186,12839.781,12901.288,0.0,0.0,0.0,0.0,0.0,0.0,0.0,0.0,-16143.013,0.0,-16143.013,-16143.013,-2074.033,31.034465,-2108.549,-2048.431,1.999667,3.752462,-1.904,5.58,0.0
NIPPON_STEEL_JP,Nippon Steel,JP,ACCELERATED_15C,DISCLOSED_PATH,PORT-92BAA222AC4A,False,False,True,True,True,True,,0.0,0.0,0.0,2,2,0.45364541439999984,0.65,2.0,2035,8.257752286632595,-8.257752286632595,365.968973,365.968973,P2,지연·부분헤지,False,26736.6,2038,7425.0,365.968973,1,56.176845,0.475451,55.711876,56.662127,20558.982,174.000145,20388.818,20736.58,20558.982,174.000145,20388.818,20736.58,27665.850667,299.234944,27324.651,27883.659,56.176845,0.475451,55.711876,56.662127,107.740805,0.475451,107.275836,108.226087,43729.488333,99.782433,43628.52,43828.041,39429.792,174.000145,39259.628,39607.39,46536.660667,299.234944,46195.461,46754.469,18870.81,0.0,18870.81,18870.81,4309.067667,28.145398,4277.127,4330.235,9.371,53.66603,-49.051,56.476,0.0,0.0,-0.0,-0.0,19.41932,1.276959,18.001719,20.479445,67.925645,0.272653,67.649751,68.194938,11.748801,0.203869,11.532811,11.937876,11.144057,0.167026,10.957163,11.278742,0.0,0.0,0.0,0.0,0.959643,0.002983,0.956413,0.962293,0.001406,0.000102,0.001312,0.001515,0.038952,0.002908,0.036317,0.042072,27665.850667,299.234944,27324.651,27883.659,2.814539,0.030442,2.779828,2.836698,5.154538,0.055752,5.090968,5.195119,12390.846333,821.250214,11576.491,13218.822,951.847,0.0,951.847,951.847,14306.324667,717.741766,13759.825,15119.164,16376.198333,777.787791,15530.331,17060.542,59.955,0.0,59.955,59.955,-18870.81,0.0,-18870.81,-18870.81,-4656.924333,245.671209,-4913.858,-4424.327,1.544333,12.925422,-6.923,16.422,0.0
NIPPON_STEEL_JP,Nippon Steel,JP,ACCELERATED_15C,DISCLOSED_PATH,PORT-92BAA222AC4A,False,False,True,True,True,True,,0.0,0.0,0.0,2,2,0.45364541439999984,0.65,2.0,2035,8.257752286632595,-8.257752286632595,365.968973,365.968973,P3,균형형 라이트헤지,False,26736.6,2038,7425.0,365.968973,2,53.338209,0.376851,52.957449,53.711026,19520.129333,137.915974,19380.783,19656.569,19520.129333,137.915974,19380.783,19656.569,25099.543,214.065826,24852.526,25230.87,53.338209,0.376851,52.957449,53.711026,104.902169,0.376851,104.521409,105.274986,43723.992,89.496069,43632.678,43811.552,38390.939333,137.915974,38251.593,38527.379,43970.352333,214.066132,43723.335,44101.68,18870.81,0.0,18870.81,18870.81,5370.232333,13.985126,5361.16,5386.338,37.179333,36.510006,5.253,76.986,0.0,0.0,-0.0,-0.0,15.245591,0.932697,14.197806,15.9852,67.910627,0.244545,67.661115,68.149883,14.572418,0.13242,14.438857,14.703666,11.948552,0.148949,11.808187,12.10481,0.0,0.0,0.0,0.0,0.957105,0.003163,0.953664,0.959885,0.001362,0.0001,0.00127,0.001468,0.041533,0.00309,0.038766,0.044868,25099.543,214.065826,24852.526,25230.87,2.55346,0.021778,2.52833,2.566821,4.676399,0.039884,4.630376,4.700867,11341.141333,123.346486,11225.424,11470.913,951.847,0.0,951.847,951.847,14569.707333,492.604694,14009.948,14937.117,16730.428333,325.499948,16422.575,17071.09,184.449,0.0,184.449,184.449,-18870.81,0.0,-18870.81,-18870.81,-5389.344,55.820179,-5443.466,-5331.968,2.711,5.160412,-3.083,6.813,0.0
NIPPON_STEEL_JP,Nippon Steel,JP,ACCELERATED_15C,DISCLOSED_PATH,PORT-DF77606A395F,False,False,True,True,True,True,,0.0,0.0,0.0,2,2,0.5130317823999999,0.65,2.48,2040,1.649996520000002,-1.649996520000002,431.518975,431.518975,P4,균형형 전환,False,29766.0,2033,8019.0,431.518975,3,98.16148,0.625872,97.603509,98.83823,42358.541333,270.075712,42117.766,42650.572,42358.541333,270.075712,42117.766,42650.572,49341.623667,462.575337,48886.793,49811.573,98.16148,0.625872,97.603509,98.83823,149.502378,0.625872,148.944407,150.179128,76642.810333,242.51602,76434.088,76908.851,64513.113,270.075172,64272.338,64805.143,71496.195667,462.575337,71041.365,71966.145,22154.572,0.0,22154.572,22154.572,12116.143667,48.247184,12070.993,12166.983,-13.554,77.017185,-90.758,63.275,0.0,0.0,0.0,0.0,16.182562,1.537516,14.451789,17.3904,126.270783,0.562005,125.787091,126.887304,28.109303,0.068346,28.049074,28.183582,12.132412,0.11472,12.03278,12.257831,0.0,0.0,0.0,0.0,0.973366,0.001795,0.971444,0.974998,0.002618,0.000242,0.00237,0.002853,0.024016,0.001558,0.022632,0.025703,49341.623667,462.575337,48886.793,49811.573,5.019688,0.047059,4.973416,5.067497,9.193041,0.086185,9.108299,9.280599,14868.403,467.33259,14330.096,15170.251,1343.314,0.0,1343.314,1343.314,15906.391,839.519448,15154.242,16812.085,43958.413333,1167.068987,42651.294,44895.926,692.655,0.0,692.655,692.655,-22154.572,0.0,-22154.572,-22154.572,-12258.417,77.7673,-12347.9,-12207.168,2.353667,8.737445,-2.855,12.441,0.0
NIPPON_STEEL_JP,Nippon Steel,JP,ACCELERATED_15C,DISCLOSED_PATH,PORT-C942BD99A66C,True,True,True,True,True,True,,0.0,0.0,0.0,2,2,0.5840479807999999,0.65,3.12,,0.0,3.446647212967946e-06,536.918941,536.918941,P5,조기 계약형 전환,False,34771.0,2033,8019.0,536.918941,4,110.929932,0.345195,110.703908,111.327275,59560.381667,185.341771,59439.025,59773.723,59560.381667,185.341771,59439.025,59773.723,65177.499333,597.997896,64593.601,65788.664,110.929932,0.345195,110.703908,111.327275,162.354737,0.345195,162.128713,162.75208,111121.062333,224.130465,110988.891,111379.846,87171.333333,185.341195,87049.977,87384.674,92788.451,597.997918,92204.553,93399.616,27610.952,0.0,27610.952,27610.952,23978.962667,41.105412,23946.728,24025.252,29.233667,8.407087,20.435,37.185,0.0,0.0,0.0,0.0,10.461761,1.428392,8.97692,11.826066,155.535788,0.417438,155.289622,156.017766,44.605856,0.08019,44.53101,44.690491,15.839515,0.058161,15.787445,15.902282,0.0,0.0,0.0,0.0,0.969367,0.00303,0.966167,0.972192,0.003071,0.000311,0.002733,0.003346,0.027562,0.002732,0.025075,0.030486,65177.499333,597.997896,64593.601,65788.664,6.630724,0.060836,6.571322,6.6929,12.143488,0.111415,12.034699,12.257356,16201.765667,764.225868,15327.094,16740.36,1772.401,0.0,1772.401,1772.401,19484.645667,419.721631,19001.273,19756.818,71769.387667,878.600111,70837.368,72582.446,1759.723,0.0,1759.723,1759.723,-27610.952,0.0,-27610.952,-27610.952,-23789.129,59.402349,-23856.067,-23742.694,-27.460333,19.174524,-48.066,-10.142,100.0
NIPPON_STEEL_JP,Nippon Steel,JP,ACCELERATED_15C,DISCLOSED_PATH,PORT-7C945F726D00,True,True,True,True,True,True,,0.0,0.0,0.0,2,2,0.5659631103999998,0.65,2.96,,0.0,3.446647212967946e-06,498.719413,498.719413,P6,조기 고헤지,False,33506.0,2028,9900.0,498.719413,5,153.16755,0.309605,152.964454,153.52389,76387.630667,154.405477,76286.343,76565.344,76387.630667,154.405477,76286.343,76565.344,78958.590667,237.054199,78803.874,79231.504,153.16755,0.309605,152.964454,153.52389,204.478684,0.309604,204.275589,204.835024,144848.687333,234.45786,144696.721,145118.707,101977.489667,154.405477,101876.202,102155.203,104548.449,237.05395,104393.732,104821.362,25589.859,0.0,25589.859,25589.859,42872.770333,86.828841,42815.462,42972.671,1.572667,7.160899,-5.057,9.167,0.0,0.0,-0.0,-0.0,5.155123,0.68415,4.488555,5.855595,239.130111,0.470119,238.825399,239.671537,85.962561,0.160546,85.860944,86.147647,25.373937,0.031017,25.342391,25.404397,42.155074,0.22041,41.923975,42.362957,0.969564,0.003005,0.966697,0.972691,0.004677,0.000523,0.004077,0.005032,0.025759,0.00252,0.023231,0.028271,78958.590667,237.054199,78803.874,79231.504,8.032721,0.024116,8.016981,8.060485,14.7111,0.044166,14.682274,14.761947,17549.375667,356.004697,17142.206,17801.94,2018.862,0.0,2018.862,2018.862,14903.974,25.823337,14878.897,14930.484,106230.903333,250.084763,105974.078,106473.653,4137.652,0.0,4137.652,4137.652,-25589.859,0.0,-25589.859,-25589.859,-42866.441,73.105321,-42950.85,-42823.383,3.163333,6.816517,-1.565,10.977,100.0
NIPPON_STEEL_JP,Nippon Steel,JP,ACCELERATED_15C,DISCLOSED_PATH,PORT-2ECB61BA4654,False,True,False,False,False,True,2029,0.0,0.1359998899999999,0.0,3,2,0.6292601567999999,0.65,3.5999999999999996,,0.0,3.446647212967946e-06,663.14981,663.14981,P7,완전 수소·계약형,False,38511.0,2028,9900.0,663.14981,6,151.904255,0.067071,151.841088,151.974646,100735.278333,44.478393,100693.389,100781.958,100735.278333,44.478393,100693.389,100781.958,101742.343667,117.598945,101660.273,101877.069,151.904255,0.067071,151.841088,151.974646,203.135384,0.067071,203.072217,203.205775,201154.19,80.053274,201076.006,201235.99,134709.191333,44.478393,134667.302,134755.871,135716.257,117.599518,135634.186,135850.983,33973.913,0.0,33973.913,33973.913,66444.982667,35.964841,66410.724,66482.44,-0.016,3.790118,-4.389,2.321,0.0,0.0,0.0,0.0,1.51861,0.187577,1.368818,1.728993,252.100316,0.120717,251.982418,252.223667,100.196061,0.053867,100.14133,100.249021,29.647058,0.012107,29.633235,29.655779,40.930175,0.277197,40.611164,41.112313,0.963114,0.004406,0.959139,0.967852,0.006045,0.000676,0.005268,0.006503,0.030841,0.003818,0.02688,0.034498,101742.343667,117.598945,101660.273,101877.069,10.350588,0.011964,10.342238,10.364294,18.956034,0.021911,18.940743,18.981136,22013.654333,62.36747,21952.206,22076.902,2733.202,0.0,2733.202,2733.202,20552.332,0.0,20552.332,20552.332,147681.764,127.80898,147607.826,147829.345,8171.187,0.0,8171.187,8171.187,-33973.913,0.0,-33973.913,-33973.913,-66444.765667,35.018172,-66483.029,-66414.311,1.817333,2.706639,-0.091,4.915,0.0
NIPPON_STEEL_JP,Nippon Steel,JP,ACCELERATED_15C,DISCLOSED_PATH,PORT-FFBF1A00D2CE,False,False,True,True,True,True,,0.0,0.0,0.0,2,2,0.4298908671999999,0.65,1.84,2035,13.889998049999999,-13.889998049999999,333.598962,333.598962,CURRENT,Nippon Steel 공시전략 프록시,True,23974.5,2037,7425.0,333.598962,7,69.590863,0.232676,69.32393,69.75075,23215.439667,77.620457,23126.391,23268.778,23215.439667,77.620457,23126.391,23268.778,29570.571667,422.197499,29171.433,30012.56,69.590863,0.232676,69.32393,69.75075,120.688998,0.232676,120.422065,120.848885,45708.184,97.456199,45607.388,45801.916,40261.724667,77.620457,40172.676,40315.063,46616.856667,422.197499,46217.718,47058.845,17046.285,0.0,17046.285,17046.285,5451.934,8.056132,5442.931,5458.463,5.475,114.394866,-88.164,132.979,0.0,0.0,0.0,0.0,19.050215,1.488137,17.693866,20.642057,85.917231,0.292136,85.615083,86.198202,16.326367,0.364079,15.917174,16.614476,11.229094,0.118432,11.095248,11.320307,0.0,0.0,0.0,0.0,0.971085,0.001819,0.968993,0.972294,0.002257,0.000167,0.002101,0.002433,0.026659,0.001661,0.025606,0.028574,29570.571667,422.197499,29171.433,30012.56,3.008313,0.042952,2.967707,3.053278,5.509415,0.078661,5.43505,5.591763,9931.802,474.997038,9383.737,10224.294,967.075,0.0,967.075,967.075,12635.750333,787.035538,11813.731,13382.376,21854.013667,544.794628,21496.644,22481.047,274.14,0.0,274.14,274.14,-17046.285,0.0,-17046.285,-17046.285,-5398.882333,182.00786,-5577.577,-5213.733,-2.174333,8.713771,-10.034,7.196,0.0
JFE_STEEL_JP,JFE Steel,JP,DISCLOSED_PATH,DISCLOSED_PATH,PORT-9D97003767D5,False,True,False,False,True,True,2033,4.44999748,0.0,0.8619984320000018,2,3,0.22808320000000004,0.65,0.6599999999999999,,0.0,1.265341119704999e-05,263.895884,263.895884,P1,지연·현물조달,False,12474.0,2033,6265.6,263.895884,0,20.860056,0.448582,20.585723,21.377725,5504.883333,118.378984,5432.488,5641.494,5504.883333,118.378984,5432.488,5641.494,8358.135333,278.777002,8124.972,8666.922,20.860056,0.448582,20.585723,21.377725,55.910465,0.448582,55.636132,56.428134,16038.895333,126.879684,15948.898,16184.013,14754.541333,118.378984,14682.146,14891.152,17607.794,278.777138,17374.631,17916.581,9249.659,0.0,9249.659,9249.659,1256.816333,5.205968,1250.805,1259.825,-27.537333,10.041755,-33.624,-15.947,0.0,0.0,0.0,0.0,10.812038,1.423318,9.410828,12.256479,25.726952,0.480794,25.385918,26.276856,4.866895,0.057776,4.800194,4.901361,13.551836,0.128442,13.404092,13.636937,0.0,0.0,0.0,0.0,0.888117,0.008648,0.881837,0.89798,0.0,0.0,0.0,0.0,0.111883,0.008648,0.10202,0.118163,8358.135333,278.777002,8124.972,8666.922,2.317584,0.0773,2.252932,2.403206,2.89329,0.096503,2.812577,3.000181,5322.263,1025.207166,4602.641,6496.112,537.655,0.0,537.655,537.655,10173.681,668.211002,9408.948,10644.893,0.0,0.0,0.0,0.0,0.0,0.0,0.0,0.0,-9249.659,0.0,-9249.659,-9249.659,-1274.846333,253.868888,-1564.755,-1092.287,-4.210667,18.275912,-23.249,13.193,0.0
JFE_STEEL_JP,JFE Steel,JP,DISCLOSED_PATH,DISCLOSED_PATH,PORT-25A7E18292F6,False,True,False,False,True,True,2033,4.44999748,0.0,0.8619984320000018,3,3,0.3406543999999999,0.65,1.3,,0.0,1.265341119704999e-05,310.220867,310.220867,P2,지연·부분헤지,False,16764.0,2033,6265.6,310.220867,1,51.777307,0.35176,51.568659,52.183433,16062.401,109.123428,15997.674,16188.39,16062.401,109.123428,15997.674,16188.39,20812.988,399.772291,20483.166,21257.597,51.777307,0.35176,51.568659,52.183433,86.809874,0.35176,86.601226,87.216,29321.446667,112.257427,29248.573,29450.721,26930.234333,109.123148,26865.507,27056.223,31680.821667,399.772435,31351.0,32125.431,10867.833,0.0,10867.833,10867.833,2311.431667,7.448292,2307.079,2320.032,-79.781,17.678025,-92.355,-59.568,0.0,0.0,-0.0,-0.0,15.313564,1.56274,13.844254,16.955413,59.485403,0.361864,59.250493,59.902121,7.708096,0.03342,7.670664,7.734936,11.538868,0.209247,11.386246,11.777395,0.0,0.0,0.0,0.0,0.942771,0.002263,0.940368,0.944861,0.001523,0.000144,0.001384,0.001672,0.055705,0.002119,0.053755,0.05796,20812.988,399.772291,20483.166,21257.597,5.771126,0.110851,5.679671,5.894409,7.204717,0.138387,7.090545,7.358625,7306.015667,2149.098827,5359.841,9612.493,701.152,0.0,701.152,701.152,11550.463667,298.093474,11244.126,11839.565,9540.102667,1466.102796,8024.272,10950.82,41.138,0.0,41.138,41.138,-10867.833,0.0,-10867.833,-10867.833,-2212.056,511.374074,-2761.384,-1749.822,3.418667,5.134745,-1.856,8.401,0.0
JFE_STEEL_JP,JFE Steel,JP,DISCLOSED_PATH,DISCLOSED_PATH,PORT-CCD4397FA6D4,True,True,True,True,True,True,,0.0,0.0,0.0,2,3,0.3119871999999999,0.65,1.1400000000000001,,0.0,1.265341119704999e-05,281.895878,281.895878,P3,균형형 라이트헤지,False,16139.2,2033,9930.8,281.895878,2,109.92849,0.844553,109.284773,110.884771,30988.388333,238.076175,30806.927,31257.96,30988.388333,238.076175,30806.927,31257.96,37191.139,592.1129,36649.002,37822.989,109.92849,0.844553,109.284773,110.884771,144.985853,0.844553,144.342136,145.942134,44871.195,285.512249,44703.451,45200.859,40870.914333,238.076175,40689.453,41140.486,47073.665,592.1129,46531.528,47705.515,9882.526,0.0,9882.526,9882.526,4057.204333,14.841541,4040.506,4068.892,56.923667,73.556061,8.519,141.568,0.0,0.0,0.0,0.0,22.003694,2.731311,19.124231,24.557688,124.119121,1.012828,123.524065,125.288574,14.190631,0.255,13.908138,14.403803,10.292459,0.061934,10.224594,10.345924,0.0,0.0,0.0,0.0,0.970277,0.002273,0.968903,0.972901,0.004057,0.000446,0.003563,0.004431,0.025665,0.001844,0.023537,0.026794,37191.139,592.1129,36649.002,37822.989,10.312538,0.164184,10.162212,10.487741,12.874252,0.204969,12.686583,13.092976,8047.708667,625.470997,7538.913,8746.02,811.996,0.0,811.996,811.996,9423.893667,408.249702,8984.294,9791.111,26543.788,305.460265,26329.26,26893.517,179.991,0.0,179.991,179.991,-9882.526,0.0,-9882.526,-9882.526,-4148.501667,124.892435,-4280.691,-4032.481,12.039333,20.754697,-8.663,32.846,100.0
JFE_STEEL_JP,JFE Steel,JP,DISCLOSED_PATH,DISCLOSED_PATH,PORT-2883A9539B06,False,True,False,False,True,True,2028,0.0,0.0,0.9619987720000003,3,3,0.41232239999999987,0.65,1.78,,0.0,1.265341119704999e-05,367.500849,367.500849,P4,균형형 전환,False,20429.2,2032,9930.8,367.500849,3,125.349969,0.714143,124.727721,126.129714,46066.219667,262.448371,45837.543,46352.777,46066.219667,262.448371,45837.543,46352.777,52150.914667,630.48105,51658.657,52861.552,125.349969,0.714143,124.727721,126.129714,160.339217,0.714143,159.71697,161.118963,66959.787333,348.270917,66634.221,67327.015,58924.798667,262.448371,58696.122,59211.356,65009.493333,630.48144,64517.235,65720.131,12858.579,0.0,12858.579,12858.579,8051.829667,42.1135,8005.852,8088.533,16.840333,92.392021,-45.357,123.005,0.0,0.0,0.0,0.0,16.556954,2.10535,14.437735,18.648155,147.213833,0.947674,146.32794,148.21309,21.863865,0.244583,21.600219,22.083376,12.150752,0.124927,12.068661,12.294523,15.36214,0.192686,15.18104,15.564627,0.971244,0.003493,0.967748,0.974734,0.004615,0.000525,0.004031,0.005048,0.02414,0.002988,0.021235,0.027204,52150.914667,630.48105,51658.657,52861.552,14.460657,0.174823,14.324162,14.657706,18.052795,0.21825,17.882393,18.298793,11277.636333,334.250912,11044.256,11660.548,1129.437,0.0,1129.437,1129.437,12090.986333,300.823429,11885.866,12436.32,42008.209333,304.87105,41656.894,42203.348,600.911,0.0,600.911,600.911,-12858.579,0.0,-12858.579,-12858.579,-8175.454333,46.37272,-8227.818,-8139.579,-6.927,2.475959,-9.716,-4.988,0.0
JFE_STEEL_JP,JFE Steel,JP,DISCLOSED_PATH,DISCLOSED_PATH,PORT-2883A9539B06,False,True,False,False,True,True,2028,0.0,0.0,0.9619987720000003,3,3,0.41232239999999987,0.65,1.78,,0.0,1.265341119704999e-05,367.500849,367.500849,P5,조기 계약형 전환,False,20429.2,2032,9930.8,367.500849,4,118.565845,0.472333,118.120229,119.060992,43573.048667,173.583285,43409.284,43755.016,43573.048667,173.583285,43409.284,43755.016,47136.234,366.600069,46822.328,47539.14,118.565845,0.472333,118.120229,119.060992,153.555094,0.472333,153.109478,154.050241,67054.677667,233.644028,66859.734,67313.665,56431.627,173.582813,56267.863,56613.594,59994.812667,366.600191,59680.907,60397.719,12858.579,0.0,12858.579,12858.579,10639.394667,36.82657,10609.366,10680.484,16.344,31.191588,-19.587,36.463,0.0,0.0,0.0,0.0,9.695721,1.25997,8.34641,10.841593,147.472037,0.635764,146.941579,148.176762,28.906192,0.182592,28.781457,29.11577,15.571959,0.017507,15.559961,15.592049,8.726219,0.548904,8.136563,9.222356,0.961429,0.004656,0.956742,0.966053,0.004654,0.000524,0.00407,0.005084,0.033918,0.004153,0.029877,0.038175,47136.234,366.600069,46822.328,47539.14,13.070162,0.101653,12.983121,13.181882,16.316891,0.126904,16.208228,16.456363,10149.705333,33.153052,10113.297,10178.154,1129.437,0.0,1129.437,1129.437,12102.724333,221.473441,11858.804,12291.225,42576.515333,253.837836,42318.172,42825.594,1059.504,0.0,1059.504,1059.504,-12858.579,0.0,-12858.579,-12858.579,-10596.211667,41.007738,-10630.338,-10550.72,9.953,21.244887,-4.339,34.366,0.0
JFE_STEEL_JP,JFE Steel,JP,DISCLOSED_PATH,DISCLOSED_PATH,PORT-576B945395C2,False,True,False,False,True,True,2028,0.0,0.3089998460000001,1.281998712,3,3,0.47620039999999997,0.65,2.2600000000000002,,0.0,1.265341119704999e-05,417.556839,417.556839,P6,조기 고헤지,False,23196.8,2031,9930.8,417.556839,5,183.172557,0.252041,182.925935,183.429688,76484.954,105.241631,76381.975,76592.321,76484.954,105.241631,76381.975,76592.321,78897.832,241.820106,78731.034,79175.166,183.172557,0.252041,182.925935,183.429688,218.162205,0.252041,217.915583,218.419336,115983.434333,137.85889,115846.215,116121.924,91095.120667,105.241121,90992.142,91202.487,93507.999,241.820106,93341.201,93785.333,14610.167,0.0,14610.167,14610.167,24891.047333,34.891138,24854.966,24924.612,2.733667,2.20426,0.892,5.176,0.0,0.0,-0.0,-0.0,5.778562,0.612738,5.256711,6.453253,242.77717,0.330156,242.448546,243.108837,59.604613,0.078535,59.522611,59.679148,25.88525,0.010983,25.873784,25.895675,73.512552,0.659265,72.771272,74.033219,0.969753,0.00374,0.966092,0.973567,0.006977,0.000791,0.006064,0.007463,0.02327,0.003082,0.020368,0.026505,78897.832,241.820106,78731.034,79175.166,21.877172,0.067053,21.830921,21.954072,27.311629,0.08371,27.253889,27.407632,13510.559,235.769596,13258.136,13725.084,1645.095,0.0,1645.095,1645.095,11741.736,26.49337,11716.722,11769.495,85787.248333,166.044239,85596.81,85901.719,3311.961,0.0,3311.961,3311.961,-14610.167,0.0,-14610.167,-14610.167,-24900.605,42.121398,-24937.954,-24854.949,-0.874,4.876786,-5.781,3.972,0.0
JFE_STEEL_JP,JFE Steel,JP,DISCLOSED_PATH,DISCLOSED_PATH,PORT-B91429E42CEB,False,True,False,False,True,True,2028,0.0,0.4689998460000001,2.281998712,3,3,0.47620039999999997,0.65,2.2600000000000002,,0.0,1.265341119704999e-05,445.512827,445.512827,P7,완전 수소·계약형,False,23196.8,2030,9930.8,445.512827,6,180.525707,0.087114,180.469738,180.626076,80426.518333,38.810587,80401.583,80471.234,80426.518333,38.810587,80401.583,80471.234,81202.132,97.038059,81139.656,81313.924,180.525707,0.087114,180.469738,180.626076,215.504869,0.087114,215.448899,215.605238,125974.337333,52.567767,125940.874,126034.927,96010.183333,38.810587,95985.248,96054.899,96785.797,97.038059,96723.321,96897.589,15583.665,0.0,15583.665,15583.665,29963.922667,13.979133,29954.932,29980.028,-0.231333,0.400681,-0.694,-0.0,0.0,0.0,0.0,0.0,1.740946,0.272124,1.500343,2.036274,247.783375,0.117994,247.708263,247.919375,67.257668,0.030886,67.238526,67.293299,29.794671,0.019109,29.775237,29.813438,70.804063,0.797062,69.889848,71.353181,0.962052,0.005126,0.958009,0.967818,0.008703,0.001019,0.007533,0.009391,0.029244,0.004176,0.024648,0.032805,81202.132,97.038059,81139.656,81313.924,22.516119,0.026907,22.498795,22.547117,28.109295,0.033591,28.087668,28.147994,13726.384667,65.602202,13659.379,13790.487,1777.766,0.0,1777.766,1777.766,12666.163,0.0,12666.163,12666.163,92688.208,115.455976,92594.16,92817.063,5113.755,0.0,5113.755,5113.755,-15583.665,0.0,-15583.665,-15583.665,-29963.538,13.926852,-29979.608,-29954.98,1.444667,2.312856,-0.145,4.098,0.0
JFE_STEEL_JP,JFE Steel,JP,DISCLOSED_PATH,DISCLOSED_PATH,PORT-D228BC8B7EB8,False,True,False,False,True,True,2027,6.04999748,0.0,2.861998432000002,3,3,0.3406543999999999,0.65,1.3,,0.0,1.265341119704999e-05,384.280845,384.280845,CURRENT,JFE Steel 공시전략 프록시,True,16764.0,2031,6265.6,384.280845,7,54.904934,0.588681,54.30183,55.478045,21098.914333,226.218816,20867.153,21319.15,21098.914333,226.218816,20867.153,21319.15,26013.153,294.407463,25704.728,26291.185,54.904934,0.588681,54.30183,55.478045,89.790067,0.588681,89.186963,90.363178,38325.402667,233.754996,38098.291,38565.278,34504.603,226.218791,34272.842,34724.839,39418.841,294.407463,39110.416,39696.873,13405.689,0.0,13405.689,13405.689,3848.818,13.180742,3837.967,3863.486,28.018667,18.494656,12.518,48.491,0.0,0.0,-0.0,-0.0,12.788143,1.191417,11.412429,13.481663,64.847661,0.608293,64.256656,65.471881,9.942727,0.05811,9.87952,9.993836,12.23081,0.111601,12.147677,12.357649,0.0,0.0,0.0,0.0,0.950702,0.004636,0.946622,0.955743,0.002065,0.000221,0.001821,0.002252,0.047233,0.004415,0.042436,0.051126,26013.153,294.407463,25704.728,26291.185,7.213053,0.081635,7.127531,7.290147,9.00483,0.101914,8.898064,9.101075,9721.003333,578.75501,9200.796,10344.419,928.508,0.0,928.508,928.508,14891.398667,295.616279,14699.952,15231.867,12818.866333,578.778248,12212.194,13364.99,212.12,0.0,212.12,212.12,-13405.689,0.0,-13405.689,-13405.689,-4067.175667,120.241776,-4171.333,-3935.589,-0.118,4.306082,-3.922,4.557,0.0
JFE_STEEL_JP,JFE Steel,JP,ACCELERATED_15C,DISCLOSED_PATH,PORT-9D97003767D5,False,False,False,False,True,True,2033,1.249997480000001,0.0,0.0,2,3,0.22808320000000004,0.65,0.6599999999999999,2040,7.534994939999997,-7.534994939999997,263.895884,263.895884,P1,지연·현물조달,False,12474.0,2033,6265.6,263.895884,0,7.30822,0.406782,6.979784,7.763246,1928.609333,107.348442,1841.936,2048.689,1928.609333,107.348442,1841.936,2048.689,4946.629333,338.899997,4658.825,5320.161,7.30822,0.406782,6.979784,7.763246,58.863703,0.406782,58.535267,59.318728,17043.077667,152.011495,16941.282,17217.813,15533.888667,107.348039,15447.216,15653.968,18551.908667,338.899871,18264.104,18925.44,13605.28,0.0,13605.28,13605.28,1509.105,6.304888,1501.825,1512.798,-0.084333,56.760015,-51.154,61.026,0.0,0.0,-0.0,-0.0,11.436404,1.543835,9.89078,12.978443,13.027101,0.576029,12.641358,13.689239,5.71888,0.237449,5.459727,5.925993,13.551836,0.128442,13.404092,13.636937,0.0,0.0,0.0,0.0,0.916587,0.006554,0.911863,0.924069,0.0,0.0,0.0,0.0,0.083413,0.006554,0.075931,0.088137,4946.629333,338.899997,4658.825,5320.161,1.371625,0.093972,1.291821,1.4752,1.712348,0.117315,1.61272,1.841651,5288.074333,560.898461,4723.143,5844.851,537.655,0.0,537.655,537.655,11232.296333,466.25503,10816.779,11736.539,0.0,0.0,0.0,0.0,0.0,0.0,0.0,0.0,-13605.28,0.0,-13605.28,-13605.28,-1520.206667,174.189344,-1692.043,-1343.756,-3.929667,3.799026,-6.76,0.388,0.0
JFE_STEEL_JP,JFE Steel,JP,ACCELERATED_15C,DISCLOSED_PATH,PORT-25A7E18292F6,False,True,False,False,True,True,2033,1.249997480000001,0.0,0.0,3,3,0.3406543999999999,0.65,1.3,,0.0,1.265341119704999e-05,310.220867,310.220867,P2,지연·부분헤지,False,16764.0,2033,6265.6,310.220867,1,40.238439,0.471207,39.791264,40.73047,12482.803333,146.178593,12344.08,12635.442,12482.803333,146.178593,12344.08,12635.442,17553.9,489.009327,17079.999,18056.733,40.238439,0.471207,39.791264,40.73047,91.884098,0.471207,91.436924,92.376129,31357.893667,102.750926,31292.355,31476.315,28504.364667,146.178119,28365.642,28657.003,33575.461333,489.008843,33101.561,34078.294,16021.561,0.0,16021.561,16021.561,2874.161667,14.58107,2862.796,2890.602,20.632667,81.915436,-70.282,88.696,0.0,0.0,0.0,0.0,16.34673,2.044288,14.327075,18.414791,49.436818,0.331219,49.225554,49.81855,9.198379,0.241271,9.031971,9.475085,11.538868,0.209247,11.386246,11.777395,0.0,0.0,0.0,0.0,0.9596,0.001557,0.957941,0.96103,0.000988,9.3e-05,0.000899,0.001085,0.039411,0.001464,0.038071,0.040974,17553.9,489.009327,17079.999,18056.733,4.86743,0.135595,4.736025,5.006858,6.076537,0.169278,5.912489,6.2506,6502.652333,1073.655637,5805.632,7739.058,701.152,0.0,701.152,701.152,13078.6,889.497495,12329.394,14061.663,10684.907667,512.088056,10352.883,11274.658,43.749,0.0,43.749,43.749,-16021.561,0.0,-16021.561,-16021.561,-2515.468667,316.074705,-2879.451,-2310.221,8.772667,9.466009,2.146,19.614,0.0
JFE_STEEL_JP,JFE Steel,JP,ACCELERATED_15C,DISCLOSED_PATH,PORT-CCD4397FA6D4,False,False,True,True,True,True,,0.0,0.0,0.0,2,3,0.3119871999999999,0.65,1.1400000000000001,2040,5.28499579,-5.28499579,281.895878,281.895878,P3,균형형 라이트헤지,False,16139.2,2033,9930.8,281.895878,2,99.636031,0.822412,99.060179,100.577912,28086.986667,231.834532,27924.656,28352.499,28086.986667,231.834532,27924.656,28352.499,34679.153333,603.230017,34145.45,35333.635,99.636031,0.822412,99.060179,100.577912,151.230622,0.822412,150.65477,152.172503,48157.704,285.944008,47951.027,48484.039,42631.289,231.834182,42468.959,42896.801,49223.455333,603.230017,48689.752,49877.937,14544.302,0.0,14544.302,14544.302,5523.684667,34.533184,5502.834,5563.546,-2.730667,22.336592,-23.692,20.765,0.0,0.0,0.0,0.0,23.385112,2.764392,20.549967,26.072853,119.240488,1.014361,118.50732,120.398132,19.604456,0.193285,19.447141,19.820219,10.292459,0.061934,10.224594,10.345924,0.0,0.0,0.0,0.0,0.978441,0.001625,0.977466,0.980317,0.002728,0.000297,0.002399,0.002977,0.018832,0.001341,0.017285,0.019653,34679.153333,603.230017,34145.45,35333.635,9.616003,0.167267,9.468015,9.797481,12.004692,0.208817,11.819943,12.23125,7758.054333,651.710827,7062.07,8353.9,811.996,0.0,811.996,811.996,10434.232333,258.745272,10175.02,10692.508,28999.137,290.228564,28679.704,29246.629,192.633,0.0,192.633,192.633,-14544.302,0.0,-14544.302,-14544.302,-5566.555333,179.625618,-5702.191,-5362.842,1.791333,15.117394,-13.186,17.045,0.0
JFE_STEEL_JP,JFE Steel,JP,ACCELERATED_15C,DISCLOSED_PATH,PORT-2883A9539B06,True,True,True,True,True,True,,0.0,0.0,0.0,3,3,0.41232239999999987,0.65,1.78,,0.0,1.265341119704999e-05,367.500849,367.500849,P4,균형형 전환,False,20429.2,2032,9930.8,367.500849,3,113.199217,0.738421,112.65906,114.040643,41600.808333,271.370189,41402.3,41910.033,41600.808333,271.370189,41402.3,41910.033,47928.438,575.070657,47428.842,48557.062,113.199217,0.738421,112.65906,114.040643,164.593651,0.738421,164.053494,165.435077,71836.242,338.391685,71511.97,72187.176,60488.306333,271.370189,60289.798,60797.531,66815.936333,575.070545,66316.34,67444.56,18887.498,0.0,18887.498,18887.498,11305.400667,57.0532,11259.178,11369.165,-42.535333,120.769991,-172.813,65.687,0.0,0.0,-0.0,-0.0,17.218001,2.112691,15.017133,19.229807,144.077882,0.920792,143.195511,145.032803,30.878665,0.301914,30.536451,31.107385,12.150752,0.124927,12.068661,12.294523,10.170892,0.26091,9.981511,10.468499,0.978428,0.00262,0.975786,0.981026,0.003087,0.000349,0.002699,0.003374,0.018486,0.002286,0.016275,0.02084,47928.438,575.070657,47428.842,48557.062,13.289829,0.159459,13.151298,13.464137,16.591124,0.199069,16.418181,16.808731,10913.889667,965.833226,9840.528,11712.782,1129.437,0.0,1129.437,1129.437,13456.745,326.654196,13183.094,13818.38,45723.841,201.972784,45551.998,45946.311,644.815,0.0,644.815,644.815,-18887.498,0.0,-18887.498,-18887.498,-11374.723333,261.499806,-11605.38,-11090.634,-5.697667,7.102714,-13.173,0.962,0.0
JFE_STEEL_JP,JFE Steel,JP,ACCELERATED_15C,DISCLOSED_PATH,PORT-2883A9539B06,True,True,True,True,True,True,,0.0,0.0,0.0,3,3,0.41232239999999987,0.65,1.78,,0.0,1.265341119704999e-05,367.500849,367.500849,P5,조기 계약형 전환,False,20429.2,2032,9930.8,367.500849,4,102.993885,0.457447,102.556361,103.468943,37850.340333,168.111933,37689.55,38024.924,37850.340333,168.111933,37689.55,38024.924,41389.817667,415.315727,41055.537,41854.749,102.993885,0.457447,102.556361,103.468943,154.388319,0.457447,153.950795,154.863377,71956.65,213.463782,71754.479,72179.85,56737.838667,168.112452,56577.048,56912.423,60277.315667,415.315727,59943.035,60742.247,18887.498,0.0,18887.498,18887.498,15223.245,54.123642,15178.54,15283.419,4.433667,10.306351,-3.8,15.992,0.0,0.0,0.0,0.0,9.631208,1.345532,8.246545,10.933858,144.405521,0.580853,143.855397,145.012867,41.411635,0.123626,41.299035,41.543924,15.571959,0.017507,15.559961,15.592049,0.0,0.0,0.0,0.0,0.968897,0.00376,0.96508,0.972598,0.003066,0.000343,0.002685,0.003348,0.028036,0.003433,0.024717,0.031572,41389.817667,415.315727,41055.537,41854.749,11.476768,0.115161,11.384077,11.605687,14.327685,0.143768,14.211969,14.488628,11207.830667,851.360108,10505.952,12154.873,1129.437,0.0,1129.437,1129.437,13037.802667,187.553039,12821.252,13148.423,45540.212,338.161708,45172.659,45838.146,1138.13,0.0,1138.13,1138.13,-18887.498,0.0,-18887.498,-18887.498,-15316.478,170.334722,-15506.92,-15178.68,0.903667,1.867533,-0.609,2.991,100.0
JFE_STEEL_JP,JFE Steel,JP,ACCELERATED_15C,DISCLOSED_PATH,PORT-576B945395C2,False,True,False,False,True,True,2028,0.0,0.02899984600000005,0.0,3,3,0.47620039999999997,0.65,2.2600000000000002,,0.0,1.265341119704999e-05,417.556839,417.556839,P6,조기 고헤지,False,23196.8,2031,9930.8,417.556839,5,157.287308,0.241138,157.052151,157.534013,65676.391,100.688635,65578.2,65779.404,65676.391,100.688635,65578.2,65779.404,67882.966667,209.055359,67745.572,68123.554,157.287308,0.241138,157.052151,157.534013,208.574152,0.241139,208.338995,208.820858,123878.492333,157.025217,123723.117,124037.117,87091.563333,100.689146,86993.372,87194.577,89298.139667,209.055359,89160.745,89538.727,21415.173,0.0,21415.173,21415.173,36787.213,55.758065,36731.655,36843.169,0.284333,1.823243,-1.687,1.91,0.0,0.0,0.0,0.0,5.284492,0.546862,4.790652,5.872219,245.387717,0.376056,245.015612,245.767604,88.10041,0.135104,87.963462,88.233591,25.88525,0.010983,25.873784,25.895675,54.461051,0.124962,54.319538,54.55622,0.972795,0.003413,0.969385,0.976211,0.004945,0.000557,0.004303,0.005292,0.02226,0.002959,0.019486,0.025374,67882.966667,209.055359,67745.572,68123.554,18.822917,0.057968,18.784819,18.889628,23.498673,0.072368,23.451112,23.581956,13210.534667,322.432156,12878.332,13522.216,1645.095,0.0,1645.095,1645.095,12899.795,23.002547,12874.957,12920.364,92585.113333,259.650322,92431.16,92884.895,3541.497,0.0,3541.497,3541.497,-21415.173,0.0,-21415.173,-21415.173,-36788.265667,54.396233,-36842.974,-36734.187,-2.205667,5.645472,-6.48,4.194,0.0
JFE_STEEL_JP,JFE Steel,JP,ACCELERATED_15C,DISCLOSED_PATH,PORT-B91429E42CEB,False,True,False,False,True,True,2028,0.0,0.26899984600000015,0.28199871200000004,3,3,0.47620039999999997,0.65,2.2600000000000002,,0.0,1.265341119704999e-05,445.512827,445.512827,P7,완전 수소·계약형,False,23196.8,2030,9930.8,445.512827,6,150.731036,0.070798,150.685969,150.812638,67152.61,31.541662,67132.532,67188.965,67152.61,31.541662,67132.532,67188.965,67840.162333,89.62812,67782.058,67943.384,150.731036,0.070798,150.685969,150.812638,201.904134,0.070798,201.859067,201.985736,134404.355667,61.836459,134364.669,134475.604,89950.881667,31.541085,89930.804,89987.236,90638.434,89.627544,90580.33,90741.655,22798.272,0.0,22798.272,22798.272,44457.781667,26.115835,44439.992,44487.764,4.307333,5.301112,-0.604,9.927,0.0,0.0,0.0,0.0,1.543283,0.250738,1.33126,1.820041,250.511494,0.138799,250.422414,250.671419,99.780459,0.069137,99.727914,99.858781,29.794671,0.019109,29.775237,29.813438,47.76805,0.34453,47.413165,48.101196,0.96378,0.004956,0.959767,0.969319,0.006233,0.000725,0.005401,0.006728,0.029987,0.004287,0.025279,0.033664,67840.162333,89.62812,67782.058,67943.384,18.811047,0.024852,18.794936,18.839669,23.483856,0.031026,23.463742,23.519587,13827.471333,205.175414,13697.477,14064.0,1777.766,0.0,1777.766,1777.766,13865.202,0.0,13865.202,13865.202,99470.21,247.505145,99187.667,99648.709,5462.182,0.0,5462.182,5462.182,-22798.272,0.0,-22798.272,-22798.272,-44452.483333,33.605285,-44487.585,-44420.607,0.534333,2.433648,-1.605,3.182,0.0
JFE_STEEL_JP,JFE Steel,JP,ACCELERATED_15C,DISCLOSED_PATH,PORT-D228BC8B7EB8,False,True,False,False,True,True,2027,3.6499974800000015,0.0,0.9330003360000005,3,3,0.3406543999999999,0.65,1.3,,0.0,1.265341119704999e-05,384.280845,384.280845,CURRENT,JFE Steel 공시전략 프록시,True,16764.0,2031,6265.6,384.280845,7,42.674124,0.61358,42.114726,43.330368,16398.848333,235.786708,16183.883,16651.03,16398.848333,235.786708,16183.883,16651.03,21638.602667,367.914409,21257.771,21992.072,42.674124,0.61358,42.114726,43.330368,93.650473,0.61358,93.091076,94.306717,41013.086333,227.928313,40778.085,41233.213,35988.083,235.787163,35773.117,36240.265,41227.837,367.914447,40847.005,41581.306,19589.235,0.0,19589.235,19589.235,4988.15,18.147599,4970.362,5006.637,-36.853667,51.703155,-89.644,13.689,0.0,0.0,0.0,0.0,13.635221,1.439577,11.987952,14.651887,55.750506,0.593129,55.138971,56.323333,13.076382,0.118431,12.992965,13.211937,12.23081,0.111601,12.147677,12.357649,0.0,0.0,0.0,0.0,0.963454,0.003519,0.96032,0.967261,0.001316,0.000141,0.00116,0.001436,0.035229,0.003378,0.031578,0.038243,21638.602667,367.914409,21257.771,21992.072,6.000056,0.102017,5.894457,6.098068,7.490516,0.127358,7.358686,7.612874,7925.886667,1163.70041,6920.8,9200.796,928.508,0.0,928.508,928.508,16840.107,180.210687,16637.255,16981.71,14849.715333,710.05073,14029.972,15273.287,226.886,0.0,226.886,226.886,-19589.235,0.0,-19589.235,-19589.235,-4797.884333,278.574659,-5079.646,-4522.61,14.863667,26.993857,-7.394,44.89,0.0
KOBE_STEEL_JP,Kobe Steel,JP,DISCLOSED_PATH,DISCLOSED_PATH,PORT-3DA05887C62D,False,True,False,False,True,True,2037,0.9639992259999994,0.0,0.0,1,1,0.19591999999999998,0.6,0.58,,0.0,9.990856690045291e-05,93.541093,93.541093,P1,지연·현물조달,False,3859.24,2029,1940.4,93.541093,0,13.295607,0.38403,13.051454,13.738263,1243.685667,35.922468,1220.847,1285.092,1243.685667,35.922468,1220.847,1285.092,2060.12,78.747849,1982.551,2139.996,13.295607,0.38403,13.051454,13.738263,48.214834,0.384031,47.97068,48.65749,4943.125333,37.563414,4912.458,4985.023,4510.068333,35.922726,4487.23,4551.475,5326.503,78.747849,5248.934,5406.379,3266.383,0.0,3266.383,3266.383,421.681667,1.384245,420.871,423.28,-11.375333,7.655303,-19.524,-4.334,0.0,0.0,0.0,0.0,8.728082,1.177604,7.456175,9.780498,17.9252,0.401568,17.597356,18.373103,4.629592,0.081194,4.545902,4.708035,13.989136,0.072663,13.907009,14.045075,0.0,0.0,0.0,0.0,0.882385,0.012343,0.872796,0.896311,0.0,0.0,0.0,0.0,0.117615,0.012343,0.103689,0.127204,2060.12,78.747849,1982.551,2139.996,0.796437,0.030443,0.766449,0.827316,1.932179,0.073857,1.859427,2.007094,1714.804667,411.879765,1444.796,2188.876,109.248,0.0,109.248,109.248,3115.125333,334.152166,2734.199,3358.777,0.0,0.0,0.0,0.0,0.0,0.0,0.0,0.0,-3266.383,0.0,-3266.383,-3266.383,-427.7,102.788442,-546.021,-360.442,-1.410333,2.627699,-4.254,0.928,0.0
KOBE_STEEL_JP,Kobe Steel,JP,DISCLOSED_PATH,DISCLOSED_PATH,PORT-8384667F6B8E,True,True,True,True,True,True,,0.0,0.0,0.0,1,1,0.28332,0.6,1.06,,0.0,9.990856690045291e-05,96.451092,96.451092,P2,지연·부분헤지,False,4999.94,2037,3019.5,96.451092,1,54.458621,0.271956,54.18941,54.733241,5252.593667,26.230391,5226.628,5279.081,5252.593667,26.230391,5226.628,5279.081,6851.116333,92.569627,6791.414,6957.752,54.458621,0.271956,54.18941,54.733241,89.374219,0.271956,89.105008,89.648839,9352.959333,45.45432,9315.58,9403.558,8620.240667,26.230391,8594.275,8646.728,10218.763667,92.569374,10159.061,10325.399,3367.648,0.0,3367.648,3367.648,724.639,1.808146,722.555,725.791,-8.079,22.697979,-34.274,5.77,0.0,0.0,0.0,0.0,16.573402,1.1929,15.812183,17.948204,62.055407,0.471268,61.66786,62.580012,7.596786,0.216596,7.465137,7.846771,11.212681,0.113403,11.118005,11.338362,1.753645,0.06353,1.683999,1.808422,0.951834,0.003971,0.947394,0.955044,0.002523,0.000181,0.002367,0.002722,0.045643,0.003789,0.04259,0.049884,6851.116333,92.569627,6791.414,6957.752,2.648622,0.035787,2.625541,2.689847,6.425636,0.08682,6.369642,6.525649,2323.621333,189.808159,2104.45,2433.494,148.869,0.0,148.869,148.869,2849.652667,261.003873,2657.4,3146.782,4026.342333,359.267534,3667.433,4385.967,12.756,0.0,12.756,12.756,-3367.648,0.0,-3367.648,-3367.648,-737.428,44.619346,-767.568,-686.17,-3.571667,0.477804,-4.059,-3.104,0.0
KOBE_STEEL_JP,Kobe Steel,JP,DISCLOSED_PATH,DISCLOSED_PATH,PORT-8384667F6B8E,True,True,True,True,True,True,,0.0,0.0,0.0,1,1,0.28332,0.6,1.06,,0.0,9.990856690045291e-05,96.451092,96.451092,P3,균형형 라이트헤지,False,4999.94,2037,3019.5,96.451092,2,52.697141,0.232319,52.498873,52.952766,5082.697,22.407155,5063.574,5107.352,5082.697,22.407155,5063.574,5107.352,6362.751667,74.055078,6312.899,6447.846,52.697141,0.232319,52.498873,52.952766,87.612739,0.232319,87.414471,87.868364,9350.386,37.622114,9317.969,9391.64,8450.344333,22.407705,8431.221,8475.0,9730.399,74.055652,9680.546,9815.494,3367.648,0.0,3367.648,3367.648,894.199,1.343448,893.061,895.681,-5.842667,15.893845,-23.58,7.107,0.0,0.0,0.0,0.0,13.271541,0.939241,12.65053,14.352067,62.028727,0.390068,61.692628,62.456451,9.331585,0.157781,9.193754,9.503684,11.980944,0.132512,11.849306,12.114314,0.0,0.0,0.0,0.0,0.950293,0.004102,0.945712,0.953625,0.002497,0.000179,0.002341,0.002693,0.047211,0.003922,0.044035,0.051595,6362.751667,74.055078,6312.899,6447.846,2.459822,0.02863,2.440549,2.492719,5.967601,0.069456,5.920844,6.047411,2261.541333,133.593738,2131.781,2398.664,148.869,0.0,148.869,148.869,2951.403,362.332616,2707.266,3367.721,3943.786667,380.614997,3539.93,4295.857,39.463,0.0,39.463,39.463,-3367.648,0.0,-3367.648,-3367.648,-895.439667,28.367297,-928.167,-877.895,0.721,3.902163,-2.403,5.095,100.0
KOBE_STEEL_JP,Kobe Steel,JP,DISCLOSED_PATH,DISCLOSED_PATH,PORT-8A59F01B884D,False,True,False,False,True,True,2028,0.0,0.012250011000000005,0.0,1,1,0.28332,0.6,1.06,,0.0,9.990856690045291e-05,114.781594,114.781594,P4,균형형 전환,False,5037.34,2028,3118.5,114.781594,3,139.287248,0.720274,138.671509,140.079311,15987.612667,82.674269,15916.937,16078.527,15987.612667,82.674269,15916.937,16078.527,18016.032,146.955293,17898.555,18180.814,139.287248,0.720274,138.671509,140.079311,174.102163,0.720274,173.486424,174.894226,22674.051333,97.295505,22589.317,22780.305,19983.723667,82.674269,19913.048,20074.638,22012.143333,146.954893,21894.667,22176.925,3996.111,0.0,3996.111,3996.111,2690.826333,12.875244,2679.236,2704.685,0.499,2.152378,-0.982,2.968,0.0,0.0,-0.0,-0.0,17.671994,1.451668,16.467798,19.283931,162.725913,0.847658,161.987691,163.651617,23.438665,0.128426,23.316182,23.572306,13.580276,0.138513,13.467839,13.735005,86.415693,0.633716,85.684446,86.804867,0.976128,0.002317,0.974179,0.97869,0.006842,0.000682,0.006146,0.007509,0.017029,0.001893,0.015164,0.018949,18016.032,146.955293,17898.555,18180.814,6.964946,0.056813,6.91953,7.028651,16.897169,0.137828,16.786988,17.051717,2759.089333,240.217845,2493.216,2960.496,294.906,0.0,294.906,294.906,3113.210333,114.808623,3042.519,3245.68,16286.334333,64.242187,16215.064,16339.787,202.912,0.0,202.912,202.912,-3996.111,0.0,-3996.111,-3996.111,-2674.853333,57.665882,-2730.224,-2615.138,2.125667,2.249001,-0.122,4.376,0.0
KOBE_STEEL_JP,Kobe Steel,JP,DISCLOSED_PATH,DISCLOSED_PATH,PORT-0095E30DB97C,False,True,False,False,True,True,2028,0.0,0.012250011000000005,0.0,1,1,0.3612199999999999,0.6,1.54,,0.0,9.990856690045291e-05,118.419093,118.419093,P5,조기 계약형 전환,False,6178.04,2028,3118.5,118.419093,4,164.763325,0.574449,164.320805,165.412514,19511.123667,68.025622,19458.721,19588.0,19511.123667,68.025622,19458.721,19588.0,20962.515667,150.88805,20854.346,21134.887,164.763325,0.574449,164.320805,165.412514,199.581804,0.574449,199.139284,200.230993,28350.154667,82.718447,28290.462,28444.576,23634.296,68.025442,23581.893,23711.172,25085.688667,150.88805,24977.519,25258.06,4123.173,0.0,4123.173,4123.173,4714.352333,15.339311,4704.923,4732.052,-1.506667,2.066901,-3.647,0.478,0.0,0.0,0.0,0.0,12.256407,1.483953,11.065061,13.918681,204.586791,0.698519,204.082714,205.384136,39.823466,0.128917,39.736866,39.971622,17.908124,0.108538,17.826961,18.031409,112.009081,0.17813,111.858511,112.20572,0.971833,0.002522,0.969349,0.974392,0.006767,0.000664,0.006001,0.007174,0.0214,0.00198,0.019606,0.023524,20962.515667,150.88805,20854.346,21134.887,8.104049,0.058333,8.062231,8.170687,19.660666,0.141517,19.559214,19.822332,3579.836,93.008789,3513.024,3686.062,345.83,0.0,345.83,345.83,2881.807333,13.922624,2873.562,2897.882,21102.648333,113.089086,20991.652,21217.72,447.573,0.0,447.573,447.573,-4123.173,0.0,-4123.173,-4123.173,-4726.461333,18.082676,-4738.927,-4705.722,3.062667,4.844674,-0.122,8.638,0.0
KOBE_STEEL_JP,Kobe Steel,JP,DISCLOSED_PATH,DISCLOSED_PATH,PORT-6AF097B8F6F8,False,True,False,False,True,True,2028,0.0,0.012250011000000005,0.0,1,1,0.3612199999999999,0.6,1.54,,0.0,9.990856690045291e-05,124.953456,124.953456,P6,조기 고헤지,False,6178.04,2028,3118.5,124.953456,5,154.920076,0.276825,154.649117,155.202416,19357.799,34.589929,19323.942,19393.078,19357.799,34.589929,19323.942,19393.078,19967.683,80.264221,19913.447,20059.887,154.920076,0.276825,154.649117,155.202416,189.777383,0.276825,189.506424,190.059723,30015.814,44.42676,29974.369,30062.718,23713.34,34.589929,23679.483,23748.619,24323.224,80.264221,24268.988,24415.428,4355.541,0.0,4355.541,4355.541,6303.361667,10.126476,6294.003,6314.112,0.887667,2.333565,-0.883,3.532,0.0,0.0,0.0,0.0,4.880889,0.68252,4.294689,5.630181,205.358649,0.355545,205.026966,205.734019,50.438573,0.081809,50.377849,50.531602,23.244465,0.052189,23.187168,23.289283,102.309243,0.247133,102.0415,102.528612,0.968559,0.002789,0.966394,0.971706,0.007103,0.000761,0.006232,0.007638,0.024338,0.002089,0.022062,0.026168,19967.683,80.264221,19913.447,20059.887,7.719449,0.03103,7.698482,7.755095,18.727615,0.07528,18.676747,18.814093,3432.373333,37.582942,3389.115,3457.005,364.57,0.0,364.57,364.57,3043.165,6.476572,3039.159,3050.637,22314.843333,51.30018,22255.607,22344.495,858.939,0.0,858.939,858.939,-4355.541,0.0,-4355.541,-4355.541,-6301.020667,11.771489,-6314.058,-6291.172,0.47,1.803691,-1.49,2.06,0.0
KOBE_STEEL_JP,Kobe Steel,JP,DISCLOSED_PATH,DISCLOSED_PATH,PORT-F194BB679477,False,True,False,False,True,True,2028,0.0,0.012250011000000005,0.0,1,1,0.3612199999999999,0.6,1.54,,0.0,9.990856690045291e-05,131.48782,131.48782,P7,완전 수소·계약형,False,6178.04,2028,3118.5,131.48782,6,151.048075,0.068146,150.976886,151.112704,19860.982333,8.9602,19851.622,19869.48,19860.982333,8.9602,19851.622,19869.48,20050.552667,19.797894,20038.479,20073.401,151.048075,0.068146,150.976886,151.112704,185.940722,0.068146,185.869533,186.005351,31848.271667,12.102015,31835.47,31859.525,24448.940333,8.9602,24439.58,24457.438,24638.510667,19.797894,24626.437,24661.359,4587.958,0.0,4587.958,4587.958,7399.333667,3.154994,7395.891,7402.087,0.002,0.003464,-0.0,0.006,0.0,0.0,0.0,0.0,1.441733,0.157905,1.295158,1.608939,207.32197,0.092039,207.22461,207.407556,56.273894,0.023993,56.247724,56.294852,26.087487,0.013469,26.071946,26.095785,98.34621,0.324622,98.005352,98.6517,0.960612,0.003491,0.958115,0.964601,0.008595,0.000952,0.007499,0.009212,0.030793,0.00257,0.0279,0.032811,20050.552667,19.797894,20038.479,20073.401,7.751486,0.007653,7.746819,7.760319,18.805338,0.018568,18.794015,18.826767,3539.708,11.776474,3527.993,3551.545,384.34,0.0,384.34,384.34,3200.302,0.0,3200.302,3200.302,23428.187667,19.68997,23416.467,23450.92,1295.513,0.0,1295.513,1295.513,-4587.958,0.0,-4587.958,-4587.958,-7399.286,3.036236,-7402.135,-7396.092,0.175,0.617158,-0.537,0.557,0.0
KOBE_STEEL_JP,Kobe Steel,JP,DISCLOSED_PATH,DISCLOSED_PATH,PORT-87CB7C6D5202,True,True,True,True,True,True,,0.0,0.0,0.0,1,1,0.28332,0.6,1.06,,0.0,9.990856690045291e-05,108.831592,108.831592,CURRENT,Kobe Steel 공시전략 프록시,True,4999.94,2036,3019.5,108.831592,7,58.387818,0.562423,57.953857,59.023221,6354.439333,61.209072,6307.211,6423.591,6354.439333,61.209072,6307.211,6423.591,8065.149,132.979443,7940.033,8204.798,58.387818,0.562423,57.953857,59.023221,93.210185,0.562423,92.776225,93.845589,11095.194667,69.345615,11049.329,11174.97,10144.213,61.209458,10096.984,10213.365,11854.923,132.979443,11729.807,11994.572,3789.774,0.0,3789.774,3789.774,945.319667,2.025134,943.612,947.557,-5.661667,19.25582,-16.815,16.573,0.0,0.0,0.0,0.0,15.718874,1.655392,13.933843,17.203481,67.125923,0.637185,66.704487,67.858942,8.738105,0.190921,8.518112,8.860482,11.224107,0.177094,11.060569,11.412195,5.625666,0.147688,5.509707,5.791937,0.957721,0.002937,0.954411,0.960014,0.00291,0.000225,0.002721,0.003158,0.039369,0.002743,0.037137,0.042431,8065.149,132.979443,7940.033,8204.798,3.117963,0.051409,3.069594,3.171951,7.564273,0.12472,7.446928,7.695249,2410.927667,348.76955,2111.411,2793.833,176.68,0.0,176.68,176.68,3364.955667,518.649576,3017.152,3961.08,5103.438,360.223869,4694.581,5374.11,32.784,0.0,32.784,32.784,-3789.774,0.0,-3789.774,-3789.774,-945.968667,94.308408,-1047.111,-860.444,1.396,4.200579,-1.597,6.198,0.0
KOBE_STEEL_JP,Kobe Steel,JP,ACCELERATED_15C,DISCLOSED_PATH,PORT-3DA05887C62D,False,False,True,True,True,True,,0.0,0.0,0.0,1,1,0.19591999999999998,0.6,0.58,2035,0.6138637290849003,-0.6138637290849003,93.541093,93.541093,P1,지연·현물조달,False,3859.24,2029,1940.4,93.541093,0,-0.693529,0.454545,-0.963871,-0.168746,-64.873667,42.518542,-90.162,-15.785,-64.873667,42.518542,-90.162,-15.785,812.426667,94.363463,719.77,908.409,-0.693529,0.454545,-0.963871,-0.168746,50.547905,0.454545,50.277563,51.072688,5253.055,33.302209,5226.433,5290.397,4728.306333,42.518542,4703.018,4777.395,5605.606667,94.363463,5512.95,5701.589,4793.18,0.0,4793.18,4793.18,506.208333,1.664221,505.242,508.13,-18.540333,13.861373,-32.587,-4.872,0.0,0.0,0.0,0.0,9.378769,1.412643,7.863442,10.659306,4.916291,0.35602,4.631684,5.315498,5.60982,0.133282,5.484244,5.74966,13.989136,0.072663,13.907009,14.045075,0.0,0.0,0.0,0.0,0.91253,0.009397,0.905101,0.923094,0.0,0.0,0.0,0.0,0.08747,0.009397,0.076906,0.094899,812.426667,94.363463,719.77,908.409,0.314082,0.03648,0.278261,0.351188,0.761972,0.088503,0.67507,0.851993,1801.674,472.218245,1306.048,2246.353,109.248,0.0,109.248,109.248,3355.655,331.230547,3016.954,3678.872,0.0,0.0,0.0,0.0,0.0,0.0,0.0,0.0,-4793.18,0.0,-4793.18,-4793.18,-539.795,141.669258,-673.17,-391.08,1.524333,3.121478,-0.478,5.121,0.0
KOBE_STEEL_JP,Kobe Steel,JP,ACCELERATED_15C,DISCLOSED_PATH,PORT-8384667F6B8E,False,False,True,True,True,True,,0.0,0.0,0.0,1,1,0.28332,0.6,1.06,2035,0.6138637290849003,-0.6138637290849003,96.451092,96.451092,P2,지연·부분헤지,False,4999.94,2037,3019.5,96.451092,1,43.24594,0.358688,42.851048,43.551564,4171.118,34.5961,4133.03,4200.596,4171.118,34.5961,4133.03,4200.596,5877.313667,95.438307,5809.023,5986.364,43.24594,0.358688,42.851048,43.551564,94.511075,0.358689,94.116183,94.8167,10040.901667,35.837959,10006.721,10078.194,9115.696333,34.59555,9077.609,9145.174,10821.892333,95.43852,10753.602,10930.943,4944.578,0.0,4944.578,4944.578,914.87,0.236172,914.717,915.142,-10.335333,10.246468,-18.269,1.233,0.0,0.0,-0.0,-0.0,17.689751,1.344752,16.676093,19.215271,52.838422,0.371568,52.484034,53.225067,9.592482,0.107176,9.470957,9.673503,11.212681,0.113403,11.118005,11.338362,0.0,0.0,0.0,0.0,0.966757,0.00275,0.963676,0.968962,0.00162,0.000119,0.001519,0.001751,0.031623,0.002631,0.029519,0.034573,5877.313667,95.438307,5809.023,5986.364,2.272153,0.036896,2.245752,2.314311,5.512311,0.089512,5.448261,5.614589,2357.878667,123.344085,2219.981,2457.681,148.869,0.0,148.869,148.869,3363.341667,142.45793,3199.182,3454.53,4157.707667,272.637382,3949.752,4466.373,13.571,0.0,13.571,13.571,-4944.578,0.0,-4944.578,-4944.578,-925.514,24.250651,-946.588,-899.008,-0.156333,3.660243,-3.792,3.528,0.0
KOBE_STEEL_JP,Kobe Steel,JP,ACCELERATED_15C,DISCLOSED_PATH,PORT-8384667F6B8E,False,False,True,True,True,True,,0.0,0.0,0.0,1,1,0.28332,0.6,1.06,2035,0.6138637290849003,-0.6138637290849003,96.451092,96.451092,P3,균형형 라이트헤지,False,4999.94,2037,3019.5,96.451092,2,40.716197,0.301442,40.384559,40.973554,3927.121667,29.074239,3895.135,3951.944,3927.121667,29.074239,3895.135,3951.944,5275.977,79.058641,5229.503,5367.261,40.716197,0.301442,40.384559,40.973554,91.981333,0.301442,91.649694,92.23869,10035.300667,27.822589,10007.677,10063.318,8871.699667,29.074239,8839.713,8896.522,10220.555333,79.059218,10174.081,10311.84,4944.578,0.0,4944.578,4944.578,1161.628333,2.852752,1158.706,1164.406,-1.972333,9.00083,-8.089,8.363,0.0,0.0,-0.0,-0.0,13.984865,1.111363,13.245665,15.262934,52.78035,0.288459,52.493953,53.070828,12.064153,0.068133,11.985792,12.109394,11.980944,0.132512,11.849306,12.114314,0.0,0.0,0.0,0.0,0.964641,0.002957,0.96134,0.967047,0.001572,0.000117,0.001472,0.0017,0.033787,0.002841,0.031481,0.03696,5275.977,79.058641,5229.503,5367.261,2.039678,0.030564,2.021711,2.074968,4.948319,0.074149,4.904731,5.033934,2239.948667,110.962859,2131.781,2353.51,148.869,0.0,148.869,148.869,3318.491333,293.735936,2983.529,3532.135,4278.808667,398.917169,4019.868,4738.199,42.197,0.0,42.197,42.197,-4944.578,0.0,-4944.578,-4944.578,-1154.251667,18.116197,-1165.18,-1133.34,-2.363,3.3707,-6.253,-0.306,0.0
KOBE_STEEL_JP,Kobe Steel,JP,ACCELERATED_15C,DISCLOSED_PATH,PORT-8A59F01B884D,True,True,True,True,True,True,,0.0,0.0,0.0,1,1,0.28332,0.6,1.06,,0.0,9.990856690045291e-05,114.781594,114.781594,P4,균형형 전환,False,5037.34,2028,3118.5,114.781594,3,125.706972,0.804316,124.936504,126.541326,14428.846667,92.320661,14340.411,14524.615,14428.846667,92.320661,14340.411,14524.615,16479.972,132.473131,16380.849,16630.43,125.706972,0.804316,124.936504,126.541326,176.534469,0.804316,175.764001,177.368823,24090.017667,109.434611,23976.718,24195.127,20262.907667,92.320661,20174.472,20358.676,22314.033667,132.472564,22214.911,22464.491,5834.061,0.0,5834.061,5834.061,3832.424333,18.129,3812.887,3848.703,5.314333,10.652626,-6.951,12.253,0.0,0.0,-0.0,-0.0,17.869814,1.330594,16.588221,19.244517,159.049512,0.953415,158.062422,159.965242,33.34254,0.189524,33.125917,33.477786,13.580276,0.138513,13.467839,13.735005,0.712975,0.712968,0.110952,1.500298,0.981314,0.001843,0.979712,0.983328,0.005063,0.000498,0.00455,0.005545,0.013623,0.001538,0.012122,0.015195,16479.972,132.473131,16380.849,16630.43,6.37111,0.051214,6.33279,6.429277,15.456504,0.124246,15.363537,15.597618,2807.84,103.508727,2697.372,2902.592,294.906,0.0,294.906,294.906,3391.199,48.144554,3343.647,3439.915,17372.356667,191.242773,17224.447,17588.318,215.704,0.0,215.704,215.704,-5834.061,0.0,-5834.061,-5834.061,-3818.814667,10.422883,-3828.073,-3807.526,-0.282667,0.792282,-1.144,0.415,0.0
KOBE_STEEL_JP,Kobe Steel,JP,ACCELERATED_15C,DISCLOSED_PATH,PORT-0095E30DB97C,True,True,True,True,True,True,,0.0,0.0,0.0,1,1,0.3612199999999999,0.6,1.54,,0.0,9.990856690045291e-05,118.419093,118.419093,P5,조기 계약형 전환,False,6178.04,2028,3118.5,118.419093,4,146.855201,0.633483,146.454804,147.585553,17390.459667,75.016274,17343.045,17476.947,17390.459667,75.016274,17343.045,17476.947,18796.274667,160.556493,18681.461,18979.744,146.855201,0.633483,146.454804,147.585553,197.723609,0.633483,197.323212,198.453961,30239.008667,98.501835,30176.431,30352.551,23414.250667,75.016274,23366.836,23500.738,24820.064667,160.556493,24705.251,25003.534,6023.791,0.0,6023.791,6023.791,6823.218,25.025226,6806.753,6852.016,-1.540333,1.569812,-2.842,0.203,0.0,0.0,-0.0,-0.0,11.87152,1.669136,10.5614,13.750796,204.487447,0.831807,203.959004,205.446265,57.632246,0.19834,57.504201,57.860713,17.908124,0.108538,17.826961,18.031409,25.133403,0.022879,25.108357,25.153205,0.976808,0.002098,0.974691,0.978887,0.004841,0.000469,0.0043,0.005127,0.018352,0.001723,0.016813,0.020214,18796.274667,160.556493,18681.461,18979.744,7.266586,0.062071,7.222199,7.337515,17.628955,0.150586,17.521272,17.801031,3376.891333,221.763722,3146.999,3589.517,345.83,0.0,345.83,345.83,3181.227333,26.22598,3150.983,3197.677,22843.656667,193.18077,22622.438,22979.076,477.943,0.0,477.943,477.943,-6023.791,0.0,-6023.791,-6023.791,-6812.227667,37.253595,-6845.833,-6772.169,0.93,1.902303,-1.194,2.477,0.0
KOBE_STEEL_JP,Kobe Steel,JP,ACCELERATED_15C,DISCLOSED_PATH,PORT-6AF097B8F6F8,True,True,True,True,True,True,,0.0,0.0,0.0,1,1,0.3612199999999999,0.6,1.54,,0.0,9.990856690045291e-05,124.953456,124.953456,P6,조기 고헤지,False,6178.04,2028,3118.5,124.953456,5,131.675611,0.226536,131.461949,131.913133,16453.322667,28.306524,16426.625,16483.002,16453.322667,28.306524,16426.625,16483.002,17011.658,67.962563,16963.311,17089.365,131.675611,0.226536,131.461949,131.913133,182.638226,0.226537,182.424564,182.875749,32027.881667,44.357241,31986.011,32074.365,22821.277667,28.306524,22794.58,22850.957,23379.613,67.962563,23331.266,23457.32,6367.955,0.0,6367.955,6367.955,9206.847667,15.797645,9192.071,9223.499,0.243667,0.345445,0.0,0.639,0.0,0.0,-0.0,-0.0,4.468348,0.578902,3.99586,5.114096,205.355878,0.354987,205.020791,205.72788,73.680266,0.128451,73.558842,73.814746,23.244465,0.052189,23.187168,23.289283,9.173125,0.28975,8.851589,9.413993,0.971674,0.002495,0.969651,0.974461,0.005057,0.000535,0.004444,0.005435,0.02327,0.00201,0.021095,0.025059,17011.658,67.962563,16963.311,17089.365,6.576659,0.026274,6.557968,6.6067,15.955171,0.063742,15.909826,16.028052,3486.137667,98.850305,3388.536,3586.191,364.57,0.0,364.57,364.57,3329.744,6.67643,3322.04,3333.843,23930.833333,118.599207,23796.487,24021.008,917.559,0.0,917.559,917.559,-6367.955,0.0,-6367.955,-6367.955,-9207.154667,16.220105,-9223.483,-9191.045,-0.411667,0.754643,-1.222,0.271,0.0
KOBE_STEEL_JP,Kobe Steel,JP,ACCELERATED_15C,DISCLOSED_PATH,PORT-F194BB679477,True,True,True,True,True,True,,0.0,0.0,0.0,1,1,0.3612199999999999,0.6,1.54,,0.0,9.990856690045291e-05,131.48782,131.48782,P7,완전 수소·계약형,False,6178.04,2028,3118.5,131.48782,6,124.960588,0.055993,124.90494,125.016919,16430.795333,7.362406,16423.478,16438.202,16430.795333,7.362406,16423.478,16438.202,16598.347333,16.578142,16588.395,16617.485,124.960588,0.055993,124.90494,125.016919,175.986021,0.055993,175.930373,176.042352,33994.253,12.759788,33981.635,34007.15,23140.018333,7.362406,23132.701,23147.425,23307.570333,16.578142,23297.618,23326.708,6709.223,0.0,6709.223,6709.223,10854.439667,5.877334,10848.506,10860.259,0.204667,0.54806,-0.428,0.534,0.0,0.0,-0.0,-0.0,1.274275,0.139668,1.142255,1.420504,207.509943,0.09704,207.413982,207.608027,82.549355,0.041052,82.509041,82.591108,26.087487,0.013469,26.071946,26.095785,0.0,0.0,0.0,0.0,0.962463,0.003279,0.960023,0.96619,0.006116,0.000672,0.005342,0.006554,0.031422,0.002633,0.028469,0.033526,16598.347333,16.578142,16588.395,16617.485,6.416873,0.006409,6.413026,6.424272,15.567528,0.015548,15.558194,15.585477,3550.236667,19.722887,3528.057,3565.803,384.34,0.0,384.34,384.34,3504.648,0.0,3504.648,3504.648,25169.929,15.303762,25152.648,25181.768,1384.082,0.0,1384.082,1384.082,-6709.223,0.0,-6709.223,-6709.223,-10852.972,3.964134,-10857.476,-10850.013,-0.244333,0.12554,-0.389,-0.164,100.0
KOBE_STEEL_JP,Kobe Steel,JP,ACCELERATED_15C,DISCLOSED_PATH,PORT-87CB7C6D5202,False,False,False,False,True,True,2028,0.15500018000000004,0.0,0.0,1,1,0.28332,0.6,1.06,2035,0.6138637290849003,-0.6138637290849003,108.831592,108.831592,CURRENT,Kobe Steel 공시전략 프록시,True,4999.94,2036,3019.5,108.831592,7,47.16371,0.390199,46.893288,47.611026,5132.901667,42.466224,5103.471,5181.584,5132.901667,42.466224,5103.471,5181.584,6977.068,127.773066,6849.076,7104.621,47.16371,0.390199,46.893288,47.611026,98.075689,0.3902,97.805266,98.523005,11885.520333,77.801381,11830.421,11974.52,10673.733333,42.465651,10644.303,10722.415,12517.9,127.773066,12389.908,12645.453,5540.832,0.0,5540.832,5540.832,1225.319333,1.662716,1224.134,1227.22,13.532333,33.685965,-24.885,38.016,0.0,0.0,-0.0,-0.0,16.945138,1.505029,15.321769,18.294052,58.298227,0.71488,57.791947,59.116003,11.134517,0.324798,10.89866,11.504977,11.224107,0.177094,11.060569,11.412195,0.0,0.0,0.0,0.0,0.970112,0.00212,0.967723,0.971771,0.00187,0.000146,0.001749,0.002033,0.028018,0.001993,0.0264,0.030244,6977.068,127.773066,6849.076,7104.621,2.697314,0.049397,2.647833,2.746626,6.543766,0.119838,6.423723,6.663397,2488.436,433.633906,2083.747,2946.14,176.68,0.0,176.68,176.68,3775.363333,161.535981,3603.216,3923.629,5442.348333,393.278081,4989.467,5697.798,34.997,0.0,34.997,34.997,-5540.832,0.0,-5540.832,-5540.832,-1245.744333,109.629249,-1356.414,-1137.186,1.652667,5.466539,-2.158,7.916,0.0
