company_id,company_name,country_code,reported_production_mt,reported_scope12_emissions_mtco2,scenario_id,portfolio_origin_scenario_id,portfolio_id,candidate_id,template_plan_id,physical_portfolio_id,common_avoided_emissions_mtco2,deterministic_economic_npv_bn_krw,deterministic_cost_common_kkrw_per_tco2,carbon_budget_feasible,scenario_feasible,first_budget_breach_year,max_annual_budget_excess_mtco2,minimum_annual_budget_margin_mtco2,physical_constraints_feasible,resource_constraints_feasible,construction_concurrency_feasible,failure_risk_constraint_feasible,first_resource_breach_year,max_scrap_supply_excess_mt,max_hydrogen_supply_excess_mt,max_incremental_grid_excess_twh,max_concurrent_construction_projects,concurrent_construction_limit,portfolio_failure_probability,portfolio_failure_probability_limit,expected_failure_delay_years,plan_id,plan_name,is_disclosed_plan,aligned_capex_bn_krw,peak_capex_year,peak_capex_bn_krw,expected_cost_p50_kkrw_per_tco2,expected_cost_p50_bn_krw,absolute_npv_p50_bn_krw,absolute_npv_p90_bn_krw,scenario_avoided_emissions_mtco2,net_economic_cost_p50_kkrw_per_tco2_common_denominator,net_cash_cost_after_support_p50_kkrw_per_tco2_common_denominator,cash_cost_before_support_p50_bn_krw,net_cash_cost_after_support_p50_bn_krw,net_cash_cost_after_support_p90_bn_krw,avoided_carbon_cost_value_p50_bn_krw,policy_support_value_p50_bn_krw,cash_policy_p50_nonadditivity_bn_krw,economic_cost_p50_identity_delta_bn_krw,p90_cost_kkrw_per_tco2,tcar_kkrw_per_tco2,gross_cost_p50_kkrw_per_tco2,policy_support_dependence_kkrw_per_tco2,electricity_variance_share,hydrogen_variance_share,capex_variance_share,policy_uncertainty_exposure_kkrw_per_tco2,flexibility_value_kkrw_per_tco2,avoided_emissions_mtco2,p90_net_cost_bn_krw,p90_cost_to_ebitda_x,p90_cost_to_annual_capex_x,capex_cost_p50_bn_krw,fixed_opex_cost_p50_bn_krw,electricity_cost_p50_bn_krw,hydrogen_cost_p50_bn_krw,contract_premium_p50_bn_krw,carbon_value_p50_bn_krw,policy_support_p50_bn_krw,component_reconciliation_p50_bn_krw,candidate_path_count,refinement_shortlist_rank,refinement_tier,is_generated_candidate,risk_decomposition_method,shapley_full_variance,shapley_reconciliation_delta,electricity_shapley_variance_share,hydrogen_shapley_variance_share,capex_shapley_variance_share,electricity_shapley_variance_contribution,hydrogen_input_shapley_variance_contribution,construction_capex_shapley_variance_contribution,scenario_regret_p50_kkrw_per_tco2
POSCO_KR,POSCO,KR,34.537,69.84605,DISCLOSED_PATH,DISCLOSED_PATH,PORT-8826D0B469EE,CAND-6339E6B83A8408,P3,PORT-8826D0B469EE,429.154227,26569.752,61.911896,True,True,,0.0,2.0275124185786808e-05,True,True,True,True,,0.0,0.0,0.0,3,3,0.459336608,0.65,2.02,P3,균형형 라이트헤지,False,27588.0,2037,9270.0,63.193475,27119.747,27119.747,32684.509,429.154227,63.193475,99.442196,46497.887,42676.039,48240.801,15556.292,3870.739,48.891,0.0,76.160287,12.966812,72.099011,8.905536,0.911107,0.007912,0.080981,0.0,0.0,429.154227,32684.509,7.726834,13.826414,12292.363,1500.071,10061.153,22444.2,191.41,-15556.292,-3806.189,-6.968,400,1,deterministic_robust_shortlist_full_paths,True,variance_game_shapley_common_random_numbers,91.305732155873,0.0,0.846906875,0.048743115,0.104350011,77.327452263306,4.450525766604,9.527754125963,53.797963
POSCO_KR,POSCO,KR,34.537,69.84605,ACCELERATED_15C,DISCLOSED_PATH,PORT-8826D0B469EE,CAND-6339E6B83A8408,P3,PORT-8826D0B469EE,429.154227,21116.24,49.204315,True,True,,0.0,2.0275124185786808e-05,True,True,True,True,,0.0,0.0,0.0,3,3,0.459336608,0.65,2.02,P3,균형형 라이트헤지,False,27588.0,2037,9270.0,50.561641,21698.742,21698.742,27685.525,429.154227,50.561641,103.525027,49789.489,44428.203,50414.986,22729.461,5389.788,28.502,-0.0,64.511831,13.950191,63.054319,12.492678,0.937431,0.005072,0.057496,0.0,0.0,429.154227,27685.525,6.545041,11.711711,12804.193,1500.071,10648.536,24729.626,204.242,-22729.461,-5463.694,5.228,400,1,deterministic_robust_shortlist_full_paths,True,variance_game_shapley_common_random_numbers,103.551069778422,-0.0,0.881671989,0.038594357,0.079733654,91.298077623165,3.996487000168,8.25650515509,31.464693
POSCO_KR,POSCO,KR,34.537,69.84605,DISCLOSED_PATH,DISCLOSED_PATH,PORT-8826D0B469EE,CAND-82FF2AA13BA34C,P2,PORT-8826D0B469EE,429.154227,27287.38,63.584089,True,True,,0.0,2.0275124185786808e-05,True,True,True,True,,0.0,0.0,0.0,3,3,0.459336608,0.65,2.02,P2,지연·부분헤지,False,27588.0,2037,9270.0,65.137047,27953.839,27953.839,34898.803,429.154227,65.137047,101.385768,46507.361,43510.131,50455.095,15556.292,3008.208,10.978,-0.0,81.319956,16.182909,72.121087,6.98404,0.913271,0.007989,0.07874,0.0,0.0,429.154227,34898.803,8.250308,14.763119,10194.135,1500.071,9857.122,24491.568,61.239,-15556.292,-2607.339,13.336,400,2,deterministic_robust_shortlist_full_paths,True,variance_game_shapley_common_random_numbers,142.155426110677,-0.0,0.849042271,0.04899692,0.101960809,120.695965825937,6.965178046778,14.494282237962,55.741535
POSCO_KR,POSCO,KR,34.537,69.84605,ACCELERATED_15C,DISCLOSED_PATH,PORT-8826D0B469EE,CAND-82FF2AA13BA34C,P2,PORT-8826D0B469EE,429.154227,22213.621,51.761393,True,True,,0.0,2.0275124185786808e-05,True,True,True,True,,0.0,0.0,0.0,3,3,0.459336608,0.65,2.02,P2,지연·부분헤지,False,27588.0,2037,9270.0,53.441487,22934.64,22934.64,30498.664,429.154227,53.441487,106.404873,49787.521,45664.101,53228.125,22729.461,4139.071,15.651,-0.0,71.066908,17.625421,63.049734,9.608247,0.940976,0.005174,0.05385,0.0,0.0,429.154227,30498.664,7.210086,12.901744,12922.836,1500.071,10684.734,24738.954,64.983,-22729.461,-4260.8,13.324,400,2,deterministic_robust_shortlist_full_paths,True,variance_game_shapley_common_random_numbers,167.247206571924,0.0,0.885427418,0.038996449,0.075576132,148.085262328454,6.522047221438,12.639897022032,34.344539
POSCO_KR,POSCO,KR,34.537,69.84605,DISCLOSED_PATH,DISCLOSED_PATH,PORT-8826D0B469EE,CAND-C9724A8933A429,P1,PORT-8826D0B469EE,429.154227,27787.608,64.749702,True,True,,0.0,2.0275124185786808e-05,True,True,True,True,,0.0,0.0,0.0,3,3,0.459336608,0.65,2.02,P1,지연·현물조달,False,27588.0,2037,9270.0,66.629382,28594.281,28594.281,36594.27,429.154227,66.629382,102.878103,46563.427,44150.573,52150.562,15556.292,2428.744,15.89,0.0,85.270673,18.641291,72.251729,5.622347,0.917329,0.007839,0.074832,0.0,0.0,429.154227,36594.27,8.651128,15.480346,12293.245,1500.071,10341.576,22409.519,0.0,-15556.292,-2390.523,-3.315,400,3,deterministic_robust_shortlist_full_paths,True,variance_game_shapley_common_random_numbers,188.928010100446,0.0,0.853452413,0.048495886,0.098051702,161.241066031584,9.162231160986,18.524712907876,57.23387
POSCO_KR,POSCO,KR,34.537,69.84605,ACCELERATED_15C,DISCLOSED_PATH,PORT-8826D0B469EE,CAND-C9724A8933A429,P1,PORT-8826D0B469EE,429.154227,22967.067,53.517047,True,True,,0.0,2.0275124185786808e-05,True,True,True,True,,0.0,0.0,0.0,3,3,0.459336608,0.65,2.02,P1,지연·현물조달,False,27588.0,2037,9270.0,55.463535,23802.411,23802.411,32646.218,429.154227,55.463535,108.426921,49849.181,46531.872,55375.679,22729.461,3293.234,-24.075,-0.0,76.071063,20.607527,63.193411,7.729876,0.944928,0.005103,0.049969,0.0,0.0,429.154227,32646.218,7.717782,13.810216,12256.374,1500.071,11023.161,25013.178,0.0,-22729.461,-3232.5,-28.413,400,3,deterministic_robust_shortlist_full_paths,True,variance_game_shapley_common_random_numbers,227.601301703958,0.0,0.889976128,0.038695396,0.071328476,202.559725213364,8.807122537233,16.234453953362,36.366587
POSCO_KR,POSCO,KR,34.537,69.84605,DISCLOSED_PATH,DISCLOSED_PATH,PORT-96133A6427FE,CAND-921D50D4015721,P3,PORT-96133A6427FE,430.20423,28331.133,65.855078,True,True,,0.0,2.0275124185786808e-05,True,True,True,True,,0.0,0.0,0.0,2,3,0.45933660799999987,0.65,2.02,P3,균형형 라이트헤지,False,26602.0,2037,9270.0,67.552486,29061.365,29061.365,34380.566,430.20423,67.552486,103.809537,48532.775,44659.302,49978.503,15597.937,3961.169,87.696,-0.0,79.916847,12.364362,76.556286,9.003801,0.91327,0.008671,0.078059,0.0,0.0,430.20423,34380.566,8.127793,14.543891,11708.38,1534.895,9935.556,25088.499,197.705,-15597.937,-3831.189,25.456,400,4,deterministic_robust_shortlist_full_paths,True,variance_game_shapley_common_random_numbers,88.339016300534,0.0,0.843207644,0.052077351,0.104715005,74.488133828655,4.600461948044,9.250420523835,58.156974
POSCO_KR,POSCO,KR,34.537,69.84605,ACCELERATED_15C,DISCLOSED_PATH,PORT-96133A6427FE,CAND-921D50D4015721,P3,PORT-96133A6427FE,430.20423,22859.063,53.135375,True,True,,0.0,2.0275124185786808e-05,True,True,True,True,,0.0,0.0,0.0,2,3,0.45933660799999987,0.65,2.02,P3,균형형 라이트헤지,False,26602.0,2037,9270.0,55.105878,23706.782,23706.782,29220.782,430.20423,55.105878,108.065519,51891.073,46490.243,52004.243,22783.461,5511.553,110.723,0.0,67.923046,12.817168,67.659985,12.554106,0.938133,0.005691,0.056176,0.0,0.0,430.20423,29220.782,6.907986,12.361166,12963.88,1534.895,10456.596,26936.523,210.636,-22783.461,-5633.943,21.657,400,4,deterministic_robust_shortlist_full_paths,True,variance_game_shapley_common_random_numbers,99.447728122896,0.0,0.876977452,0.041702046,0.081320502,87.213415203093,4.147173762366,8.087139157437,36.00893
POSCO_KR,POSCO,KR,34.537,69.84605,DISCLOSED_PATH,DISCLOSED_PATH,PORT-96133A6427FE,CAND-4EF614D30D6D91,P2,PORT-96133A6427FE,430.20423,29134.516,67.722522,True,True,,0.0,2.0275124185786808e-05,True,True,True,True,,0.0,0.0,0.0,2,3,0.45933660799999987,0.65,2.02,P2,지연·부분헤지,False,26602.0,2037,9270.0,69.856352,30052.498,30052.498,36688.836,430.20423,69.856352,106.113403,48563.143,45650.435,52286.772,15597.937,2990.576,77.868,0.0,85.282368,15.426016,76.626876,6.770524,0.915249,0.008765,0.075986,0.0,0.0,430.20423,36688.836,8.673484,15.52035,11648.126,1534.895,10060.985,25157.454,62.708,-15597.937,-2851.524,37.791,400,5,deterministic_robust_shortlist_full_paths,True,variance_game_shapley_common_random_numbers,137.399184366844,0.0,0.845110443,0.052370973,0.102518583,116.117485636245,7.195728975368,14.085969755231,60.46084
POSCO_KR,POSCO,KR,34.537,69.84605,ACCELERATED_15C,DISCLOSED_PATH,PORT-96133A6427FE,CAND-4EF614D30D6D91,P2,PORT-96133A6427FE,430.20423,24083.473,55.981487,True,True,,0.0,2.0275124185786808e-05,True,True,True,True,,0.0,0.0,0.0,2,3,0.45933660799999987,0.65,2.02,P2,지연·부분헤지,False,26602.0,2037,9270.0,58.504645,25168.946,25168.946,32150.981,430.20423,58.504645,111.464286,51917.117,47952.407,54934.442,22783.461,4129.124,164.414,0.0,74.734227,16.229582,67.720524,9.215879,0.941434,0.00582,0.052746,0.0,0.0,430.20423,32150.981,7.600705,13.600717,11648.126,1534.895,11207.851,27432.022,66.478,-22783.461,-3928.45,-8.514,400,5,deterministic_robust_shortlist_full_paths,True,variance_game_shapley_common_random_numbers,160.253066659151,-0.0,0.880397383,0.042175655,0.077426961,141.086380581671,6.758778128934,12.407907948545,39.407697
POSCO_KR,POSCO,KR,34.537,69.84605,DISCLOSED_PATH,DISCLOSED_PATH,PORT-96133A6427FE,CAND-44C957BBFA61A4,P1,PORT-96133A6427FE,430.20423,29693.364,69.021552,True,True,,0.0,2.0275124185786808e-05,True,True,True,True,,0.0,0.0,0.0,2,3,0.45933660799999987,0.65,2.02,P1,지연·현물조달,False,26602.0,2037,9270.0,71.556656,30783.976,30783.976,38419.844,430.20423,71.556656,107.813708,48616.164,46381.913,54017.781,15597.937,2343.481,109.23,0.0,89.306057,17.749401,76.750121,5.193465,0.91927,0.008592,0.072139,0.0,0.0,430.20423,38419.844,9.082705,16.252613,11607.956,1534.895,10186.414,25203.424,0.0,-15597.937,-2196.235,45.459,400,6,deterministic_robust_shortlist_full_paths,True,variance_game_shapley_common_random_numbers,182.72060462591,0.0,0.849621005,0.051808608,0.098570387,155.243263768994,9.466500173724,18.010840683192,62.161144
POSCO_KR,POSCO,KR,34.537,69.84605,ACCELERATED_15C,DISCLOSED_PATH,PORT-96133A6427FE,CAND-44C957BBFA61A4,P1,PORT-96133A6427FE,430.20423,24922.922,57.932769,True,True,,0.0,2.0275124185786808e-05,True,True,True,True,,0.0,0.0,0.0,2,3,0.45933660799999987,0.65,2.02,P1,지연·현물조달,False,26602.0,2037,9270.0,60.999508,26242.246,26242.246,34321.174,430.20423,60.999508,113.959148,51991.569,49025.708,57104.636,22783.461,3174.268,208.407,0.0,79.778793,18.779286,67.893586,6.894079,0.945332,0.005738,0.04893,0.0,0.0,430.20423,34321.174,8.113753,14.518767,10414.73,1534.895,11158.627,28608.349,0.0,-22783.461,-2705.418,14.526,400,6,deterministic_robust_shortlist_full_paths,True,variance_game_shapley_common_random_numbers,218.077441872566,-0.0,0.885001558,0.041837998,0.073160443,192.998875857154,9.123923673575,15.954642341837,41.90256
POSCO_KR,POSCO,KR,34.537,69.84605,DISCLOSED_PATH,DISCLOSED_PATH,PORT-0E469489028A,CAND-2F5D03A613EDBE,P1,PORT-0E469489028A,261.543846,2124.876,8.124359,True,True,,0.0,2.0275124185786808e-05,True,True,True,True,,0.0,0.0,0.0,2,3,0.2589598719999999,0.65,0.7399999999999999,P1,지연·현물조달,False,15097.0,2035,5768.0,9.395512,2457.338,2457.338,4010.832,261.543846,9.395512,45.673051,12689.724,11945.505,13498.999,9488.167,703.184,-41.035,0.0,15.335219,5.939707,12.240994,2.845482,0.71116,0.0,0.28884,0.0,0.0,261.543846,4010.832,0.948187,1.696688,5434.845,901.658,6340.897,0.0,0.0,-9488.167,-731.352,-0.543,400,7,deterministic_robust_shortlist_full_paths,True,variance_game_shapley_common_random_numbers,24.280669186647,0.0,0.688918379,0.0,0.311081621,16.727399253004,0.0,7.553269933643,0.0
POSCO_KR,POSCO,KR,34.537,69.84605,ACCELERATED_15C,DISCLOSED_PATH,PORT-0E469489028A,CAND-2F5D03A613EDBE,P1,PORT-0E469489028A,261.543846,-1733.653,-6.628536,False,False,2035,19.084092670000008,-19.084092670000008,True,True,True,True,,0.0,0.0,0.0,2,3,0.2589598719999999,0.65,0.7399999999999999,P1,지연·현물조달,False,15097.0,2035,5768.0,-5.268463,-1377.934,-1377.934,326.063,261.543846,-5.268463,47.528218,13382.042,12430.713,14134.71,13808.647,938.57,-12.759,0.0,1.246684,6.515148,-1.631105,3.637358,0.773136,0.0,0.226864,0.0,0.0,261.543846,326.063,0.077083,0.137933,5248.49,901.658,7215.708,0.0,0.0,-13808.647,-941.125,5.982,400,7,deterministic_robust_shortlist_full_paths,True,variance_game_shapley_common_random_numbers,27.466970500291,0.0,0.746701598,0.0,0.253298402,20.509630752771,0.0,6.95733974752,-24.365411
POSCO_KR,POSCO,KR,34.537,69.84605,DISCLOSED_PATH,DISCLOSED_PATH,PORT-41705C04BF44,CAND-63781C106D5099,P1,PORT-41705C04BF44,234.011233,2160.761,9.233578,True,True,,0.0,2.0275124185786808e-05,True,True,True,True,,0.0,0.0,0.0,2,3,0.2589598719999999,0.65,0.7399999999999999,P1,지연·현물조달,False,15097.0,2037,5768.0,10.595554,2479.479,2479.479,3912.856,234.011233,10.595554,46.812177,11623.995,10954.575,12387.953,8475.096,671.089,1.669,-0.0,16.720806,6.125251,13.456187,2.860632,0.668381,0.0,0.331619,0.0,0.0,234.011233,3912.856,0.925025,1.655242,3614.687,847.521,6952.475,0.0,0.0,-8475.096,-480.029,19.922,400,8,deterministic_robust_shortlist_full_paths,True,variance_game_shapley_common_random_numbers,24.86220254746,0.0,0.646998117,0.0,0.353001883,16.085798243337,0.0,8.776404304124,1.200042
POSCO_KR,POSCO,KR,34.537,69.84605,ACCELERATED_15C,DISCLOSED_PATH,PORT-41705C04BF44,CAND-63781C106D5099,P1,PORT-41705C04BF44,234.011233,-1300.659,-5.558105,False,False,2035,19.079746585000006,-19.079746585000006,True,True,True,True,,0.0,0.0,0.0,2,3,0.2589598719999999,0.65,0.7399999999999999,P1,지연·현물조달,False,15097.0,2037,5768.0,-4.099373,-959.299,-959.299,567.013,234.011233,-4.099373,48.559007,12257.139,11363.353,12889.665,12322.652,895.828,2.042,-0.0,2.423015,6.522388,-0.27996,3.819413,0.735874,0.0,0.264126,0.0,0.0,234.011233,567.013,0.134046,0.239861,5174.801,847.521,6289.466,0.0,0.0,-12322.652,-931.735,-16.7,400,8,deterministic_robust_shortlist_full_paths,True,variance_game_shapley_common_random_numbers,27.76030351922,0.0,0.707915006,0.0,0.292084994,19.651935444232,0.0,8.108368074988,-23.196321
POSCO_KR,POSCO,KR,34.537,69.84605,DISCLOSED_PATH,DISCLOSED_PATH,PORT-7ED23B40E316,CAND-466C04961ED513,P2,PORT-7ED23B40E316,414.904229,13064.613,31.488261,True,False,,0.0,2.0275124185786808e-05,False,False,True,True,2035,4.530597659999998,0.0,0.0,2,3,0.3934020479999999,0.65,1.54,P2,지연·부분헤지,False,24086.0,2037,9270.0,32.661193,13551.267,13551.267,17851.352,414.904229,32.661193,68.911807,30744.563,28591.8,32891.885,15040.533,2052.604,-100.16,-0.0,43.025236,10.364043,37.849772,5.188579,0.849424,0.003571,0.147005,0.0,0.0,414.904229,17851.352,4.220178,7.551595,10626.948,1294.893,10224.751,8518.789,43.918,-15040.533,-2111.654,-5.845,400,9,deterministic_robust_shortlist_full_paths,True,variance_game_shapley_common_random_numbers,56.760982992838,0.0,0.797750854,0.030992758,0.171256388,45.281122682726,1.759179406841,9.720680903271,23.265681
POSCO_KR,POSCO,KR,34.537,69.84605,ACCELERATED_15C,DISCLOSED_PATH,PORT-7ED23B40E316,CAND-466C04961ED513,P2,PORT-7ED23B40E316,414.904229,7402.041,17.84036,True,True,,0.0,2.0275124185786808e-05,True,True,True,True,,0.0,0.0,0.0,2,3,0.3934020479999999,0.65,1.54,P2,지연·부분헤지,False,24086.0,2037,9270.0,19.096948,7923.404,7923.404,12557.111,414.904229,19.096948,72.04518,32702.666,29891.85,34525.556,21968.445,2780.518,-30.299,-0.0,30.265083,11.168135,25.871563,6.774616,0.892958,0.00232,0.104722,0.0,0.0,414.904229,12557.111,2.968584,5.311991,10081.407,1294.893,11385.575,9765.153,46.468,-21968.445,-2676.26,-5.385,400,9,deterministic_robust_shortlist_full_paths,True,variance_game_shapley_common_random_numbers,66.301541185048,0.0,0.84509441,0.024944654,0.129960936,56.031061833016,1.653869004899,8.616610347133,0.0
POSCO_KR,POSCO,KR,34.537,69.84605,DISCLOSED_PATH,DISCLOSED_PATH,PORT-7ED23B40E316,CAND-7BC738434560A6,P1,PORT-7ED23B40E316,414.904229,13238.755,31.907979,True,False,,0.0,2.0275124185786808e-05,False,False,True,True,2035,4.530597659999998,0.0,0.0,2,3,0.3934020479999999,0.65,1.54,P1,지연·현물조달,False,24086.0,2037,9270.0,33.297757,13815.38,13815.38,18823.221,414.904229,33.297757,69.548371,30812.08,28855.913,33863.754,15040.533,1827.208,-128.959,-0.0,45.36763,12.069872,38.012501,4.714744,0.857715,0.003482,0.138804,0.0,0.0,414.904229,18823.221,4.449934,7.962722,10675.33,1294.893,10301.183,8492.966,0.0,-15040.533,-1909.471,1.011,400,10,deterministic_robust_shortlist_full_paths,True,variance_game_shapley_common_random_numbers,75.91284297029,0.0,0.80580672,0.030577032,0.163616248,61.171078996242,2.321189422771,12.420574551277,23.902245
POSCO_KR,POSCO,KR,34.537,69.84605,ACCELERATED_15C,DISCLOSED_PATH,PORT-7ED23B40E316,CAND-7BC738434560A6,P1,PORT-7ED23B40E316,414.904229,7673.246,18.494018,True,True,,0.0,2.0275124185786808e-05,True,True,True,True,,0.0,0.0,0.0,2,3,0.3934020479999999,0.65,1.54,P1,지연·현물조달,False,24086.0,2037,9270.0,19.970709,8285.932,8285.932,13621.858,414.904229,19.970709,72.918941,32760.277,30254.377,35590.304,21968.445,2464.959,-40.94,0.0,32.831331,12.860622,26.010415,6.039706,0.900473,0.00229,0.097237,0.0,0.0,414.904229,13621.858,3.220297,5.762407,10061.596,1294.893,11468.847,9781.581,0.0,-21968.445,-2341.678,-10.862,400,10,deterministic_robust_shortlist_full_paths,True,variance_game_shapley_common_random_numbers,90.149225907702,-0.0,0.852767847,0.024781328,0.122450825,76.876361253641,2.234017536384,11.038847117677,0.873761
NIPPON_STEEL_JP,Nippon Steel,JP,34.3,72.6,DISCLOSED_PATH,DISCLOSED_PATH,PORT-6742936593A9,CAND-7400D0EA735D98,P3,PORT-6742936593A9,454.753949,36270.549,79.758623,True,True,,0.0,3.446647212967946e-06,True,True,True,True,,0.0,0.0,0.0,2,2,0.47641018879999986,0.65,2.16,P3,균형형 라이트헤지,False,29348.0,2034,8019.0,82.008403,37293.645,37293.645,44140.639,454.753949,82.008403,117.017885,58933.252,53214.345,60061.339,15920.7,5725.936,7.029,-0.0,97.064883,15.05648,94.58423,12.575826,0.956084,0.003107,0.040809,0.0,0.0,454.753949,44140.639,4.490574,8.224024,13236.166,1232.202,16146.506,28013.542,242.595,-15920.7,-5668.058,11.392,400,1,deterministic_robust_shortlist_full_paths,True,variance_game_shapley_common_random_numbers,134.210843358645,0.0,0.908701263,0.030074664,0.061224073,121.957562882523,4.036346048904,8.216934427218,58.94396
NIPPON_STEEL_JP,Nippon Steel,JP,34.3,72.6,ACCELERATED_15C,DISCLOSED_PATH,PORT-6742936593A9,CAND-7400D0EA735D98,P3,PORT-6742936593A9,454.753949,31092.014,68.371069,True,True,,0.0,3.446647212967946e-06,True,True,True,True,,0.0,0.0,0.0,2,2,0.47641018879999986,0.65,2.16,P3,균형형 라이트헤지,False,29348.0,2034,8019.0,70.830563,32210.478,32210.478,39470.451,454.753949,70.830563,122.489557,63213.448,55702.61,62962.582,23492.132,7518.649,7.81,0.0,86.795179,15.964616,87.346832,16.516269,0.968435,0.002007,0.029558,0.0,0.0,454.753949,39470.451,4.01546,7.353902,11115.156,1232.202,18191.114,31837.889,259.354,-23492.132,-6933.052,-0.052,400,1,deterministic_robust_shortlist_full_paths,True,variance_game_shapley_common_random_numbers,152.941713744348,-0.0,0.928333857,0.023938012,0.047728132,141.980971012093,3.661120502781,7.299622229474,36.099522
NIPPON_STEEL_JP,Nippon Steel,JP,34.3,72.6,DISCLOSED_PATH,DISCLOSED_PATH,PORT-6742936593A9,CAND-F6184286A4322F,P2,PORT-6742936593A9,454.753949,37375.086,82.187491,True,True,,0.0,3.446647212967946e-06,True,True,True,True,,0.0,0.0,0.0,2,2,0.47641018879999986,0.65,2.16,P2,지연·부분헤지,False,29348.0,2034,8019.0,84.998052,38653.2,38653.2,47247.063,454.753949,84.998052,120.007534,59009.017,54573.9,63167.763,15920.7,4419.786,-15.331,-0.0,103.895882,18.89783,94.750836,9.752784,0.957616,0.003125,0.039259,0.0,0.0,454.753949,47247.063,4.806601,8.802794,13512.399,1232.202,16583.05,27601.939,77.272,-15920.7,-4422.578,-10.385,400,2,deterministic_robust_shortlist_full_paths,True,variance_game_shapley_common_random_numbers,211.16775486843,-0.0,0.910438509,0.030149765,0.059411726,192.255255871419,6.366658263888,12.545840733123,61.933609
NIPPON_STEEL_JP,Nippon Steel,JP,34.3,72.6,ACCELERATED_15C,DISCLOSED_PATH,PORT-6742936593A9,CAND-F6184286A4322F,P2,PORT-6742936593A9,454.753949,32776.213,72.074609,True,True,,0.0,3.446647212967946e-06,True,True,True,True,,0.0,0.0,0.0,2,2,0.47641018879999986,0.65,2.16,P2,지연·부분헤지,False,29348.0,2034,8019.0,75.161988,34180.211,34180.211,43490.825,454.753949,75.161988,126.820982,63296.133,57672.343,66982.957,23492.132,5634.799,11.008,0.0,95.635948,20.47396,87.528656,12.366668,0.970422,0.002057,0.02752,0.0,0.0,454.753949,43490.825,4.424467,8.102954,14912.287,1232.202,18283.118,29202.056,82.225,-23492.132,-6050.761,11.217,400,2,deterministic_robust_shortlist_full_paths,True,variance_game_shapley_common_random_numbers,248.594123821208,-0.0,0.930604524,0.024223226,0.04517225,231.342816196179,6.021751650677,11.229555974352,40.430947
NIPPON_STEEL_JP,Nippon Steel,JP,34.3,72.6,DISCLOSED_PATH,DISCLOSED_PATH,PORT-6742936593A9,CAND-18F73BD54A9F34,P1,PORT-6742936593A9,454.753949,38138.549,83.866339,True,True,,0.0,3.446647212967946e-06,True,True,True,True,,0.0,0.0,0.0,2,2,0.47641018879999986,0.65,2.16,P1,지연·현물조달,False,29348.0,2034,8019.0,87.177523,39644.323,39644.323,49600.116,454.753949,87.177523,122.187005,59154.65,55565.023,65520.816,15920.7,3533.191,-56.436,0.0,109.070226,21.892702,95.071082,7.893559,0.96017,0.003036,0.036794,0.0,0.0,454.753949,49600.116,5.045985,9.241201,13560.586,1232.202,16742.254,27613.566,0.0,-15920.7,-3572.17,-11.416,400,3,deterministic_robust_shortlist_full_paths,True,variance_game_shapley_common_random_numbers,284.594751660701,-0.0,0.913706036,0.029681733,0.056612231,260.035942366593,8.447265468078,16.111543826029,64.11308
NIPPON_STEEL_JP,Nippon Steel,JP,34.3,72.6,ACCELERATED_15C,DISCLOSED_PATH,PORT-6742936593A9,CAND-18F73BD54A9F34,P1,PORT-6742936593A9,454.753949,33926.565,74.604223,True,True,,0.0,3.446647212967946e-06,True,True,True,True,,0.0,0.0,0.0,2,2,0.47641018879999986,0.65,2.16,P1,지연·현물조달,False,29348.0,2034,8019.0,78.149773,35538.918,35538.918,46522.373,454.753949,78.149773,129.808767,63395.505,59031.049,70014.504,23492.132,4330.356,-34.1,0.0,102.302295,24.152523,87.747174,9.597401,0.972735,0.002019,0.025247,0.0,0.0,454.753949,46522.373,4.732876,8.667775,15135.46,1232.202,18458.017,29109.747,0.0,-23492.132,-4902.705,-1.671,400,3,deterministic_robust_shortlist_full_paths,True,variance_game_shapley_common_random_numbers,342.302539104865,-0.0,0.93366056,0.02396377,0.04237567,319.594380264493,8.202859324434,14.505299515939,43.418732
NIPPON_STEEL_JP,Nippon Steel,JP,34.3,72.6,DISCLOSED_PATH,DISCLOSED_PATH,PORT-9E76B3BFF9FF,CAND-EBD30C485CEFDA,P2,PORT-9E76B3BFF9FF,456.103943,40161.86,88.054182,True,True,,0.0,3.446647212967946e-06,True,True,True,True,,0.0,0.0,0.0,2,2,0.47641018879999986,0.65,2.16,P2,지연·부분헤지,False,28936.6,2032,6930.0,91.341827,41661.368,41661.368,50462.138,456.103943,91.341827,126.353377,62230.673,57630.273,66431.044,15968.906,4487.497,-112.902,0.0,110.637364,19.295537,101.428123,10.086296,0.958634,0.003427,0.03794,0.0,0.0,456.103943,50462.138,5.133681,9.401808,14802.216,1264.395,16100.048,30267.599,80.025,-15968.906,-4879.172,-4.838,400,4,deterministic_robust_shortlist_full_paths,True,variance_game_shapley_common_random_numbers,217.523314414293,0.0,0.908729021,0.032055013,0.059215965,197.669748648565,6.972712747365,12.880853018363,68.277384
NIPPON_STEEL_JP,Nippon Steel,JP,34.3,72.6,ACCELERATED_15C,DISCLOSED_PATH,PORT-9E76B3BFF9FF,CAND-EBD30C485CEFDA,P2,PORT-9E76B3BFF9FF,456.103943,35619.4,78.094918,True,True,,0.0,3.446647212967946e-06,True,True,True,True,,0.0,0.0,0.0,2,2,0.47641018879999986,0.65,2.16,P2,지연·부분헤지,False,28936.6,2032,6930.0,81.512461,37178.155,37178.155,46735.711,456.103943,81.512461,133.165869,66598.861,60737.478,70295.034,23559.323,5762.313,-99.07,0.0,102.467237,20.954776,94.363441,12.85098,0.970922,0.0023,0.026778,0.0,0.0,456.103943,46735.711,4.75458,8.707522,10703.782,1264.395,17884.214,35758.835,85.094,-23559.323,-4969.522,10.681,400,4,deterministic_robust_shortlist_full_paths,True,variance_game_shapley_common_random_numbers,254.414710572599,0.0,0.928586975,0.025972331,0.045440694,236.246186421072,6.607743040123,11.560781111404,46.78142
NIPPON_STEEL_JP,Nippon Steel,JP,34.3,72.6,DISCLOSED_PATH,DISCLOSED_PATH,PORT-9E76B3BFF9FF,CAND-C1AAA9A0078119,P1,PORT-9E76B3BFF9FF,456.103943,41012.769,89.919787,True,True,,0.0,3.446647212967946e-06,True,True,True,True,,0.0,0.0,0.0,2,2,0.47641018879999986,0.65,2.16,P1,지연·현물조달,False,28936.6,2032,6930.0,93.736208,42753.454,42753.454,52987.558,456.103943,93.736208,128.747758,62373.87,58722.36,68956.464,15968.906,3521.798,-129.712,0.0,116.174305,22.438096,101.74208,8.005872,0.961125,0.003328,0.035546,0.0,0.0,456.103943,52987.558,5.390601,9.87233,15020.547,1264.395,16189.57,30239.026,0.0,-15968.906,-3995.552,4.375,400,5,deterministic_robust_shortlist_full_paths,True,variance_game_shapley_common_random_numbers,293.178587637865,0.0,0.912033656,0.031550769,0.056415575,267.388739231312,9.25000993336,16.539838473192,70.671765
NIPPON_STEEL_JP,Nippon Steel,JP,34.3,72.6,ACCELERATED_15C,DISCLOSED_PATH,PORT-9E76B3BFF9FF,CAND-C1AAA9A0078119,P1,PORT-9E76B3BFF9FF,456.103943,36907.411,80.918861,True,True,,0.0,3.446647212967946e-06,True,True,True,True,,0.0,0.0,0.0,2,2,0.47641018879999986,0.65,2.16,P1,지연·현물조달,False,28936.6,2032,6930.0,85.026854,38781.083,38781.083,50006.243,456.103943,85.026854,136.680263,66762.627,62340.407,73565.567,23559.323,4314.36,-107.86,-0.0,109.637823,24.610969,94.722495,9.695641,0.973184,0.002256,0.02456,0.0,0.0,456.103943,50006.243,5.087302,9.316869,14818.007,1264.395,18737.233,32302.593,0.0,-23559.323,-4790.683,8.863,400,5,deterministic_robust_shortlist_full_paths,True,variance_game_shapley_common_random_numbers,350.34716557309,-0.0,0.931669465,0.025689099,0.042641436,326.407756473008,9.0001029465,14.939306153582,50.295813
NIPPON_STEEL_JP,Nippon Steel,JP,34.3,72.6,DISCLOSED_PATH,DISCLOSED_PATH,PORT-00B029BF7478,CAND-EF9F86F64A1C2A,P3,PORT-00B029BF7478,459.478949,42624.951,92.768018,True,True,,0.0,3.446647212967946e-06,True,True,True,True,,0.0,0.0,0.0,2,2,0.5333221247999997,0.65,2.6399999999999997,P3,균형형 라이트헤지,False,32153.0,2034,8019.0,95.197369,43741.187,43741.187,51606.011,459.478949,95.197369,130.203082,66305.775,59825.575,67690.399,16084.388,6601.397,121.197,0.0,112.314201,17.116831,109.300735,14.103366,0.958919,0.003485,0.037597,0.0,0.0,459.478949,51606.011,5.250051,9.614928,14120.352,1294.782,16113.674,34488.969,271.931,-16084.388,-6455.606,-8.528,400,6,deterministic_robust_shortlist_full_paths,True,variance_game_shapley_common_random_numbers,172.722094233103,-0.0,0.909797253,0.031800164,0.058402582,157.142086932946,5.492590986673,10.087416313484,72.132926
NIPPON_STEEL_JP,Nippon Steel,JP,34.3,72.6,ACCELERATED_15C,DISCLOSED_PATH,PORT-00B029BF7478,CAND-EF9F86F64A1C2A,P3,PORT-00B029BF7478,459.478949,37612.255,81.858493,True,True,,0.0,3.446647212967946e-06,True,True,True,True,,0.0,0.0,0.0,2,2,0.5333221247999997,0.65,2.6399999999999997,P3,균형형 라이트헤지,False,32153.0,2034,8019.0,84.449038,38802.555,38802.555,47110.436,459.478949,84.449038,136.110039,71238.082,62539.698,70847.579,23737.143,8769.417,71.033,-0.0,102.53013,18.081092,103.380012,18.930974,0.97075,0.002243,0.027007,0.0,0.0,459.478949,47110.436,4.792702,8.777339,14368.606,1294.782,18490.633,36778.599,290.94,-23737.143,-8663.928,-19.935,400,6,deterministic_robust_shortlist_full_paths,True,variance_game_shapley_common_random_numbers,196.248164571683,0.0,0.929420136,0.025249756,0.045330108,182.396995814433,4.955218288076,8.895950469174,49.717997
NIPPON_STEEL_JP,Nippon Steel,JP,34.3,72.6,DISCLOSED_PATH,DISCLOSED_PATH,PORT-7DCD4991144C,CAND-FCEB78D7C5F4C6,P1,PORT-7DCD4991144C,313.643967,6683.267,21.30845,True,True,,0.0,3.446647212967946e-06,True,True,True,True,,0.0,0.0,0.0,2,2,0.28236113919999994,0.65,0.88,P1,지연·현물조달,False,19427.1,2029,6160.0,23.064443,7234.024,7234.024,10074.611,313.643967,23.064443,58.039968,19927.19,18203.886,21044.474,10969.862,1697.272,-26.032,0.0,32.12117,9.056727,28.558902,5.494458,0.85491,0.0,0.14509,0.0,0.0,313.643967,10074.611,1.024924,1.877042,7095.083,721.269,12032.255,0.0,0.0,-10969.862,-1649.501,4.779,400,7,deterministic_robust_shortlist_full_paths,True,variance_game_shapley_common_random_numbers,45.91517887681,0.0,0.82202633,0.0,0.17797367,37.743485981898,0.0,8.171692894912,0.0
NIPPON_STEEL_JP,Nippon Steel,JP,34.3,72.6,ACCELERATED_15C,DISCLOSED_PATH,PORT-7DCD4991144C,CAND-FCEB78D7C5F4C6,P1,PORT-7DCD4991144C,313.643967,2332.517,7.43683,False,False,2035,14.544997934999998,-14.544997934999998,True,True,True,True,,0.0,0.0,0.0,2,2,0.28236113919999994,0.65,0.88,P1,지연·현물조달,False,19427.1,2029,6160.0,9.297291,2916.039,2916.039,5931.084,313.643967,9.297291,60.766518,21105.85,19059.052,22074.096,16143.013,2036.726,-10.072,-0.0,18.910243,9.612952,15.823155,6.525864,0.890625,0.0,0.109375,0.0,0.0,313.643967,5931.084,0.603389,1.105045,7539.464,721.269,12901.288,0.0,0.0,-16143.013,-2108.549,5.58,400,7,deterministic_robust_shortlist_full_paths,True,variance_game_shapley_common_random_numbers,53.027670790114,-0.0,0.8585743,0.0,0.1414257,45.528195346714,0.0,7.4994754434,-25.43375
NIPPON_STEEL_JP,Nippon Steel,JP,34.3,72.6,DISCLOSED_PATH,DISCLOSED_PATH,PORT-5CFD50239439,CAND-87B9435721978E,P1,PORT-5CFD50239439,321.473932,6865.237,21.355503,True,True,,0.0,3.446647212967946e-06,True,True,True,True,,0.0,0.0,0.0,2,2,0.28236113919999994,0.65,0.88,P1,지연·현물조달,False,19052.0,2029,6160.0,23.168902,7448.198,7448.198,10451.872,321.473932,23.168902,58.162273,20487.496,18697.655,21701.329,11249.456,1683.54,-106.302,0.0,32.512348,9.343445,28.736513,5.567611,0.858892,0.0,0.141108,0.0,0.0,321.473932,10451.872,1.063304,1.947331,6820.537,744.264,12714.125,0.0,0.0,-11249.456,-1587.624,6.353,400,8,deterministic_robust_shortlist_full_paths,True,variance_game_shapley_common_random_numbers,46.569600899919,-0.0,0.828349817,0.0,0.171650183,38.575920367475,0.0,7.993680532445,0.104459
NIPPON_STEEL_JP,Nippon Steel,JP,34.3,72.6,ACCELERATED_15C,DISCLOSED_PATH,PORT-5CFD50239439,CAND-87B9435721978E,P1,PORT-5CFD50239439,321.473932,2434.553,7.573095,False,False,2035,15.995002139999997,-15.995002139999997,True,True,True,True,,0.0,0.0,0.0,2,2,0.28236113919999994,0.65,0.88,P1,지연·현물조달,False,19052.0,2029,6160.0,9.446069,3036.665,3036.665,6131.51,321.473932,9.446069,60.873953,21642.73,19569.389,22664.234,16532.724,2020.248,-53.093,-0.0,19.073118,9.627049,15.895552,6.449483,0.893291,0.0,0.106709,0.0,0.0,321.473932,6131.51,0.623779,1.142387,7385.645,744.264,13503.061,0.0,0.0,-16532.724,-2061.404,-2.177,400,8,deterministic_robust_shortlist_full_paths,True,variance_game_shapley_common_random_numbers,53.601101466365,0.0,0.863539443,0.0,0.136460557,46.286665311523,0.0,7.314436154842,-25.284972
NIPPON_STEEL_JP,Nippon Steel,JP,34.3,72.6,DISCLOSED_PATH,DISCLOSED_PATH,PORT-160DD6C4A97F,CAND-97FAAFFD87E907,P1,PORT-160DD6C4A97F,442.153947,19641.24,44.421722,True,False,,0.0,3.446647212967946e-06,False,False,True,True,2034,4.469999115000004,0.0,0.0,2,2,0.41255777279999983,0.65,1.68,P1,지연·현물조달,False,26318.6,2036,6237.0,46.617979,20612.323,20612.323,26763.145,442.153947,46.617979,81.624494,39123.022,36090.592,42241.414,15478.269,2945.711,-86.718,-0.0,60.52902,13.911042,53.47629,6.858312,0.927168,0.00106,0.071772,0.0,0.0,442.153947,26763.145,2.722704,4.986352,11552.642,1045.57,17187.307,9294.453,0.0,-15478.269,-2973.128,-16.251,400,9,deterministic_robust_shortlist_full_paths,True,variance_game_shapley_common_random_numbers,111.935932061483,0.0,0.886092818,0.016464389,0.097442794,99.185625467454,1.842956676893,10.907349917136,23.553536
NIPPON_STEEL_JP,Nippon Steel,JP,34.3,72.6,ACCELERATED_15C,DISCLOSED_PATH,PORT-160DD6C4A97F,CAND-97FAAFFD87E907,P1,PORT-160DD6C4A97F,442.153947,14258.889,32.248699,True,True,,0.0,3.446647212967946e-06,True,True,True,True,,0.0,0.0,0.0,2,2,0.41255777279999983,0.65,1.68,P1,지연·현물조달,False,26318.6,2036,6237.0,34.731041,15356.467,15356.467,21813.969,442.153947,34.731041,86.373247,41749.157,38190.272,44647.774,22833.805,3572.703,13.818,0.0,49.335688,14.604646,42.780013,8.048972,0.948618,0.000705,0.050677,0.0,0.0,442.153947,21813.969,2.219208,4.06425,11552.642,1045.57,18981.349,10224.148,0.0,-22833.805,-3607.406,-6.031,400,9,deterministic_robust_shortlist_full_paths,True,variance_game_shapley_common_random_numbers,133.622872821308,0.0,0.912743581,0.013398094,0.073858325,121.963419478936,1.790291752096,9.869161590275,0.0
NIPPON_STEEL_JP,Nippon Steel,JP,34.3,72.6,DISCLOSED_PATH,DISCLOSED_PATH,PORT-0ACD636A8AEE,CAND-32B1C4DEC95227,P3,PORT-0ACD636A8AEE,446.878947,25357.995,56.744663,True,False,,0.0,3.446647212967946e-06,False,False,True,True,2034,3.3599990099999992,0.0,0.0,2,2,0.47641018879999986,0.65,2.16,P3,균형형 라이트헤지,False,29123.6,2038,7425.0,58.105065,25965.93,25965.93,31301.656,446.878947,58.105065,93.107736,46313.636,41607.887,46943.613,15641.957,4686.174,-19.575,0.0,70.045045,11.93998,68.635319,10.530254,0.933311,0.001889,0.0648,0.0,0.0,446.878947,31301.656,3.184422,5.83194,10830.364,1108.15,16517.892,17131.798,197.018,-15641.957,-4237.595,60.26,400,10,deterministic_robust_shortlist_full_paths,True,variance_game_shapley_common_random_numbers,79.981297295298,0.0,0.888057108,0.022466835,0.089476056,71.027959600287,1.796926641587,7.156411053424,35.040622
NIPPON_STEEL_JP,Nippon Steel,JP,34.3,72.6,ACCELERATED_15C,DISCLOSED_PATH,PORT-0ACD636A8AEE,CAND-32B1C4DEC95227,P3,PORT-0ACD636A8AEE,446.878947,19867.245,44.457778,True,True,,0.0,3.446647212967946e-06,True,True,True,True,,0.0,0.0,0.0,2,2,0.47641018879999986,0.65,2.16,P3,균형형 라이트헤지,False,29123.6,2038,7425.0,45.858271,20493.096,20493.096,26303.58,446.878947,45.858271,97.502718,49471.056,43571.912,49382.396,23078.816,5971.648,72.504,0.0,58.860638,13.002367,59.059036,13.200765,0.952444,0.00118,0.046376,0.0,0.0,446.878947,26303.58,2.675951,4.900728,10565.806,1108.15,19574.699,17438.104,210.235,-23078.816,-5312.406,-12.677,400,10,deterministic_robust_shortlist_full_paths,True,variance_game_shapley_common_random_numbers,92.622740519606,0.0,0.913602169,0.01765068,0.068747152,84.620336596088,1.634854338746,6.367549584772,11.12723
JFE_STEEL_JP,JFE Steel,JP,21.95,45.3,DISCLOSED_PATH,DISCLOSED_PATH,PORT-51A2628EF9C2,CAND-E8FAD9BDD034A5,P3,PORT-51A2628EF9C2,328.220861,40363.359,122.976215,True,True,,0.0,1.265341119704999e-05,True,True,True,True,,0.0,0.0,0.0,3,3,0.41232239999999987,0.65,1.78,P3,균형형 라이트헤지,False,20429.2,2033,9930.8,126.043702,41370.172,41370.172,48723.039,328.220861,126.043702,161.08322,58349.935,52870.873,60223.74,11500.701,5498.967,19.905,0.0,148.445894,22.402192,142.736918,16.693216,0.971577,0.00467,0.023753,0.0,0.0,328.220861,48723.039,13.510159,16.866186,10331.15,975.493,10798.797,36044.611,232.76,-11500.701,-5521.817,9.879,400,1,deterministic_robust_shortlist_full_paths,True,variance_game_shapley_common_random_numbers,273.1955405854,-0.0,0.924375408,0.037423601,0.038200991,252.5352392531,10.223961009817,10.436340322483,15.158931
JFE_STEEL_JP,JFE Steel,JP,21.95,45.3,ACCELERATED_15C,DISCLOSED_PATH,PORT-51A2628EF9C2,CAND-E8FAD9BDD034A5,P3,PORT-51A2628EF9C2,328.220861,37182.414,113.284736,True,True,,0.0,1.265341119704999e-05,True,True,True,True,,0.0,0.0,0.0,3,3,0.41232239999999987,0.65,1.78,P3,균형형 라이트헤지,False,20429.2,2033,9930.8,116.573708,38261.923,38261.923,46077.754,328.220861,116.573708,168.248011,62770.048,55222.507,63038.338,16960.584,7539.738,-7.803,0.0,140.386427,23.81272,139.569021,22.995313,0.979724,0.003095,0.017181,0.0,0.0,328.220861,46077.754,12.776662,15.950483,9644.243,975.493,11654.127,40058.513,249.432,-16960.584,-7364.021,4.721,400,1,deterministic_robust_shortlist_full_paths,True,variance_game_shapley_common_random_numbers,306.126946084236,0.0,0.940172023,0.030106242,0.029721736,287.811990058454,9.216331846972,9.098624178811,26.92597
JFE_STEEL_JP,JFE Steel,JP,21.95,45.3,DISCLOSED_PATH,DISCLOSED_PATH,PORT-51A2628EF9C2,CAND-F4B6AD5FB08D71,P2,PORT-51A2628EF9C2,328.220861,41807.514,127.376163,True,True,,0.0,1.265341119704999e-05,True,True,True,True,,0.0,0.0,0.0,3,3,0.41232239999999987,0.65,1.78,P2,지연·부분헤지,False,20429.2,2033,9930.8,131.206652,43064.76,43064.76,52358.793,328.220861,131.206652,166.246171,58423.65,54565.461,63859.494,11500.701,3844.75,-13.439,0.0,159.523051,28.316398,142.961509,11.754856,0.972588,0.004673,0.022738,0.0,0.0,328.220861,52358.793,14.518299,18.124755,11478.414,975.493,10948.89,35285.813,71.146,-11500.701,-4181.248,-13.047,400,2,deterministic_robust_shortlist_full_paths,True,variance_game_shapley_common_random_numbers,432.014262108043,-0.0,0.925637851,0.03741987,0.03694228,399.888753135446,16.165917316398,15.959591656198,20.321881
JFE_STEEL_JP,JFE Steel,JP,21.95,45.3,ACCELERATED_15C,DISCLOSED_PATH,PORT-51A2628EF9C2,CAND-F4B6AD5FB08D71,P2,PORT-51A2628EF9C2,328.220861,39413.198,120.081332,True,True,,0.0,1.265341119704999e-05,True,True,True,True,,0.0,0.0,0.0,3,3,0.41232239999999987,0.65,1.78,P2,지연·부분헤지,False,20429.2,2033,9930.8,124.311085,40801.491,40801.491,50800.958,328.220861,124.311085,175.985388,62840.225,57762.075,67761.542,16960.584,5075.163,-2.987,0.0,154.77675,30.465666,139.782831,15.471746,0.981138,0.003121,0.015741,0.0,0.0,328.220861,50800.958,14.086335,17.585488,9587.07,975.493,11680.616,40304.274,75.909,-16960.584,-4850.609,-10.678,400,2,deterministic_robust_shortlist_full_paths,True,variance_game_shapley_common_random_numbers,505.652272662982,0.0,0.941985249,0.030207759,0.027806991,476.316982170283,15.274622095594,14.060668397106,34.663347
JFE_STEEL_JP,JFE Steel,JP,21.95,45.3,DISCLOSED_PATH,DISCLOSED_PATH,PORT-51A2628EF9C2,CAND-FCDB7C1BD7991A,P1,PORT-51A2628EF9C2,328.220861,42800.358,130.401089,True,True,,0.0,1.265341119704999e-05,True,True,True,True,,0.0,0.0,0.0,3,3,0.41232239999999987,0.65,1.78,P1,지연·현물조달,False,20429.2,2033,9930.8,134.816941,44249.732,44249.732,54979.695,328.220861,134.816941,169.856459,58532.948,55750.433,66480.396,11500.701,2737.629,-44.886,0.0,167.508229,32.691288,143.29451,8.477569,0.973941,0.004577,0.021482,0.0,0.0,328.220861,54979.695,15.245035,19.032019,10500.057,975.493,10939.18,36174.426,0.0,-11500.701,-2849.361,10.638,400,3,deterministic_robust_shortlist_full_paths,True,variance_game_shapley_common_random_numbers,577.923168382939,-0.0,0.927573498,0.036996868,0.035429634,536.066214999867,21.381346976555,20.475606406517,23.93217
JFE_STEEL_JP,JFE Steel,JP,21.95,45.3,ACCELERATED_15C,DISCLOSED_PATH,PORT-51A2628EF9C2,CAND-FCDB7C1BD7991A,P1,PORT-51A2628EF9C2,328.220861,40930.073,124.702838,True,True,,0.0,1.265341119704999e-05,True,True,True,True,,0.0,0.0,0.0,3,3,0.41232239999999987,0.65,1.78,P1,지연·현물조달,False,20429.2,2033,9930.8,129.661562,42557.63,42557.63,54238.333,328.220861,129.661562,181.335865,62950.255,59518.214,71198.917,16960.584,3391.226,-40.815,0.0,165.2495,35.587938,140.118061,10.456498,0.982459,0.003069,0.014472,0.0,0.0,328.220861,54238.333,15.039467,18.775385,9895.36,975.493,12029.295,39946.45,0.0,-16960.584,-3340.58,12.196,400,3,deterministic_robust_shortlist_full_paths,True,variance_game_shapley_common_random_numbers,695.062718141601,0.0,0.943934739,0.029920863,0.026144398,656.093845239869,20.79687648632,18.171996415413,40.013824
JFE_STEEL_JP,JFE Steel,JP,21.95,45.3,DISCLOSED_PATH,DISCLOSED_PATH,PORT-CCD4397FA6D4,CAND-A735954AF09420,P3,PORT-CCD4397FA6D4,281.895878,30284.795,107.432556,True,True,,0.0,1.265341119704999e-05,True,True,True,True,,0.0,0.0,0.0,2,3,0.3119871999999999,0.65,1.1400000000000001,P3,균형형 라이트헤지,False,16139.2,2033,9930.8,110.884771,31257.96,31257.96,36649.002,281.895878,110.884771,145.942134,45200.859,41140.486,46531.528,9882.526,4068.892,8.519,0.0,130.009002,19.124231,125.288574,14.403803,0.968903,0.004431,0.026665,0.0,0.0,281.895878,36649.002,10.162212,12.686583,7858.193,811.996,9496.276,26893.517,179.991,-9882.526,-4132.333,32.846,400,4,deterministic_robust_shortlist_full_paths,True,variance_game_shapley_common_random_numbers,217.029601685224,-0.0,0.924232394,0.036781407,0.038986199,200.585788321116,7.982654192294,8.461159171815,0.0
JFE_STEEL_JP,JFE Steel,JP,21.95,45.3,ACCELERATED_15C,DISCLOSED_PATH,PORT-CCD4397FA6D4,CAND-A735954AF09420,P3,PORT-CCD4397FA6D4,281.895878,27384.963,97.145666,False,False,2040,5.28499579,-5.28499579,True,True,True,True,,0.0,0.0,0.0,2,3,0.3119871999999999,0.65,1.1400000000000001,P3,균형형 라이트헤지,False,16139.2,2033,9930.8,100.577912,28352.499,28352.499,34145.45,281.895878,100.577912,152.172503,48484.039,42896.801,48689.752,14544.302,5563.546,-23.692,0.0,121.12788,20.549967,120.398132,19.820219,0.977466,0.002977,0.019558,0.0,0.0,281.895878,34145.45,9.468015,11.819943,7858.193,811.996,10435.169,29246.629,192.633,-14544.302,-5634.633,-13.186,400,4,deterministic_robust_shortlist_full_paths,True,variance_game_shapley_common_random_numbers,242.312630621062,0.0,0.939719718,0.029839493,0.03044079,227.70595679766,7.230485977716,7.376187845685,10.930174
JFE_STEEL_JP,JFE Steel,JP,21.95,45.3,DISCLOSED_PATH,DISCLOSED_PATH,PORT-CCD4397FA6D4,CAND-0B566F19FFC9A2,P2,PORT-CCD4397FA6D4,281.895878,31362.25,111.25473,True,True,,0.0,1.265341119704999e-05,True,True,True,True,,0.0,0.0,0.0,2,3,0.3119871999999999,0.65,1.1400000000000001,P2,지연·부분헤지,False,16139.2,2033,9930.8,115.665336,32605.581,32605.581,39369.463,281.895878,115.665336,150.722699,45296.496,42488.107,49251.989,9882.526,2842.527,34.138,0.0,139.659591,23.994255,125.627839,9.962504,0.970009,0.004439,0.025552,0.0,0.0,281.895878,39369.463,10.916555,13.62831,8601.959,811.996,9652.667,26479.952,55.271,-9882.526,-3078.731,-35.006,400,5,deterministic_robust_shortlist_full_paths,True,variance_game_shapley_common_random_numbers,342.884416735492,-0.0,0.925522744,0.036801452,0.037675803,317.34732638722,12.618644458539,12.918445889732,4.780565
JFE_STEEL_JP,JFE Steel,JP,21.95,45.3,ACCELERATED_15C,DISCLOSED_PATH,PORT-CCD4397FA6D4,CAND-0B566F19FFC9A2,P2,PORT-CCD4397FA6D4,281.895878,29040.327,103.01792,False,False,2040,5.28499579,-5.28499579,True,True,True,True,,0.0,0.0,0.0,2,3,0.3119871999999999,0.65,1.1400000000000001,P2,지연·부분헤지,False,16139.2,2033,9930.8,107.462127,30293.131,30293.131,37747.767,281.895878,107.462127,159.056718,48546.162,44837.433,52292.069,14544.302,3734.472,25.743,0.0,133.906771,26.444644,120.618505,13.156378,0.979005,0.003013,0.017982,0.0,0.0,281.895878,37747.767,10.466883,13.066937,5749.872,811.996,10303.359,31083.888,58.914,-14544.302,-3167.89,-2.705,400,5,deterministic_robust_shortlist_full_paths,True,variance_game_shapley_common_random_numbers,398.910273461414,-0.0,0.941527541,0.03000328,0.028469179,375.5850087668,11.9686167056,11.356647989014,17.814389
JFE_STEEL_JP,JFE Steel,JP,21.95,45.3,DISCLOSED_PATH,DISCLOSED_PATH,PORT-E5F3D5116135,CAND-FC0AA3F9FE37C6,P3,PORT-E5F3D5116135,321.408363,31315.689,97.432714,True,False,,0.0,1.265341119704999e-05,False,False,True,True,2036,0.004998229999999992,0.0,0.0,2,3,0.3406543999999999,0.65,1.3,P3,균형형 라이트헤지,False,18185.2,2033,9930.8,100.360736,32256.78,32256.78,37872.351,321.408363,100.360736,135.402556,48009.327,43519.514,49135.085,11262.734,4426.924,-62.89,0.0,117.832501,17.471765,114.329922,13.969186,0.96667,0.004026,0.029305,0.0,0.0,321.408363,37872.351,10.501428,13.110063,9419.929,880.119,11074.019,26469.529,192.832,-11262.734,-4537.48,20.566,400,6,deterministic_robust_shortlist_full_paths,True,variance_game_shapley_common_random_numbers,184.289982283101,0.0,0.920698786,0.035084462,0.044216752,169.675562903897,6.465714961953,8.148704417251,-10.524035
JFE_STEEL_JP,JFE Steel,JP,21.95,45.3,ACCELERATED_15C,DISCLOSED_PATH,PORT-E5F3D5116135,CAND-FC0AA3F9FE37C6,P3,PORT-E5F3D5116135,321.408363,27857.175,86.672217,True,True,,0.0,1.265341119704999e-05,True,True,True,True,,0.0,0.0,0.0,2,3,0.3406543999999999,0.65,1.3,P3,균형형 라이트헤지,False,18185.2,2033,9930.8,89.647738,28813.533,28813.533,34888.398,321.408363,89.647738,141.31176,51419.274,45418.781,51493.647,16605.249,5970.484,-30.009,0.0,108.548507,18.900769,108.317112,18.669374,0.975916,0.002687,0.021397,0.0,0.0,321.408363,34888.398,9.674023,12.077125,8473.355,880.119,11878.638,29858.526,206.305,-16605.249,-5893.528,15.366,400,6,deterministic_robust_shortlist_full_paths,True,variance_game_shapley_common_random_numbers,206.94668430272,0.0,0.93711104,0.028343574,0.034545386,193.932022643543,5.865608610284,7.149053048893,0.0
JFE_STEEL_JP,JFE Steel,JP,21.95,45.3,DISCLOSED_PATH,DISCLOSED_PATH,PORT-E5F3D5116135,CAND-E72109958C3B57,P2,PORT-E5F3D5116135,321.408363,32387.753,100.768233,True,False,,0.0,1.265341119704999e-05,False,False,True,True,2036,0.004998229999999992,0.0,0.0,2,3,0.3406543999999999,0.65,1.3,P2,지연·부분헤지,False,18185.2,2033,9930.8,104.405602,33556.834,33556.834,40657.064,321.408363,104.405602,139.447422,48134.028,44819.568,51919.798,11262.734,3174.937,-139.523,0.0,126.496596,22.090994,114.717904,10.312302,0.967837,0.004039,0.028124,0.0,0.0,321.408363,40657.064,11.273587,14.074032,10624.453,880.119,10658.725,26251.819,59.835,-11262.734,-3644.04,-11.344,400,7,deterministic_robust_shortlist_full_paths,True,variance_game_shapley_common_random_numbers,290.706845984143,-0.0,0.922061277,0.035127569,0.042811154,268.049525597819,10.211824917587,12.445495468737,-6.479169
JFE_STEEL_JP,JFE Steel,JP,21.95,45.3,ACCELERATED_15C,DISCLOSED_PATH,PORT-E5F3D5116135,CAND-E72109958C3B57,P2,PORT-E5F3D5116135,321.408363,29504.994,91.799087,True,True,,0.0,1.265341119704999e-05,True,True,True,True,,0.0,0.0,0.0,2,3,0.3406543999999999,0.65,1.3,P2,지연·부분헤지,False,18185.2,2033,9930.8,95.741458,30772.105,30772.105,38555.801,321.408363,95.741458,147.405479,51514.853,47377.354,55161.05,16605.249,4134.728,-2.771,0.0,119.958923,24.217466,108.614487,12.873029,0.977495,0.002733,0.019772,0.0,0.0,321.408363,38555.801,10.690939,13.34665,6603.641,880.119,12205.058,31083.888,63.755,-16605.249,-3466.123,7.016,400,7,deterministic_robust_shortlist_full_paths,True,variance_game_shapley_common_random_numbers,339.000168528999,0.0,0.93894058,0.028571769,0.03248765,318.301014918808,9.685834650118,11.013318960073,6.09372
KOBE_STEEL_JP,Kobe Steel,JP,5.96,14.3,DISCLOSED_PATH,DISCLOSED_PATH,PORT-1144EBE63B41,CAND-4D158AE8BC3521,P3,PORT-1144EBE63B41,102.391093,14716.433,143.727666,True,True,,0.0,9.990856690045291e-05,True,True,True,True,,0.0,0.0,0.0,1,1,0.28332,0.6,1.06,P3,균형형 라이트헤지,False,5037.34,2029,3118.5,148.491453,15204.202,15204.202,17546.28,102.391093,148.491453,183.414003,20563.963,18779.96,21122.038,3575.758,1809.999,25.996,-0.0,171.365291,22.873838,165.914873,17.423419,0.976815,0.006642,0.016543,0.0,0.0,102.391093,17546.28,6.783341,16.45659,2507.666,260.812,2746.818,14958.443,79.798,-3575.758,-1779.631,6.055,400,1,deterministic_robust_shortlist_full_paths,True,variance_game_shapley_common_random_numbers,300.100110055596,0.0,0.924481433,0.045574237,0.02994433,277.436979743339,13.676833538219,8.986296774038,95.538687
KOBE_STEEL_JP,Kobe Steel,JP,5.96,14.3,ACCELERATED_15C,DISCLOSED_PATH,PORT-1144EBE63B41,CAND-4D158AE8BC3521,P3,PORT-1144EBE63B41,102.391093,13664.434,133.453347,True,True,,0.0,9.990856690045291e-05,True,True,True,True,,0.0,0.0,0.0,1,1,0.28332,0.6,1.06,P3,균형형 라이트헤지,False,5037.34,2029,3118.5,138.493825,14180.534,14180.534,16601.331,102.391093,138.493825,189.712567,21915.881,19424.877,21845.674,5244.343,2524.496,33.492,0.0,162.136478,23.642654,162.822154,24.328329,0.982702,0.004832,0.012466,0.0,0.0,102.391093,16601.331,6.418027,15.570327,3102.203,260.812,2774.849,15873.35,84.877,-5244.343,-2673.698,2.483,400,1,deterministic_robust_shortlist_full_paths,True,variance_game_shapley_common_random_numbers,323.086901502117,0.0,0.937246185,0.038377297,0.024376518,302.811965867982,12.399201832243,7.875733801892,13.476906
KOBE_STEEL_JP,Kobe Steel,JP,5.96,14.3,DISCLOSED_PATH,DISCLOSED_PATH,PORT-1144EBE63B41,CAND-C9EAFC0F482485,P2,PORT-1144EBE63B41,102.391093,15293.987,149.368332,True,True,,0.0,9.990856690045291e-05,True,True,True,True,,0.0,0.0,0.0,1,1,0.28332,0.6,1.06,P2,지연·부분헤지,False,5037.34,2029,3118.5,155.415266,15913.139,15913.139,18857.062,102.391093,155.415266,190.337816,20603.3,19488.897,22432.82,3575.758,1164.504,50.101,0.0,184.167011,28.751745,166.299056,10.88379,0.977537,0.006641,0.015823,0.0,0.0,102.391093,18857.062,7.290086,17.685968,2486.078,260.812,2772.615,15052.938,23.628,-3575.758,-1118.465,11.291,400,2,deterministic_robust_shortlist_full_paths,True,variance_game_shapley_common_random_numbers,474.994489793257,-0.0,0.92545906,0.045550354,0.028990586,439.587953840346,21.636167111472,13.770368841439,102.4625
KOBE_STEEL_JP,Kobe Steel,JP,5.96,14.3,ACCELERATED_15C,DISCLOSED_PATH,PORT-1144EBE63B41,CAND-C9EAFC0F482485,P2,PORT-1144EBE63B41,102.391093,14552.066,142.122383,True,True,,0.0,9.990856690045291e-05,True,True,True,True,,0.0,0.0,0.0,1,1,0.28332,0.6,1.06,P2,지연·부분헤지,False,5037.34,2029,3118.5,148.563026,15211.531,15211.531,18318.427,102.391093,148.563026,199.781768,21963.261,20455.874,23562.77,5244.343,1550.861,43.473,0.0,178.906451,30.343425,163.284886,14.72186,0.983795,0.004846,0.011359,0.0,0.0,102.391093,18318.427,7.081852,17.180784,3217.816,260.812,2750.517,15942.785,25.061,-5244.343,-1745.51,4.392,400,2,deterministic_robust_shortlist_full_paths,True,variance_game_shapley_common_random_numbers,536.575070725685,-0.0,0.938778172,0.038406353,0.022815475,503.724964069946,20.607891488623,12.242215167116,23.546107
KOBE_STEEL_JP,Kobe Steel,JP,5.96,14.3,DISCLOSED_PATH,DISCLOSED_PATH,PORT-1144EBE63B41,CAND-DCD679F188D852,P1,PORT-1144EBE63B41,102.391093,15690.435,153.240232,True,True,,0.0,9.990856690045291e-05,True,True,True,True,,0.0,0.0,0.0,1,1,0.28332,0.6,1.06,P1,지연·현물조달,False,5037.34,2029,3118.5,160.281207,16411.368,16411.368,19798.259,102.391093,160.281207,195.203756,20650.446,19987.126,23374.017,3575.758,727.744,64.424,0.0,193.359192,33.077985,166.759501,6.478295,0.978452,0.006533,0.015015,0.0,0.0,102.391093,19798.259,7.65395,18.568713,2471.686,260.812,2798.411,15115.934,0.0,-3575.758,-674.192,14.474,400,3,deterministic_robust_shortlist_full_paths,True,variance_game_shapley_common_random_numbers,632.632832489444,-0.0,0.926963137,0.04513429,0.027902573,586.427314869183,28.553433876817,17.652083743444,107.328441
KOBE_STEEL_JP,Kobe Steel,JP,5.96,14.3,ACCELERATED_15C,DISCLOSED_PATH,PORT-1144EBE63B41,CAND-DCD679F188D852,P1,PORT-1144EBE63B41,102.391093,15154.803,148.009,True,True,,0.0,9.990856690045291e-05,True,True,True,True,,0.0,0.0,0.0,1,1,0.28332,0.6,1.06,P1,지연·현물조달,False,5037.34,2029,3118.5,155.350817,15906.54,15906.54,19541.635,102.391093,155.350817,206.569559,22016.607,21150.883,24785.978,5244.343,901.509,35.785,0.0,190.852878,35.50206,163.805887,8.455069,0.984762,0.004775,0.010464,0.0,0.0,102.391093,19541.635,7.55474,18.328026,2197.84,260.812,3085.809,16340.853,0.0,-5244.343,-738.673,4.242,400,3,deterministic_robust_shortlist_full_paths,True,variance_game_shapley_common_random_numbers,736.128073254885,-0.0,0.940403971,0.038075469,0.02152056,692.257763520778,28.028421426519,15.841888307588,30.333898
KOBE_STEEL_JP,Kobe Steel,JP,5.96,14.3,DISCLOSED_PATH,DISCLOSED_PATH,PORT-9862FC05DA24,CAND-314B41E5534D98,P3,PORT-9862FC05DA24,105.301092,18546.646,176.129668,True,True,,0.0,9.990856690045291e-05,True,True,True,True,,0.0,0.0,0.0,1,1,0.3612199999999999,0.6,1.54,P3,균형형 라이트헤지,False,6178.04,2029,3118.5,181.3093,19092.067,19092.067,21938.949,105.301092,181.3093,216.228434,25040.498,22769.09,25615.972,3677.023,2279.75,8.342,-0.0,208.344932,27.035632,202.879901,21.570601,0.977705,0.006729,0.015566,0.0,0.0,105.301092,21938.949,8.481535,20.576458,3552.617,300.432,2545.27,18592.911,96.846,-3677.023,-2337.346,18.361,400,4,deterministic_robust_shortlist_full_paths,True,variance_game_shapley_common_random_numbers,414.740779170275,0.0,0.922550116,0.045502332,0.031947552,382.619153830029,18.871672747346,13.2499525929,128.356534
KOBE_STEEL_JP,Kobe Steel,JP,5.96,14.3,ACCELERATED_15C,DISCLOSED_PATH,PORT-9862FC05DA24,CAND-314B41E5534D98,P3,PORT-9862FC05DA24,105.301092,17627.204,167.398115,True,True,,0.0,9.990856690045291e-05,True,True,True,True,,0.0,0.0,0.0,1,1,0.3612199999999999,0.6,1.54,P3,균형형 라이트헤지,False,6178.04,2029,3118.5,172.712738,18186.84,18186.84,21106.264,105.301092,172.712738,223.953817,26790.849,23582.582,26502.005,5395.742,3188.186,-20.082,0.0,200.437272,27.724534,203.180297,30.467559,0.983807,0.00474,0.011453,0.0,0.0,105.301092,21106.264,8.159621,19.795486,3552.617,300.432,2801.67,20078.35,103.303,-5395.742,-3260.398,6.607,400,4,deterministic_robust_shortlist_full_paths,True,variance_game_shapley_common_random_numbers,451.203634156201,-0.0,0.936680795,0.0376761,0.025643104,422.633778826875,16.999593458042,11.570261871284,47.695819
KOBE_STEEL_JP,Kobe Steel,JP,5.96,14.3,DISCLOSED_PATH,DISCLOSED_PATH,PORT-9862FC05DA24,CAND-CE22CF7F8F72DA,P2,PORT-9862FC05DA24,105.301092,19272.91,183.02669,True,True,,0.0,9.990856690045291e-05,True,True,True,True,,0.0,0.0,0.0,1,1,0.3612199999999999,0.6,1.54,P2,지연·부분헤지,False,6178.04,2029,3118.5,189.529702,19957.685,19957.685,23542.111,105.301092,189.529702,224.448836,25098.458,23634.708,27219.134,3677.023,1460.08,-3.67,0.0,223.569482,34.03978,203.430318,13.900616,0.978431,0.006714,0.014855,0.0,0.0,105.301092,23542.111,9.101313,22.080058,3633.713,300.432,2552.717,18645.238,28.499,-3677.023,-1553.928,28.035,400,5,deterministic_robust_shortlist_full_paths,True,variance_game_shapley_common_random_numbers,657.711493345337,0.0,0.92364885,0.04542472,0.03092643,607.494464605973,29.876360440675,20.340668298689,136.576936
KOBE_STEEL_JP,Kobe Steel,JP,5.96,14.3,ACCELERATED_15C,DISCLOSED_PATH,PORT-9862FC05DA24,CAND-CE22CF7F8F72DA,P2,PORT-9862FC05DA24,105.301092,18743.254,177.996762,True,True,,0.0,9.990856690045291e-05,True,True,True,True,,0.0,0.0,0.0,1,1,0.3612199999999999,0.6,1.54,P2,지연·부분헤지,False,6178.04,2029,3118.5,184.807784,19460.462,19460.462,23228.807,105.301092,184.807784,236.048863,26857.921,24856.203,28624.549,5395.742,1960.537,-41.181,-0.0,220.594173,35.786389,203.817258,19.009474,0.984886,0.00473,0.010384,0.0,0.0,105.301092,23228.807,8.980191,21.786212,3633.713,300.432,2811.018,20142.808,30.296,-5395.742,-2078.381,16.317,400,5,deterministic_robust_shortlist_full_paths,True,variance_game_shapley_common_random_numbers,752.714573759787,-0.0,0.938417172,0.037598462,0.023984365,706.360281691056,28.300910645939,18.053381422792,59.790865
KOBE_STEEL_JP,Kobe Steel,JP,5.96,14.3,DISCLOSED_PATH,DISCLOSED_PATH,PORT-9862FC05DA24,CAND-B3597FD7767497,P1,PORT-9862FC05DA24,105.301092,19771.105,187.757835,True,True,,0.0,9.990856690045291e-05,True,True,True,True,,0.0,0.0,0.0,1,1,0.3612199999999999,0.6,1.54,P1,지연·현물조달,False,6178.04,2029,3118.5,195.147292,20549.223,20549.223,24691.622,105.301092,195.147292,230.066426,25159.221,24226.246,28368.645,3677.023,920.091,-12.884,0.0,234.48591,39.338617,204.007365,8.860073,0.979263,0.006616,0.014121,0.0,0.0,105.301092,24691.622,9.545711,23.15818,3687.778,300.432,2560.165,18680.123,0.0,-3677.023,-1031.706,29.454,400,6,deterministic_robust_shortlist_full_paths,True,variance_game_shapley_common_random_numbers,874.453212240932,-0.0,0.925088277,0.045055354,0.029856369,808.946415732858,39.398799015566,26.107997492508,142.194526
KOBE_STEEL_JP,Kobe Steel,JP,5.96,14.3,ACCELERATED_15C,DISCLOSED_PATH,PORT-9862FC05DA24,CAND-B3597FD7767497,P1,PORT-9862FC05DA24,105.301092,19500.781,185.19068,True,True,,0.0,9.990856690045291e-05,True,True,True,True,,0.0,0.0,0.0,1,1,0.3612199999999999,0.6,1.54,P1,지연·현물조달,False,6178.04,2029,3118.5,193.064173,20329.868,20329.868,24751.523,105.301092,193.064173,244.305252,26923.677,25725.61,30147.265,5395.742,1150.235,-47.832,0.0,235.054761,41.990588,204.441715,11.377542,0.98577,0.004662,0.009569,0.0,0.0,105.301092,24751.523,9.568868,23.214361,3571.108,300.432,2836.756,20286.523,0.0,-5395.742,-1248.708,-20.502,400,6,deterministic_robust_shortlist_full_paths,True,variance_game_shapley_common_random_numbers,1032.194347365549,0.0,0.940030244,0.03728274,0.022687015,970.293904544779,38.483033787851,23.417409032919,68.047254
KOBE_STEEL_JP,Kobe Steel,JP,5.96,14.3,DISCLOSED_PATH,DISCLOSED_PATH,PORT-8384667F6B8E,CAND-9DD8DD0C56A40D,P3,PORT-8384667F6B8E,96.451092,4978.625,51.618125,True,True,,0.0,9.990856690045291e-05,True,True,True,True,,0.0,0.0,0.0,1,1,0.28332,0.6,1.06,P3,균형형 라이트헤지,False,4999.94,2037,3019.5,52.952766,5107.352,5107.352,6327.51,96.451092,52.952766,87.868364,9391.64,8475.0,9695.157,3367.648,893.061,-23.58,0.0,65.603296,12.65053,62.456451,9.503684,0.945712,0.002693,0.051595,0.0,0.0,96.451092,6327.51,2.446197,5.934548,2254.179,148.869,3367.721,3539.93,39.463,-3367.648,-880.257,5.095,400,7,deterministic_robust_shortlist_full_paths,True,variance_game_shapley_common_random_numbers,79.340903642195,-0.0,0.896686446,0.027256281,0.076057274,71.143912897107,2.162537928633,6.034452816455,0.0
KOBE_STEEL_JP,Kobe Steel,JP,5.96,14.3,ACCELERATED_15C,DISCLOSED_PATH,PORT-8384667F6B8E,CAND-9DD8DD0C56A40D,P3,PORT-8384667F6B8E,96.451092,3812.491,39.527711,False,False,2035,0.6138637290849003,-0.6138637290849003,True,True,True,True,,0.0,0.0,0.0,1,1,0.28332,0.6,1.06,P3,균형형 라이트헤지,False,4999.94,2037,3019.5,40.973554,3951.944,3951.944,5229.503,96.451092,40.973554,92.23869,10063.318,8896.522,10174.081,4944.578,1158.706,-8.089,-0.0,54.21922,13.245665,53.070828,12.097273,0.96134,0.0017,0.03696,0.0,0.0,96.451092,5229.503,2.021711,4.904731,2234.555,148.869,3532.135,4078.359,42.197,-4944.578,-1133.34,-6.253,400,7,deterministic_robust_shortlist_full_paths,True,variance_game_shapley_common_random_numbers,90.769789795407,0.0,0.91969949,0.021458582,0.058841928,83.480929382647,1.947790997969,5.341069414791,-84.043365
KOBE_STEEL_JP,Kobe Steel,JP,5.96,14.3,DISCLOSED_PATH,DISCLOSED_PATH,PORT-8384667F6B8E,CAND-7F0A690E87B72D,P2,PORT-8384667F6B8E,96.451092,5119.663,53.080408,True,True,,0.0,9.990856690045291e-05,True,True,True,True,,0.0,0.0,0.0,1,1,0.28332,0.6,1.06,P2,지연·부분헤지,False,4999.94,2037,3019.5,54.733241,5279.081,5279.081,6804.183,96.451092,54.733241,89.648839,9403.558,8646.728,10171.831,3367.648,722.555,-34.274,0.0,70.545424,15.812183,62.580012,7.846771,0.947394,0.002722,0.049884,0.0,0.0,96.451092,6804.183,2.630478,6.381618,2433.494,148.869,3146.782,3667.433,12.756,-3367.648,-758.546,-4.059,400,8,deterministic_robust_shortlist_full_paths,True,variance_game_shapley_common_random_numbers,124.216364256424,0.0,0.898518417,0.027412955,0.074068628,111.610690963742,3.405137651571,9.200535641111,1.780475
KOBE_STEEL_JP,Kobe Steel,JP,5.96,14.3,ACCELERATED_15C,DISCLOSED_PATH,PORT-8384667F6B8E,CAND-7F0A690E87B72D,P2,PORT-8384667F6B8E,96.451092,4027.512,41.757041,False,False,2035,0.6138637290849003,-0.6138637290849003,True,True,True,True,,0.0,0.0,0.0,1,1,0.28332,0.6,1.06,P2,지연·부분헤지,False,4999.94,2037,3019.5,43.551564,4200.596,4200.596,5809.023,96.451092,43.551564,94.8167,10078.194,9145.174,10753.602,4944.578,914.751,-18.269,-0.0,60.227658,16.676093,53.225067,9.673503,0.963676,0.001751,0.034573,0.0,0.0,96.451092,5809.023,2.245752,5.448261,2219.981,148.869,3199.182,4466.373,13.571,-4944.578,-899.008,-3.792,400,8,deterministic_robust_shortlist_full_paths,True,variance_game_shapley_common_random_numbers,146.803855484902,0.0,0.922399348,0.021814073,0.055786578,135.411780654346,3.202390022605,8.18968480795,-81.465355
KOBE_STEEL_JP,Kobe Steel,JP,5.96,14.3,DISCLOSED_PATH,DISCLOSED_PATH,PORT-8A59F01B884D,CAND-B51B2DE2F2D28C,P4,PORT-8A59F01B884D,114.781594,15757.538,137.282794,True,False,,0.0,9.990856690045291e-05,False,False,True,True,2028,0.0,0.012250011000000005,0.0,1,1,0.28332,0.6,1.06,P4,균형형 전환,False,5037.34,2028,3118.5,140.079311,16078.527,16078.527,17968.727,114.781594,140.079311,174.894226,22780.305,20074.638,21964.838,3996.111,2704.685,-0.982,-0.0,156.547109,16.467798,163.651617,23.572306,0.974179,0.006872,0.018949,0.0,0.0,114.781594,17968.727,6.946658,16.852802,2960.496,294.906,3042.519,16304.152,202.912,-3996.111,-2730.224,-0.122,400,9,deterministic_robust_shortlist_full_paths,True,variance_game_shapley_common_random_numbers,138.237817539902,0.0,0.917395847,0.046513481,0.036090672,126.818799688006,6.429922166023,4.989095685873,87.126545
KOBE_STEEL_JP,Kobe Steel,JP,5.96,14.3,ACCELERATED_15C,DISCLOSED_PATH,PORT-8A59F01B884D,CAND-B51B2DE2F2D28C,P4,PORT-8A59F01B884D,114.781594,14200.239,123.715296,True,True,,0.0,9.990856690045291e-05,True,True,True,True,,0.0,0.0,0.0,1,1,0.28332,0.6,1.06,P4,균형형 전환,False,5037.34,2028,3118.5,126.541326,14524.615,14524.615,16428.637,114.781594,126.541326,177.368823,24195.127,20358.676,22262.699,5834.061,3848.703,12.253,-0.0,143.129547,16.588221,159.965242,33.423916,0.979712,0.005093,0.015195,0.0,0.0,114.781594,16428.637,6.351264,15.408358,2697.372,294.906,3390.035,17588.318,215.704,-5834.061,-3828.073,0.415,400,9,deterministic_robust_shortlist_full_paths,True,variance_game_shapley_common_random_numbers,139.728596320261,-0.0,0.929657811,0.039524051,0.030818138,129.899781010793,5.522640150889,4.306175158579,1.524407
KOBE_STEEL_JP,Kobe Steel,JP,5.96,14.3,DISCLOSED_PATH,DISCLOSED_PATH,PORT-F194BB679477,CAND-0E9003448A63C3,P7,PORT-F194BB679477,131.48782,19837.419,150.868867,True,False,,0.0,9.990856690045291e-05,False,False,True,True,2028,0.0,0.012250011000000005,0.0,1,1,0.3612199999999999,0.6,1.54,P7,완전 수소·계약형,False,6178.04,2028,3118.5,151.112704,19869.48,19869.48,20039.778,131.48782,151.112704,186.005351,31859.525,24457.438,24627.736,4587.958,7402.087,-0.0,0.0,152.407862,1.295158,207.407556,56.294852,0.958115,0.009074,0.032811,0.0,0.0,131.48782,20039.778,7.747321,18.795232,3527.993,384.34,3200.302,23450.92,1295.513,-4587.958,-7402.135,0.505,400,10,deterministic_robust_shortlist_full_paths,True,variance_game_shapley_common_random_numbers,0.919321420495,0.0,0.891142177,0.054174032,0.054683791,0.819246091818,0.049803347962,0.050271980715,98.159938
KOBE_STEEL_JP,Kobe Steel,JP,5.96,14.3,ACCELERATED_15C,DISCLOSED_PATH,PORT-F194BB679477,CAND-0E9003448A63C3,P7,PORT-F194BB679477,131.48782,16410.005,124.802469,True,True,,0.0,9.990856690045291e-05,True,True,True,True,,0.0,0.0,0.0,1,1,0.3612199999999999,0.6,1.54,P7,완전 수소·계약형,False,6178.04,2028,3118.5,125.016919,16438.202,16438.202,16588.395,131.48782,125.016919,176.042352,34007.15,23147.425,23297.618,6709.223,10860.259,0.534,-0.0,126.159174,1.142255,207.608027,82.591108,0.960023,0.006451,0.033526,0.0,0.0,131.48782,16588.395,6.413026,15.558194,3556.85,384.34,3504.648,25175.371,1384.082,-6709.223,-10857.476,-0.389,400,10,deterministic_robust_shortlist_full_paths,True,variance_game_shapley_common_random_numbers,0.722502200915,0.0,0.899455881,0.045263169,0.055280949,0.649858853979,0.03270273944,0.039940607496,0.0
