company_id,company_name,candidate_id,template_plan_id,physical_portfolio_id,scenario_count,feasible_scenario_count,robust_feasible,worst_case_p50_kkrw_per_tco2,worst_case_tcar_kkrw_per_tco2,maximum_regret_p50_kkrw_per_tco2,mean_regret_p50_kkrw_per_tco2,robust_frontier,lambda_0_optimal,lambda_1_optimal,lambda_4_optimal
JFE_STEEL_JP,JFE Steel,CAND-0B566F19FFC9A2,P2,PORT-CCD4397FA6D4,2,1,False,114.421761,38.547405,17.149301,10.804133,False,False,False,False
JFE_STEEL_JP,JFE Steel,CAND-0C103CAC9E9685,P1,PORT-48EB0158352D,2,0,False,193.651311,65.13449,103.808086,93.7483,False,False,False,False
JFE_STEEL_JP,JFE Steel,CAND-11566829CB83FF,P1,PORT-7C1FC602A00B,2,1,False,202.259507,61.368912,111.33982,101.818265,False,False,False,False
JFE_STEEL_JP,JFE Steel,CAND-12D758CC621EDD,P3,PORT-04FFFE8075F6,2,1,False,209.970102,47.912974,113.019073,106.51319,False,False,False,False
JFE_STEEL_JP,JFE Steel,CAND-156DBD688B285D,P2,PORT-4FBC33F20EEF,2,0,False,67.867537,23.467091,-32.033444,-37.064352,False,False,False,False
JFE_STEEL_JP,JFE Steel,CAND-1D1CB9506368C0,P2,PORT-0FD37D80B1EA,2,1,False,149.741174,40.683525,53.547454,46.662916,False,False,False,False
JFE_STEEL_JP,JFE Steel,CAND-2384C3F783562D,P2,PORT-04FFFE8075F6,2,1,False,219.110431,62.117351,126.567255,117.857445,False,False,False,False
JFE_STEEL_JP,JFE Steel,CAND-25BA0666383526,P1,PORT-E3494C854A0D,2,1,False,125.727676,38.283885,30.005183,22.885032,False,False,False,False
JFE_STEEL_JP,JFE Steel,CAND-27DEF6B976065D,P3,PORT-408F044D6828,2,0,False,208.690588,43.856832,112.124768,105.42628,False,False,False,False
JFE_STEEL_JP,JFE Steel,CAND-2AFD85912C485D,P5,PORT-844170813924,2,0,False,170.615424,15.513831,63.275623,61.964126,False,False,False,False
JFE_STEEL_JP,JFE Steel,CAND-2DF8CF21E8720D,P1,PORT-9D97003767D5,2,0,False,22.140898,12.510234,-80.076535,-83.949217,False,False,False,False
JFE_STEEL_JP,JFE Steel,CAND-321A1FBBC2D640,P1,PORT-CCD4397FA6D4,2,1,False,117.463555,45.065336,21.645307,14.573033,False,False,False,False
JFE_STEEL_JP,JFE Steel,CAND-3785968E4E1C91,P1,PORT-4FBC33F20EEF,2,0,False,69.461254,27.417699,-29.782159,-35.141851,False,False,False,False
JFE_STEEL_JP,JFE Steel,CAND-3BDAECB8DA1A89,P4,PORT-29DB1A43C5DD,2,0,False,177.513425,27.855768,76.76793,72.159279,False,False,False,False
JFE_STEEL_JP,JFE Steel,CAND-3DE74006E308F9,P2,PORT-7C1FC602A00B,2,1,False,196.443378,52.140484,102.961229,94.720906,False,False,False,False
JFE_STEEL_JP,JFE Steel,CAND-44218B07FC843F,P2,PORT-48EB0158352D,2,0,False,188.441608,55.413132,95.92976,87.204286,False,False,False,False
JFE_STEEL_JP,JFE Steel,CAND-4D77DB7422B451,P2,PORT-3776FB32D8CF,2,0,False,134.918566,36.530251,37.90274,31.429255,False,False,False,False
JFE_STEEL_JP,JFE Steel,CAND-53E6B469D62558,P1,PORT-33091F63E785,2,0,False,22.23077,12.694856,-80.288997,-84.010512,False,False,False,False
JFE_STEEL_JP,JFE Steel,CAND-56A2BE8D3222E8,P5,PORT-29DB1A43C5DD,2,0,False,167.768311,16.175633,61.374396,59.589956,False,False,False,False
JFE_STEEL_JP,JFE Steel,CAND-5B53A6D662B077,P2,PORT-BFE68456F5A9,2,0,False,119.663565,36.547513,22.899524,16.300147,False,False,False,False
JFE_STEEL_JP,JFE Steel,CAND-65F7157232C73A,P1,PORT-04FFFE8075F6,2,1,False,225.347439,72.993106,135.751552,125.568097,False,False,False,False
JFE_STEEL_JP,JFE Steel,CAND-6740F2BE1999AB,P2,PORT-6E49C004BA31,2,0,False,177.182249,55.768808,83.407071,75.313262,False,False,False,False
JFE_STEEL_JP,JFE Steel,CAND-68030B11D579DF,P1,PORT-7BA11C62DF95,2,0,False,172.641546,51.273512,79.87285,71.2758,False,False,False,False
JFE_STEEL_JP,JFE Steel,CAND-74F6415EBB9977,P3,PORT-E123D45B71CC,2,0,False,198.160277,40.925438,100.548275,94.372878,False,False,False,False
JFE_STEEL_JP,JFE Steel,CAND-8143AC9B1B780D,P5,PORT-0032610F15CE,2,0,False,190.999803,17.094021,82.952363,81.994685,False,False,False,False
JFE_STEEL_JP,JFE Steel,CAND-81AEAF431DDC0A,P4,PORT-844170813924,2,0,False,180.752211,26.966485,78.897632,74.843524,False,False,False,False
JFE_STEEL_JP,JFE Steel,CAND-82646489D4D4D1,P2,PORT-25A7E18292F6,2,0,False,52.10557,17.569258,-48.254085,-53.055656,False,False,False,False
JFE_STEEL_JP,JFE Steel,CAND-8A107782070451,P4,PORT-0032610F15CE,2,0,False,202.487087,30.047624,100.742776,96.633533,False,False,False,False
JFE_STEEL_JP,JFE Steel,CAND-8A2CE57122B1A0,P1,PORT-1741394F78A8,2,0,False,21.010751,11.983387,-81.715208,-85.333627,False,False,False,False
JFE_STEEL_JP,JFE Steel,CAND-8DC42B3C7EA2DB,P2,PORT-E123D45B71CC,2,0,False,206.605728,53.123029,113.204498,104.923715,False,False,False,False
JFE_STEEL_JP,JFE Steel,CAND-8F0E9CFE80824D,P6,PORT-576B945395C2,2,0,False,183.299915,6.613701,73.337119,71.097833,False,False,False,False
JFE_STEEL_JP,JFE Steel,CAND-942FF71D4F4188,P4,PORT-2883A9539B06,2,1,False,125.389799,20.373333,24.573632,20.000318,False,False,False,False
JFE_STEEL_JP,JFE Steel,CAND-94E38421D8FAE7,P1,PORT-36B22CA0D026,2,0,False,18.55283,12.138788,-83.682293,-87.54613,False,False,False,False
JFE_STEEL_JP,JFE Steel,CAND-953F1AFEF37202,P1,PORT-6E49C004BA31,2,0,False,182.246649,65.675275,90.705216,81.494534,False,False,False,False
JFE_STEEL_JP,JFE Steel,CAND-A735954AF09420,P3,PORT-CCD4397FA6D4,2,1,False,109.962796,30.157531,10.690533,5.345267,False,False,False,False
JFE_STEEL_JP,JFE Steel,CAND-AE1C3F48385E3F,P5,PORT-2883A9539B06,2,1,False,118.697367,11.808233,14.424515,11.579543,False,False,False,False
JFE_STEEL_JP,JFE Steel,CAND-AFB45421E864E1,P3,PORT-48EB0158352D,2,0,False,180.898379,42.707696,84.407932,77.671757,False,False,False,False
JFE_STEEL_JP,JFE Steel,CAND-B210B35AD45FF1,P1,PORT-263958B6D89F,2,0,False,11.523746,9.062917,-92.182791,-95.31092,False,False,False,False
JFE_STEEL_JP,JFE Steel,CAND-B38C1D7FD5CCAE,P3,PORT-7C1FC602A00B,2,1,False,188.042298,40.287431,90.597252,84.338377,False,False,False,False
JFE_STEEL_JP,JFE Steel,CAND-B4CBF9F7B55581,P3,PORT-7F45069F34E3,2,0,False,142.563744,35.837596,43.86928,38.235114,False,False,False,False
JFE_STEEL_JP,JFE Steel,CAND-BC3B7FD8701906,P1,PORT-25A7E18292F6,2,0,False,53.405169,20.552843,-46.721209,-51.639418,False,False,False,False
JFE_STEEL_JP,JFE Steel,CAND-BD5FC0B8045E4C,P1,PORT-BFE68456F5A9,2,0,False,123.014468,42.587425,27.81538,20.433526,False,False,False,False
JFE_STEEL_JP,JFE Steel,CAND-BD69BDF77D11F9,P2,PORT-1C641A2E58FD,2,0,False,65.325323,20.591104,-33.868491,-39.252982,False,False,False,False
JFE_STEEL_JP,JFE Steel,CAND-C535F3B5D7A55A,P1,PORT-1C641A2E58FD,2,0,False,66.748151,24.338859,-31.751472,-37.483058,False,False,False,False
JFE_STEEL_JP,JFE Steel,CAND-C973F96EA1BC5C,P1,PORT-E123D45B71CC,2,0,False,212.351792,62.452944,121.795897,112.092446,False,False,False,False
JFE_STEEL_JP,JFE Steel,CAND-CB30BCF3D9CF92,P1,PORT-D5A2DA370FDA,2,0,False,19.28258,11.978443,-83.658063,-87.169139,False,False,False,False
JFE_STEEL_JP,JFE Steel,CAND-CBE864A3B5E624,P2,PORT-408F044D6828,2,0,False,218.132157,56.770527,126.165594,117.167477,False,False,False,False
JFE_STEEL_JP,JFE Steel,CAND-D31DAEDCB107AF,P1,PORT-0FD37D80B1EA,2,1,False,153.833551,47.957474,59.528648,51.699702,False,False,False,False
JFE_STEEL_JP,JFE Steel,CAND-DF57CBE06564A4,P3,PORT-6E49C004BA31,2,0,False,169.844783,42.887115,72.600944,66.241466,False,False,False,False
JFE_STEEL_JP,JFE Steel,CAND-DFCA23D16E81A2,P1,PORT-408F044D6828,2,0,False,224.669104,66.707232,135.683567,125.194938,False,False,False,False
JFE_STEEL_JP,JFE Steel,CAND-DFD36ABEC37623,P1,PORT-7F45069F34E3,2,0,False,152.535535,54.905764,58.421354,50.497046,False,False,False,False
JFE_STEEL_JP,JFE Steel,CAND-E142C0366C78ED,P4,PORT-49F18FB13125,2,0,False,139.777921,22.142463,38.215192,34.015158,False,False,False,False
JFE_STEEL_JP,JFE Steel,CAND-E1C48D333700EA,P7,PORT-B91429E42CEB,2,0,False,180.486886,2.081326,70.52409,66.325592,False,False,False,False
JFE_STEEL_JP,JFE Steel,CAND-E280945A557960,P1,PORT-E5F3D5116135,2,1,False,106.184051,41.652464,9.554308,2.887782,False,False,False,False
JFE_STEEL_JP,JFE Steel,CAND-E2E67FC7600525,P2,PORT-7BA11C62DF95,2,0,False,168.086273,43.804647,72.860269,65.491873,False,False,False,False
JFE_STEEL_JP,JFE Steel,CAND-E5C3BE482793EF,P4,PORT-4577AB24CD05,2,0,False,204.784809,31.92773,103.862036,99.342025,False,False,False,False
JFE_STEEL_JP,JFE Steel,CAND-E72109958C3B57,P2,PORT-E5F3D5116135,2,1,False,103.53095,35.349701,5.635021,-0.398413,False,False,False,False
JFE_STEEL_JP,JFE Steel,CAND-E8FAD9BDD034A5,P3,PORT-51A2628EF9C2,2,2,True,124.607044,31.943732,26.380916,20.512582,True,True,True,True
JFE_STEEL_JP,JFE Steel,CAND-E97F5B55830909,P1,PORT-A7F00CD0D5D9,2,0,False,17.035779,13.535965,-86.226059,-89.576538,False,False,False,False
JFE_STEEL_JP,JFE Steel,CAND-F1788FF7DCC7F6,P2,PORT-E3494C854A0D,2,1,False,122.507277,32.851104,25.064126,18.804303,False,False,False,False
JFE_STEEL_JP,JFE Steel,CAND-F4B6AD5FB08D71,P2,PORT-51A2628EF9C2,2,2,True,129.349952,41.209482,33.686637,26.536896,False,False,False,False
JFE_STEEL_JP,JFE Steel,CAND-FA1953D51D82F3,P3,PORT-0FD37D80B1EA,2,1,False,143.757919,31.546715,44.726771,39.260947,False,False,False,False
JFE_STEEL_JP,JFE Steel,CAND-FC0AA3F9FE37C6,P3,PORT-E5F3D5116135,2,1,False,99.673077,27.461093,0.0,-5.144859,False,False,False,False
JFE_STEEL_JP,JFE Steel,CAND-FCDB7C1BD7991A,P1,PORT-51A2628EF9C2,2,2,True,132.724264,48.49931,38.766131,30.7638,False,False,False,False
KOBE_STEEL_JP,Kobe Steel,CAND-0E9003448A63C3,P7,PORT-F194BB679477,2,1,False,151.041283,1.800737,98.174982,49.087491,False,False,False,False
KOBE_STEEL_JP,Kobe Steel,CAND-17BC99375C7C5C,P1,PORT-3DA05887C62D,2,0,False,13.277011,10.215789,-39.58929,-82.515906,False,False,False,False
KOBE_STEEL_JP,Kobe Steel,CAND-202E0A81514742,P2,PORT-5EAB84C29074,2,0,False,175.308594,45.446213,122.442293,83.255844,False,False,False,False
KOBE_STEEL_JP,Kobe Steel,CAND-20911E55FBB215,P3,PORT-661396C334A7,2,0,False,81.9293,23.298265,29.062999,-12.992834,False,False,False,False
KOBE_STEEL_JP,Kobe Steel,CAND-314B41E5534D98,P3,PORT-9862FC05DA24,2,2,True,179.372196,38.068833,126.505895,86.016324,False,False,False,False
KOBE_STEEL_JP,Kobe Steel,CAND-344C7E39FA18A3,P1,PORT-661396C334A7,2,0,False,87.306049,35.32386,34.439748,-6.259667,False,False,False,False
KOBE_STEEL_JP,Kobe Steel,CAND-352C3A40240600,P4,PORT-0095E30DB97C,2,1,False,175.809968,24.39224,122.943667,80.433681,False,False,False,False
KOBE_STEEL_JP,Kobe Steel,CAND-4D158AE8BC3521,P3,PORT-1144EBE63B41,2,2,True,145.028275,31.484298,92.161974,51.083605,True,True,True,True
KOBE_STEEL_JP,Kobe Steel,CAND-7994EC1E34FADB,P4,PORT-ED997010A5D3,2,0,False,164.173132,24.283645,111.306831,68.277934,False,False,False,False
KOBE_STEEL_JP,Kobe Steel,CAND-7F0A690E87B72D,P2,PORT-8384667F6B8E,2,1,False,54.651416,20.196114,1.785115,-40.02497,False,False,False,False
KOBE_STEEL_JP,Kobe Steel,CAND-88A58A95717947,P1,PORT-5EAB84C29074,2,0,False,180.227146,53.125461,127.360845,89.39896,False,False,False,False
KOBE_STEEL_JP,Kobe Steel,CAND-8D7AF2E68805C6,P3,PORT-5EAB84C29074,2,0,False,168.14018,35.21308,115.273879,74.298828,False,False,False,False
KOBE_STEEL_JP,Kobe Steel,CAND-9D068D97FB272C,P2,PORT-661396C334A7,2,0,False,85.142048,30.176769,32.275747,-8.995907,False,False,False,False
KOBE_STEEL_JP,Kobe Steel,CAND-9DD8DD0C56A40D,P3,PORT-8384667F6B8E,2,1,False,52.866301,16.005652,0.0,-42.173718,False,False,False,False
KOBE_STEEL_JP,Kobe Steel,CAND-B3597FD7767497,P1,PORT-9862FC05DA24,2,2,True,192.329559,58.103864,139.463258,102.07207,False,False,False,False
KOBE_STEEL_JP,Kobe Steel,CAND-B51B2DE2F2D28C,P4,PORT-8A59F01B884D,2,1,False,138.525029,20.663116,85.658728,42.893397,False,False,False,False
KOBE_STEEL_JP,Kobe Steel,CAND-B928C0FFDA3842,P1,PORT-D7B02E3224C4,2,0,False,9.892548,10.432792,-42.973753,-86.107209,False,False,False,False
KOBE_STEEL_JP,Kobe Steel,CAND-C9A7A01CF97824,P6,PORT-6AF097B8F6F8,2,1,False,155.055857,5.757769,102.189556,54.565048,False,False,False,False
KOBE_STEEL_JP,Kobe Steel,CAND-C9EAFC0F482485,P2,PORT-1144EBE63B41,2,2,True,150.965625,40.452789,98.099324,58.59017,False,False,False,False
KOBE_STEEL_JP,Kobe Steel,CAND-CE22CF7F8F72DA,P2,PORT-9862FC05DA24,2,2,True,187.055382,49.410567,134.189081,95.55684,False,False,False,False
KOBE_STEEL_JP,Kobe Steel,CAND-D80CE96AA3B5C1,P1,PORT-8384667F6B8E,2,1,False,55.970284,23.694214,3.103983,-38.489198,False,False,False,False
KOBE_STEEL_JP,Kobe Steel,CAND-DCD679F188D852,P1,PORT-1144EBE63B41,2,2,True,155.039452,47.165125,102.173151,63.727316,False,False,False,False
KOBE_STEEL_JP,Kobe Steel,CAND-DDE822F7D41D2E,P5,PORT-0095E30DB97C,2,1,False,165.621405,13.480418,112.755104,67.679328,False,False,False,False
KOBE_STEEL_JP,Kobe Steel,CAND-E9169FB41B03EE,P1,PORT-0CA13428C264,2,0,False,-2.859169,7.91086,-55.72547,-99.539788,False,False,False,False
KOBE_STEEL_JP,Kobe Steel,CAND-F3EC79559B1773,P1,PORT-B0BA3BE7A418,2,0,False,-24.004557,1.506609,-76.870858,-120.986642,False,False,False,False
NIPPON_STEEL_JP,Nippon Steel,CAND-004C84C918F9F0,P2,PORT-7DC6DDA55D96,2,0,False,96.989559,30.498504,74.046072,63.157135,False,False,False,False
NIPPON_STEEL_JP,Nippon Steel,CAND-005FE12044C08C,P2,PORT-91584DA203D9,2,0,False,100.161018,31.326389,77.217531,66.287603,False,False,False,False
NIPPON_STEEL_JP,Nippon Steel,CAND-009A19D2863AA5,P1,PORT-1411E33E415A,2,1,False,66.188585,25.372571,43.245098,31.932522,False,False,False,False
NIPPON_STEEL_JP,Nippon Steel,CAND-0902F4B4859A1C,P2,PORT-1411E33E415A,2,1,False,64.699504,21.277713,41.756017,30.191879,False,False,False,False
NIPPON_STEEL_JP,Nippon Steel,CAND-0B64D3C56ED2FD,P1,PORT-93BA44A86FDE,2,2,True,130.931071,44.84689,107.987584,98.986679,False,False,False,False
NIPPON_STEEL_JP,Nippon Steel,CAND-0CCB31C64DEB2F,P1,PORT-4025A7B6BA3A,2,1,False,72.185303,26.902427,49.241816,38.228509,False,False,False,False
NIPPON_STEEL_JP,Nippon Steel,CAND-0E307C2CAB5D7A,P2,PORT-792EEE640306,2,1,False,76.171129,23.961638,53.227642,42.011358,False,False,False,False
NIPPON_STEEL_JP,Nippon Steel,CAND-185224D49A1B91,P1,PORT-3391EE4132D6,2,1,False,87.407039,28.180103,64.463552,54.138562,False,False,False,False
NIPPON_STEEL_JP,Nippon Steel,CAND-18F73BD54A9F34,P1,PORT-6742936593A9,2,2,True,86.037267,31.697518,63.09378,52.47614,False,False,False,False
NIPPON_STEEL_JP,Nippon Steel,CAND-1D35A6D7D808A4,P1,PORT-5DE4D9A04480,2,2,True,110.951911,38.974519,88.008424,78.503696,False,False,False,False
NIPPON_STEEL_JP,Nippon Steel,CAND-1F99EBB5AE8665,P3,PORT-05EE518306D9,2,2,True,101.280426,22.009363,78.336939,67.007791,False,False,False,False
NIPPON_STEEL_JP,Nippon Steel,CAND-1FF01FDB28F13A,P4,PORT-D74D023C0D05,2,1,False,95.247085,16.76461,72.303598,60.385353,False,False,False,False
NIPPON_STEEL_JP,Nippon Steel,CAND-23459FF23C9DCD,P1,PORT-032FE0BDCFB5,2,1,False,43.970677,16.938875,21.02719,9.068494,False,False,False,False
NIPPON_STEEL_JP,Nippon Steel,CAND-2E3E235F5F3F44,P2,PORT-0ACD636A8AEE,2,1,False,59.874345,19.257079,36.930858,25.312883,False,False,False,False
NIPPON_STEEL_JP,Nippon Steel,CAND-32B1C4DEC95227,P3,PORT-0ACD636A8AEE,2,1,False,58.187594,15.281888,35.244107,23.27038,False,False,False,False
NIPPON_STEEL_JP,Nippon Steel,CAND-33480771F67BD6,P2,PORT-5DE4D9A04480,2,2,True,108.080618,33.242361,85.137131,75.024328,False,False,False,False
NIPPON_STEEL_JP,Nippon Steel,CAND-3DE8D6197F9834,P3,PORT-7F141003EFD9,2,2,True,117.344907,27.666247,94.40142,83.346888,False,False,False,False
NIPPON_STEEL_JP,Nippon Steel,CAND-43ED54F71B5B31,P2,PORT-00A7244DC13E,2,1,False,73.398329,22.918206,50.454842,38.907803,False,False,False,False
NIPPON_STEEL_JP,Nippon Steel,CAND-450CB289C8C9D2,P1,PORT-00A7244DC13E,2,1,False,75.170762,27.382023,52.227275,40.923539,False,False,False,False
NIPPON_STEEL_JP,Nippon Steel,CAND-45605758418B60,P2,PORT-3391EE4132D6,2,1,False,85.161931,23.786305,62.218444,51.417232,False,False,False,False
NIPPON_STEEL_JP,Nippon Steel,CAND-478F19D65CB3E6,P2,PORT-760BEDA2ECE0,2,1,False,78.932718,24.683909,55.989231,44.827703,False,False,False,False
NIPPON_STEEL_JP,Nippon Steel,CAND-4C03DDE7A8F948,P3,PORT-42FD0857B83C,2,1,False,75.332153,19.24526,52.388666,40.411234,False,False,False,False
NIPPON_STEEL_JP,Nippon Steel,CAND-505DC50EEE65AA,P2,PORT-93BA44A86FDE,2,2,True,127.515633,38.318459,104.572146,94.818995,False,False,False,False
NIPPON_STEEL_JP,Nippon Steel,CAND-51563CC4DFE733,P1,PORT-792EEE640306,2,1,False,78.058094,28.205373,55.114607,44.242498,False,False,False,False
NIPPON_STEEL_JP,Nippon Steel,CAND-54996F21D43414,P2,PORT-4025A7B6BA3A,2,1,False,70.346286,22.911443,47.402799,36.105531,False,False,False,False
NIPPON_STEEL_JP,Nippon Steel,CAND-59D7A6AFC21669,P2,PORT-9961527CE1F4,2,1,False,68.266677,22.867598,45.32319,33.893155,False,False,False,False
NIPPON_STEEL_JP,Nippon Steel,CAND-61C6F8AE75933E,P3,PORT-3391EE4132D6,2,1,False,82.036826,18.564902,59.093339,47.595582,False,False,False,False
NIPPON_STEEL_JP,Nippon Steel,CAND-62B732F24FF616,P1,PORT-92BAA222AC4A,2,1,False,68.89133,25.501864,45.947843,34.869992,False,False,False,False
NIPPON_STEEL_JP,Nippon Steel,CAND-67842A89ECECE4,P2,PORT-A38E7AB93504,2,1,False,66.913647,20.916913,43.97016,32.610399,False,False,False,False
NIPPON_STEEL_JP,Nippon Steel,CAND-73FBF939F237E6,P2,PORT-92BAA222AC4A,2,1,False,67.385189,21.451261,44.441702,33.147321,False,False,False,False
NIPPON_STEEL_JP,Nippon Steel,CAND-7400D0EA735D98,P3,PORT-6742936593A9,2,2,True,81.452239,20.816045,58.508752,46.824212,True,True,True,True
NIPPON_STEEL_JP,Nippon Steel,CAND-7431CBC596FC03,P1,PORT-7CA9F3BA0776,2,2,True,143.314559,47.985036,120.371072,111.867907,False,False,False,False
NIPPON_STEEL_JP,Nippon Steel,CAND-7BA4793B4CD2AC,P2,PORT-05EE518306D9,2,2,True,105.279009,28.501173,82.335522,71.763282,False,False,False,False
NIPPON_STEEL_JP,Nippon Steel,CAND-7C97E5CB4322B2,P3,PORT-A38E7AB93504,2,1,False,64.835729,16.355155,41.892242,30.098709,False,False,False,False
NIPPON_STEEL_JP,Nippon Steel,CAND-7F68777647A3B1,P1,PORT-7F141003EFD9,2,2,True,125.396636,42.341686,102.453149,93.036522,False,False,False,False
NIPPON_STEEL_JP,Nippon Steel,CAND-7F997B0F0381A1,P1,PORT-85B082834E97,2,1,False,43.922363,17.035335,20.978876,9.092434,False,False,False,False
NIPPON_STEEL_JP,Nippon Steel,CAND-87B9435721978E,P1,PORT-5CFD50239439,2,1,False,23.708063,11.747812,0.764576,-11.870792,False,False,False,False
NIPPON_STEEL_JP,Nippon Steel,CAND-8A32EE77ABBE07,P1,PORT-0ACD636A8AEE,2,1,False,61.045279,22.512752,38.101792,26.748794,False,False,False,False
NIPPON_STEEL_JP,Nippon Steel,CAND-91BB5A02A7A61F,P2,PORT-42FD0857B83C,2,1,False,77.873324,24.565552,54.929837,43.325637,False,False,False,False
NIPPON_STEEL_JP,Nippon Steel,CAND-97FAAFFD87E907,P1,PORT-160DD6C4A97F,2,1,False,47.012048,18.369985,24.068561,12.03428,False,False,False,False
NIPPON_STEEL_JP,Nippon Steel,CAND-9EF16DBB46004F,P1,PORT-833EEC5002A6,2,1,False,50.554084,19.79515,27.610597,15.741642,False,False,False,False
NIPPON_STEEL_JP,Nippon Steel,CAND-B22DEBDE0F4599,P1,PORT-9961527CE1F4,2,1,False,69.875089,26.822869,46.931602,35.846774,False,False,False,False
NIPPON_STEEL_JP,Nippon Steel,CAND-BB1980A1B6CB5D,P1,PORT-0650AB6C64AE,2,1,False,77.344198,27.828842,54.400711,43.903553,False,False,False,False
NIPPON_STEEL_JP,Nippon Steel,CAND-BCE0067D428D60,P2,PORT-00B029BF7478,2,2,True,96.408253,29.977615,73.464766,63.191817,False,False,False,False
NIPPON_STEEL_JP,Nippon Steel,CAND-BE3632C0C6EBCB,P1,PORT-28AC80454322,2,1,False,73.169037,26.658813,50.22555,39.548321,False,False,False,False
NIPPON_STEEL_JP,Nippon Steel,CAND-BF06102F6003FE,P2,PORT-7CA9F3BA0776,2,2,True,139.675953,40.794769,116.732466,107.335414,False,False,False,False
NIPPON_STEEL_JP,Nippon Steel,CAND-BF076556907246,P1,PORT-10D90F59290D,2,1,False,51.245341,19.592254,28.301854,16.37786,False,False,False,False
NIPPON_STEEL_JP,Nippon Steel,CAND-C0EAED81BD41EE,P1,PORT-42FD0857B83C,2,1,False,79.616806,28.850824,56.673319,45.298057,False,False,False,False
NIPPON_STEEL_JP,Nippon Steel,CAND-C1AAA9A0078119,P1,PORT-9E76B3BFF9FF,2,2,True,93.775174,33.070391,70.831687,60.600683,False,False,False,False
NIPPON_STEEL_JP,Nippon Steel,CAND-C4C9319CE1829D,P2,PORT-7F141003EFD9,2,2,True,122.067589,35.838534,99.124102,89.054242,False,False,False,False
NIPPON_STEEL_JP,Nippon Steel,CAND-C51D410B54BFD5,P3,PORT-5DE4D9A04480,2,2,True,104.027772,26.00722,81.084285,70.023668,False,False,False,False
NIPPON_STEEL_JP,Nippon Steel,CAND-CA2E4138D9BC07,P1,PORT-05EE518306D9,2,2,True,108.229281,33.774026,85.285794,75.182213,False,False,False,False
NIPPON_STEEL_JP,Nippon Steel,CAND-CDFE2587E5584F,P4,PORT-34AD95AD1263,2,1,False,100.964476,16.672628,78.020989,65.954876,False,False,False,False
NIPPON_STEEL_JP,Nippon Steel,CAND-D42C7F372720F7,P3,PORT-92BAA222AC4A,2,1,False,65.322203,16.896772,42.378716,30.65413,False,False,False,False
NIPPON_STEEL_JP,Nippon Steel,CAND-D5FFDB7EE708DF,P1,PORT-FFBC6AEA16BA,2,1,False,52.665047,20.092013,29.72156,18.031716,False,False,False,False
NIPPON_STEEL_JP,Nippon Steel,CAND-D862A4AE5F72FA,P3,PORT-93BA44A86FDE,2,2,True,122.668698,29.881176,99.725211,88.847693,False,False,False,False
NIPPON_STEEL_JP,Nippon Steel,CAND-E305EEE782C913,P1,PORT-A38E7AB93504,2,1,False,68.417847,24.329031,45.47436,34.410713,False,False,False,False
NIPPON_STEEL_JP,Nippon Steel,CAND-E6E6E810AB390A,P1,PORT-20A3A9F442CD,2,1,False,52.153706,20.33134,29.210219,17.424709,False,False,False,False
NIPPON_STEEL_JP,Nippon Steel,CAND-EBD30C485CEFDA,P2,PORT-9E76B3BFF9FF,2,2,True,91.375601,27.959499,68.432114,57.702344,False,False,False,False
NIPPON_STEEL_JP,Nippon Steel,CAND-EBFD77804A64A5,P3,PORT-7CA9F3BA0776,2,2,True,134.495905,31.63034,111.552418,100.828556,False,False,False,False
NIPPON_STEEL_JP,Nippon Steel,CAND-EF9F86F64A1C2A,P3,PORT-00B029BF7478,2,2,True,93.320915,23.324584,70.377428,59.313077,False,False,False,False
NIPPON_STEEL_JP,Nippon Steel,CAND-F6184286A4322F,P2,PORT-6742936593A9,2,2,True,84.182695,26.753206,61.239208,50.174286,False,False,False,False
NIPPON_STEEL_JP,Nippon Steel,CAND-F940A5016FE44E,P1,PORT-00B029BF7478,2,2,True,98.61078,35.182156,75.667293,65.900992,False,False,False,False
NIPPON_STEEL_JP,Nippon Steel,CAND-FCEB78D7C5F4C6,P1,PORT-7DCD4991144C,2,1,False,22.943487,13.11021,0.0,-12.509534,False,False,False,False
POSCO_KR,POSCO,CAND-00B5592B22DA24,P4,PORT-66E75B54664A,2,2,True,96.428379,15.181386,86.679585,75.551977,False,False,False,False
POSCO_KR,POSCO,CAND-014834EFF571CA,P2,PORT-26982033AA0F,2,0,False,116.903642,31.285269,107.154848,97.836715,False,False,False,False
POSCO_KR,POSCO,CAND-022C4C9D65C291,P2,PORT-3D4DF75A91D4,2,1,False,133.681082,35.456672,123.932288,114.599649,False,False,False,False
POSCO_KR,POSCO,CAND-03F5DDC22322D9,P1,PORT-2E4122B1D61A,2,0,False,149.508025,43.266653,139.759231,131.922865,False,False,False,False
POSCO_KR,POSCO,CAND-0792E2DF105A73,P5,PORT-C07B5FF15869,2,1,False,124.58571,10.618095,114.836916,102.293128,False,False,False,False
POSCO_KR,POSCO,CAND-0A4190A420448F,P1,PORT-92AEBEABC7A8,2,1,False,73.139588,24.985576,63.390794,52.939222,False,False,False,False
POSCO_KR,POSCO,CAND-0B0DF7CC24CCF4,P3,PORT-7DC46150E6EE,2,0,False,113.502192,24.914045,103.753398,93.375539,False,False,False,False
POSCO_KR,POSCO,CAND-0BE357EA5504BE,P2,PORT-4FCB78A64B21,2,1,False,44.49414,16.925783,34.745346,23.051185,False,False,False,False
POSCO_KR,POSCO,CAND-0CC63FAC54D3C0,P2,PORT-A620DB8F058C,2,2,True,80.51274,25.580225,70.763946,60.199795,False,False,False,False
POSCO_KR,POSCO,CAND-0CC93D992FF190,P3,PORT-531039DEA968,2,1,False,93.583128,21.739069,83.834334,73.106669,False,False,False,False
POSCO_KR,POSCO,CAND-0D9DBFAFAC1A93,P2,PORT-1CB3B12B9B60,2,1,False,125.766401,30.903212,116.017607,106.852669,False,False,False,False
POSCO_KR,POSCO,CAND-0F7926E25C7DDC,P2,PORT-B0374F687394,2,1,False,58.750038,18.571578,49.001244,38.074087,False,False,False,False
POSCO_KR,POSCO,CAND-11A200804B1E4C,P1,PORT-9341B5E9E1AE,2,0,False,11.20726,9.05571,1.458466,-10.948433,False,False,False,False
POSCO_KR,POSCO,CAND-1205E8D72A4654,P3,PORT-A620DB8F058C,2,2,True,77.830228,20.080962,68.081434,56.981625,False,False,False,False
POSCO_KR,POSCO,CAND-12C017BA38B922,P1,PORT-D42DEB3BDB60,2,1,False,49.696618,19.126661,39.947824,28.930027,False,False,False,False
POSCO_KR,POSCO,CAND-13A3A87B46A419,P4,PORT-C9ABA0ED93B4,2,1,False,85.636125,12.753775,75.887331,64.275093,False,False,False,False
POSCO_KR,POSCO,CAND-1452ABFC21BA3C,P3,PORT-2E4122B1D61A,2,0,False,140.558336,28.908198,130.809542,120.798884,False,False,False,False
POSCO_KR,POSCO,CAND-149176B54DA5B1,P2,PORT-58F96F629E32,2,1,False,48.739359,17.158492,38.990565,27.930867,False,False,False,False
POSCO_KR,POSCO,CAND-16671384F832DB,P4,PORT-A7B7FDCF1108,2,1,False,138.943973,19.606196,129.195179,118.055905,False,False,False,False
POSCO_KR,POSCO,CAND-16DADA55DF87CF,P2,PORT-F7156CC53AF8,2,0,False,125.992955,32.222345,116.244161,106.776978,False,False,False,False
POSCO_KR,POSCO,CAND-19A0EC6A18A011,P1,PORT-0EE037EBD6C8,2,0,False,117.463032,35.213939,107.714238,98.879081,False,False,False,False
POSCO_KR,POSCO,CAND-19C362AB4D3239,P1,PORT-CA761749FFB1,2,1,False,61.460118,22.668815,51.711324,40.866849,False,False,False,False
POSCO_KR,POSCO,CAND-1F4761E26DC6B1,P2,PORT-15CB4F8207C5,2,1,False,137.873683,37.445275,128.124889,119.25385,False,False,False,False
POSCO_KR,POSCO,CAND-25E596C7BBF514,P1,PORT-2038E8D6C481,2,1,False,73.064116,23.915748,63.315322,52.37437,False,False,False,False
POSCO_KR,POSCO,CAND-2775122CBD1438,P1,PORT-34425DFA5633,2,1,False,54.437195,20.294736,44.688401,33.642744,False,False,False,False
POSCO_KR,POSCO,CAND-27EB06146B7A52,P3,PORT-13C60822C05B,2,1,False,88.317654,19.026794,78.56886,67.800298,False,False,False,False
POSCO_KR,POSCO,CAND-2EAFEFF65EF371,P1,PORT-39601EAF8865,2,1,False,60.908303,23.329566,51.159509,39.96492,False,False,False,False
POSCO_KR,POSCO,CAND-2F5D03A613EDBE,P1,PORT-0E469489028A,2,1,False,9.748794,9.33506,0.0,-12.260397,False,False,False,False
POSCO_KR,POSCO,CAND-2FCEDED2C189C1,P4,PORT-08632101CCF5,2,1,False,64.443336,11.356388,54.694542,43.215654,False,False,False,False
POSCO_KR,POSCO,CAND-3C2E939294CFA6,P1,PORT-0DA980ACBA29,2,1,False,55.646696,21.036717,45.897902,35.358131,False,False,False,False
POSCO_KR,POSCO,CAND-44C957BBFA61A4,P1,PORT-96133A6427FE,2,2,True,72.549757,23.44272,62.800963,52.56548,False,False,False,False
POSCO_KR,POSCO,CAND-455C0CE17360E6,P1,PORT-DE64C6FAC717,2,1,False,11.804144,11.687782,2.05535,-10.628645,False,False,False,False
POSCO_KR,POSCO,CAND-466C04961ED513,P2,PORT-7ED23B40E316,2,1,False,32.712705,13.119714,22.963911,11.481955,False,False,False,False
POSCO_KR,POSCO,CAND-4EF614D30D6D91,P2,PORT-96133A6427FE,2,2,True,70.796393,20.091093,61.047599,50.493484,False,False,False,False
POSCO_KR,POSCO,CAND-6339E6B83A8408,P3,PORT-8826D0B469EE,2,2,True,62.948845,16.538845,53.200051,41.914949,True,True,True,False
POSCO_KR,POSCO,CAND-63781C106D5099,P1,PORT-41705C04BF44,2,1,False,11.10114,8.252401,1.352346,-10.841316,False,False,False,False
POSCO_KR,POSCO,CAND-688976C946D330,P1,PORT-B0374F687394,2,1,False,60.184866,21.655055,50.436072,39.855336,False,False,False,False
POSCO_KR,POSCO,CAND-717F18DFAF78F1,P4,PORT-C68307188813,2,1,False,94.405813,14.176927,84.657019,73.108028,False,False,False,False
POSCO_KR,POSCO,CAND-720A05CD8AE3E2,P1,PORT-802EEF341C7A,2,1,False,39.561558,18.004565,29.812764,18.501745,False,False,False,False
POSCO_KR,POSCO,CAND-78797020DAE1ED,P1,PORT-13C60822C05B,2,1,False,94.029134,28.463514,84.28034,74.723775,False,False,False,False
POSCO_KR,POSCO,CAND-7BC738434560A6,P1,PORT-7ED23B40E316,2,1,False,33.429137,15.420152,23.680343,12.243251,False,False,False,False
POSCO_KR,POSCO,CAND-7D117A922A194C,P5,PORT-66E75B54664A,2,2,True,91.963677,8.474827,82.214883,69.924673,True,False,False,True
POSCO_KR,POSCO,CAND-7D54A929A881B5,P2,PORT-34425DFA5633,2,1,False,53.392074,17.323087,43.64328,32.411508,False,False,False,False
POSCO_KR,POSCO,CAND-82FF2AA13BA34C,P2,PORT-8826D0B469EE,2,2,True,64.785236,20.782541,55.036442,44.168723,False,False,False,False
POSCO_KR,POSCO,CAND-921D50D4015721,P3,PORT-96133A6427FE,2,2,True,68.331577,15.83617,58.582783,47.505604,True,False,False,False
POSCO_KR,POSCO,CAND-92409F72DEE5B3,P1,PORT-58F96F629E32,2,1,False,49.595168,20.000604,39.846374,29.084498,False,False,False,False
POSCO_KR,POSCO,CAND-9863577C4A48D7,P2,PORT-CEF57596D771,2,1,False,38.38991,14.264357,28.641116,17.289524,False,False,False,False
POSCO_KR,POSCO,CAND-9DAADB965AABF6,P2,PORT-2038E8D6C481,2,1,False,71.351165,20.517236,61.602371,50.347369,False,False,False,False
POSCO_KR,POSCO,CAND-9F98CFC8518527,P2,PORT-13C60822C05B,2,1,False,91.632843,24.262338,81.884049,71.870274,False,False,False,False
POSCO_KR,POSCO,CAND-A6713428AA1463,P1,PORT-077F7C54FB04,2,2,True,101.576156,33.78188,91.827362,82.591128,False,False,False,False
POSCO_KR,POSCO,CAND-B90A406E3BDA97,P2,PORT-D42DEB3BDB60,2,1,False,48.6579,16.346655,38.909106,27.730156,False,False,False,False
POSCO_KR,POSCO,CAND-BBFDE735F87B40,P1,PORT-7827D72F6A22,2,1,False,45.447312,18.176812,35.698518,24.241084,False,False,False,False
POSCO_KR,POSCO,CAND-BEF797E7835E02,P2,PORT-7827D72F6A22,2,1,False,44.539173,15.508371,34.790379,23.20846,False,False,False,False
POSCO_KR,POSCO,CAND-C5C95C9095B035,P2,PORT-0DA980ACBA29,2,1,False,54.235201,18.094308,44.486407,33.654148,False,False,False,False
POSCO_KR,POSCO,CAND-C8332513BB985B,P2,PORT-CA761749FFB1,2,1,False,60.182392,19.498308,50.433598,39.327182,False,False,False,False
POSCO_KR,POSCO,CAND-C9724A8933A429,P1,PORT-8826D0B469EE,2,2,True,66.077707,24.223235,56.328913,45.696716,False,False,False,False
POSCO_KR,POSCO,CAND-CD94A69F094896,P2,PORT-8378A8ACBA64,2,1,False,60.983034,19.983563,51.23424,40.334221,False,False,False,False
POSCO_KR,POSCO,CAND-D474BBC66D4C3C,P1,PORT-CEF57596D771,2,1,False,39.252275,16.789015,29.503481,18.236767,False,False,False,False
POSCO_KR,POSCO,CAND-DA7B74C24222D6,P2,PORT-802EEF341C7A,2,1,False,38.92792,15.374188,29.179126,17.692477,False,False,False,False
POSCO_KR,POSCO,CAND-DDC1E605504409,P3,PORT-077F7C54FB04,2,2,True,96.106271,22.557371,86.357477,75.81767,False,False,False,False
POSCO_KR,POSCO,CAND-E3FBD935777392,P2,PORT-077F7C54FB04,2,2,True,99.312509,28.89038,89.563715,79.794877,False,False,False,False
POSCO_KR,POSCO,CAND-E5548226AF9F6B,P2,PORT-39601EAF8865,2,1,False,59.855717,20.280228,50.106923,38.632225,False,False,False,False
POSCO_KR,POSCO,CAND-F43ACAB6E7F085,P1,PORT-4FCB78A64B21,2,1,False,45.336099,19.788766,35.587305,24.016058,False,False,False,False
POSCO_KR,POSCO,CAND-F5CF3CBE63EF2D,P1,PORT-A620DB8F058C,2,2,True,82.378555,29.865118,72.629761,62.414718,False,False,False,False
